user_id,user_role,state,city,landmark_id,budget_min,budget_max,preferred_room_type,preferred_sharing_type,preferred_gender,ac_preference,food_preference,wifi_preference,bike_parking_preference,car_parking_preference,laundry_preference,power_backup_preference,geyser_preference,furnished_preference
U0001,Student,Maharashtra,Navi Mumbai,LM0097,11300,16900,Private,Single,Girls,Required,Required,Preferred,Not Required,Not Required,Required,Required,Required,Any
U0002,Student,Maharashtra,Chhatrapati Sambhajinagar,LM0086,10100,12800,Private,Single,Boys,Preferred,Required,Preferred,Preferred,Not Required,Preferred,Preferred,Required,Any
U0003,Working Professional,Maharashtra,Kolhapur,LM0091,13800,18900,Private,Single,Boys,Required,Required,Required,Required,Required,Preferred,Required,Preferred,Fully Furnished
U0004,Working Professional,Maharashtra,Pune,LM0063,8800,14100,Dormitory,Dormitory,Girls,Required,Required,Preferred,Preferred,Required,Preferred,Required,Required,Any
U0005,Student,Maharashtra,Navi Mumbai,LM0097,6900,11400,Shared,Double,Girls,Not Required,Required,Required,Preferred,Preferred,Preferred,Preferred,Preferred,Semi Furnished
U0006,Working Professional,Gujarat,Surat,LM0015,14800,18600,Shared,Double,Girls,Required,Required,Preferred,Preferred,Preferred,Required,Not Required,Required,Fully Furnished
U0007,Student,Gujarat,Ahmedabad,LM0008,5700,7900,Private,Double,Coed,Not Required,Required,Required,Not Required,Not Required,Preferred,Preferred,Required,Any
U0008,Student,Maharashtra,Navi Mumbai,LM0098,6700,12000,Shared,Double,Boys,Not Required,Required,Preferred,Required,Not Required,Preferred,Required,Required,Any
U0009,Student,Maharashtra,Navi Mumbai,LM0095,4300,8200,Dormitory,Dormitory,Girls,Preferred,Preferred,Preferred,Required,Preferred,Preferred,Preferred,Preferred,Semi Furnished
U0010,Working Professional,Maharashtra,Nashik,LM0081,14000,17000,Shared,Double,Boys,Preferred,Not Required,Required,Required,Required,Required,Preferred,Required,Fully Furnished
U0011,Working Professional,Maharashtra,Mumbai,LM0050,16800,18800,Private,Single,Boys,Required,Preferred,Preferred,Preferred,Preferred,Preferred,Required,Not Required,Semi Furnished
U0012,Working Professional,Maharashtra,Pune,LM0065,6800,8900,Dormitory,Dormitory,Boys,Preferred,Preferred,Required,Preferred,Required,Not Required,Preferred,Required,Fully Furnished
U0013,Working Professional,Gujarat,Vadodara,LM0021,14600,17900,Private,Double,Boys,Required,Preferred,Required,Required,Preferred,Preferred,Required,Required,Fully Furnished
U0014,Student,Gujarat,Nadiad,LM0046,5300,7700,Shared,Double,Coed,Required,Required,Preferred,Not Required,Not Required,Not Required,Preferred,Not Required,Fully Furnished
U0015,Working Professional,Gujarat,Anand,LM0042,4100,7800,Shared,Triple,Boys,Not Required,Preferred,Preferred,Required,Not Required,Not Required,Required,Required,Fully Furnished
U0016,Working Professional,Maharashtra,Mumbai,LM0053,11400,15500,Private,Double,Coed,Preferred,Preferred,Preferred,Required,Required,Not Required,Not Required,Required,Semi Furnished
U0017,Student,Gujarat,Ahmedabad,LM0009,10800,16800,Private,Single,Coed,Not Required,Required,Not Required,Required,Not Required,Not Required,Preferred,Preferred,Any
U0018,Working Professional,Gujarat,Anand,LM0041,6700,11300,Shared,Double,Girls,Preferred,Preferred,Required,Preferred,Required,Required,Required,Required,Fully Furnished
U0019,Student,Maharashtra,Navi Mumbai,LM0099,7200,12600,Private,Double,Boys,Required,Preferred,Required,Not Required,Preferred,Required,Preferred,Required,Any
U0020,Student,Gujarat,Rajkot,LM0027,2900,7600,Dormitory,Dormitory,Coed,Not Required,Preferred,Required,Required,Not Required,Not Required,Preferred,Required,Semi Furnished
U0021,Working Professional,Gujarat,Nadiad,LM0048,8200,11600,Private,Single,Girls,Required,Required,Required,Preferred,Preferred,Required,Required,Required,Any
U0022,Student,Gujarat,Vadodara,LM0022,4900,8500,Shared,Triple,Girls,Not Required,Preferred,Required,Preferred,Preferred,Preferred,Preferred,Required,Any
U0023,Working Professional,Maharashtra,Kolhapur,LM0090,4500,7100,Shared,Triple,Boys,Required,Required,Preferred,Preferred,Required,Required,Required,Required,Unfurnished
U0024,Working Professional,Maharashtra,Mumbai,LM0050,15800,21400,Shared,Double,Boys,Not Required,Preferred,Preferred,Required,Required,Preferred,Required,Required,Fully Furnished
U0025,Working Professional,Maharashtra,Navi Mumbai,LM0096,13100,18600,Shared,Double,Boys,Required,Required,Required,Preferred,Not Required,Preferred,Required,Required,Unfurnished
U0026,Working Professional,Gujarat,Gandhinagar,LM0032,5300,9800,Shared,Double,Coed,Required,Preferred,Preferred,Preferred,Not Required,Not Required,Required,Required,Fully Furnished
U0027,Working Professional,Maharashtra,Pune,LM0071,21000,22700,Private,Single,Girls,Preferred,Preferred,Required,Preferred,Not Required,Required,Preferred,Required,Any
U0028,Student,Maharashtra,Nagpur,LM0075,3700,7300,Dormitory,Dormitory,Girls,Preferred,Required,Required,Preferred,Not Required,Required,Required,Preferred,Any
U0029,Working Professional,Maharashtra,Mumbai,LM0056,5600,7800,Dormitory,Dormitory,Girls,Required,Preferred,Required,Not Required,Not Required,Preferred,Preferred,Required,Fully Furnished
U0030,Student,Gujarat,Vadodara,LM0020,8200,12800,Shared,Double,Girls,Preferred,Required,Preferred,Required,Not Required,Required,Preferred,Preferred,Any
U0031,Student,Maharashtra,Mumbai,LM0058,17100,20600,Private,Double,Coed,Not Required,Required,Required,Not Required,Preferred,Preferred,Preferred,Preferred,Any
U0032,Student,Gujarat,Ahmedabad,LM0001,10900,16700,Private,Double,Boys,Preferred,Preferred,Required,Preferred,Preferred,Preferred,Required,Preferred,Fully Furnished
U0033,Working Professional,Gujarat,Ahmedabad,LM0005,14300,19200,Private,Single,Coed,Preferred,Required,Preferred,Preferred,Required,Required,Preferred,Not Required,Semi Furnished
U0034,Working Professional,Gujarat,Vadodara,LM0020,7900,13500,Shared,Double,Boys,Required,Preferred,Required,Preferred,Required,Required,Preferred,Required,Any
U0035,Student,Maharashtra,Pune,LM0070,19100,21800,Private,Single,Girls,Preferred,Preferred,Preferred,Required,Preferred,Required,Required,Required,Semi Furnished
U0036,Student,Gujarat,Surat,LM0019,9600,11700,Shared,Double,Boys,Required,Required,Not Required,Required,Not Required,Preferred,Preferred,Preferred,Fully Furnished
U0037,Working Professional,Gujarat,Nadiad,LM0046,10800,15700,Private,Single,Girls,Required,Preferred,Required,Not Required,Preferred,Required,Required,Required,Semi Furnished
U0038,Student,Maharashtra,Pune,LM0066,6800,10700,Dormitory,Dormitory,Girls,Required,Preferred,Preferred,Required,Not Required,Required,Required,Not Required,Unfurnished
U0039,Working Professional,Maharashtra,Navi Mumbai,LM0098,5200,9200,Dormitory,Dormitory,Coed,Preferred,Not Required,Required,Required,Preferred,Preferred,Required,Required,Fully Furnished
U0040,Student,Maharashtra,Nagpur,LM0074,9000,11100,Shared,Double,Girls,Required,Required,Preferred,Preferred,Required,Required,Required,Preferred,Semi Furnished
U0041,Student,Maharashtra,Pune,LM0072,8000,11600,Shared,Triple,Girls,Required,Required,Preferred,Preferred,Preferred,Required,Required,Not Required,Fully Furnished
U0042,Working Professional,Maharashtra,Mumbai,LM0052,15300,19900,Private,Single,Boys,Required,Required,Not Required,Preferred,Required,Not Required,Required,Preferred,Fully Furnished
U0043,Working Professional,Maharashtra,Mumbai,LM0053,22200,26700,Shared,Double,Girls,Required,Required,Preferred,Not Required,Not Required,Not Required,Preferred,Required,Fully Furnished
U0044,Student,Gujarat,Bhavnagar,LM0036,4300,7100,Private,Double,Girls,Preferred,Required,Required,Required,Preferred,Required,Not Required,Required,Any
U0045,Student,Maharashtra,Mumbai,LM0054,16100,19300,Private,Double,Coed,Not Required,Required,Required,Preferred,Preferred,Preferred,Preferred,Required,Fully Furnished
U0046,Working Professional,Gujarat,Ahmedabad,LM0003,6700,9500,Dormitory,Dormitory,Boys,Required,Not Required,Preferred,Not Required,Required,Required,Required,Not Required,Semi Furnished
U0047,Student,Maharashtra,Navi Mumbai,LM0098,6500,9600,Shared,Triple,Boys,Not Required,Required,Required,Required,Preferred,Required,Required,Preferred,Semi Furnished
U0048,Working Professional,Maharashtra,Kolhapur,LM0089,5000,9000,Shared,Triple,Girls,Preferred,Required,Required,Preferred,Required,Required,Required,Not Required,Semi Furnished
U0049,Working Professional,Maharashtra,Mumbai,LM0056,16800,21200,Shared,Double,Boys,Required,Required,Required,Preferred,Preferred,Required,Preferred,Preferred,Semi Furnished
U0050,Working Professional,Maharashtra,Mumbai,LM0049,11600,14000,Dormitory,Dormitory,Girls,Required,Not Required,Preferred,Required,Preferred,Preferred,Not Required,Required,Any
U0051,Student,Gujarat,Gandhinagar,LM0032,3200,6400,Dormitory,Dormitory,Boys,Preferred,Preferred,Required,Preferred,Preferred,Preferred,Required,Required,Semi Furnished
U0052,Student,Gujarat,Jamnagar,LM0038,5500,7900,Shared,Triple,Boys,Required,Required,Required,Required,Not Required,Preferred,Required,Required,Any
U0053,Student,Gujarat,Ahmedabad,LM0004,9200,13300,Shared,Double,Coed,Not Required,Preferred,Required,Preferred,Preferred,Preferred,Required,Required,Semi Furnished
U0054,Student,Maharashtra,Pune,LM0061,17200,19800,Private,Single,Boys,Required,Preferred,Preferred,Required,Not Required,Required,Required,Preferred,Fully Furnished
U0055,Student,Maharashtra,Chhatrapati Sambhajinagar,LM0087,12500,18200,Private,Single,Girls,Not Required,Required,Required,Preferred,Not Required,Required,Required,Preferred,Fully Furnished
U0056,Working Professional,Gujarat,Ahmedabad,LM0009,23100,28800,Private,Single,Girls,Required,Required,Preferred,Preferred,Required,Required,Preferred,Preferred,Any
U0057,Working Professional,Maharashtra,Mumbai,LM0060,18300,22000,Private,Double,Boys,Preferred,Required,Preferred,Preferred,Preferred,Required,Preferred,Not Required,Semi Furnished
U0058,Student,Gujarat,Vadodara,LM0024,11700,15900,Private,Single,Girls,Preferred,Required,Not Required,Not Required,Not Required,Preferred,Required,Required,Any
U0059,Student,Gujarat,Ahmedabad,LM0001,6100,9000,Shared,Triple,Boys,Required,Required,Required,Required,Preferred,Required,Required,Preferred,Any
U0060,Student,Maharashtra,Pune,LM0072,11600,13600,Private,Double,Girls,Not Required,Preferred,Required,Required,Not Required,Required,Not Required,Preferred,Semi Furnished
U0061,Working Professional,Maharashtra,Nagpur,LM0073,9500,13400,Shared,Double,Boys,Required,Preferred,Required,Preferred,Required,Preferred,Required,Not Required,Fully Furnished
U0062,Working Professional,Maharashtra,Mumbai,LM0053,27300,30600,Private,Single,Girls,Preferred,Not Required,Required,Preferred,Preferred,Required,Preferred,Required,Fully Furnished
U0063,Student,Gujarat,Gandhinagar,LM0030,6900,9700,Shared,Double,Girls,Required,Required,Required,Preferred,Not Required,Required,Preferred,Preferred,Semi Furnished
U0064,Student,Maharashtra,Nashik,LM0080,6800,11300,Shared,Double,Coed,Required,Required,Required,Not Required,Not Required,Required,Required,Required,Semi Furnished
U0065,Working Professional,Maharashtra,Nagpur,LM0077,22400,27500,Private,Single,Boys,Preferred,Required,Required,Preferred,Required,Preferred,Required,Preferred,Fully Furnished
U0066,Working Professional,Maharashtra,Thane,LM0083,5300,7600,Dormitory,Dormitory,Girls,Required,Preferred,Required,Required,Required,Required,Required,Required,Fully Furnished
U0067,Student,Maharashtra,Kolhapur,LM0090,10400,15700,Private,Single,Boys,Required,Required,Required,Not Required,Not Required,Preferred,Preferred,Preferred,Fully Furnished
U0068,Working Professional,Maharashtra,Thane,LM0083,9300,14100,Shared,Double,Boys,Preferred,Preferred,Required,Preferred,Required,Preferred,Preferred,Not Required,Semi Furnished
U0069,Working Professional,Gujarat,Surat,LM0017,9500,12600,Private,Single,Coed,Required,Required,Preferred,Preferred,Preferred,Preferred,Preferred,Required,Semi Furnished
U0070,Student,Gujarat,Anand,LM0041,5000,7000,Shared,Double,Girls,Required,Required,Preferred,Preferred,Required,Preferred,Preferred,Required,Fully Furnished
U0071,Working Professional,Gujarat,Rajkot,LM0029,7900,10000,Shared,Double,Coed,Preferred,Preferred,Required,Not Required,Preferred,Preferred,Preferred,Preferred,Semi Furnished
U0072,Working Professional,Maharashtra,Thane,LM0085,11200,15800,Shared,Triple,Girls,Preferred,Not Required,Preferred,Preferred,Preferred,Preferred,Preferred,Required,Semi Furnished
U0073,Working Professional,Maharashtra,Mumbai,LM0058,15200,19400,Shared,Double,Coed,Preferred,Required,Required,Required,Not Required,Not Required,Preferred,Required,Semi Furnished
U0074,Working Professional,Gujarat,Ahmedabad,LM0003,17300,19500,Private,Single,Girls,Preferred,Not Required,Required,Preferred,Not Required,Preferred,Preferred,Required,Any
U0075,Student,Maharashtra,Chhatrapati Sambhajinagar,LM0088,4500,10000,Shared,Triple,Girls,Required,Required,Required,Required,Not Required,Preferred,Required,Required,Any
U0076,Student,Maharashtra,Mumbai,LM0055,7700,9600,Dormitory,Dormitory,Boys,Preferred,Not Required,Required,Preferred,Preferred,Not Required,Required,Preferred,Any
U0077,Student,Maharashtra,Pune,LM0066,15800,20900,Shared,Double,Girls,Preferred,Required,Required,Preferred,Required,Required,Not Required,Preferred,Semi Furnished
U0078,Working Professional,Gujarat,Gandhinagar,LM0031,7200,9400,Shared,Double,Boys,Preferred,Required,Required,Required,Not Required,Required,Required,Required,Any
U0079,Working Professional,Maharashtra,Solapur,LM0094,12500,14700,Private,Single,Girls,Required,Preferred,Required,Required,Preferred,Required,Preferred,Preferred,Any
U0080,Working Professional,Maharashtra,Pune,LM0066,16100,18000,Private,Single,Girls,Required,Preferred,Required,Preferred,Not Required,Preferred,Required,Preferred,Any
U0081,Working Professional,Maharashtra,Pune,LM0071,21900,23500,Shared,Double,Boys,Required,Required,Preferred,Required,Preferred,Required,Required,Required,Any
U0082,Working Professional,Maharashtra,Mumbai,LM0056,31000,34900,Private,Single,Girls,Preferred,Preferred,Required,Not Required,Preferred,Preferred,Required,Required,Any
U0083,Student,Maharashtra,Pune,LM0070,14500,19600,Private,Double,Boys,Preferred,Required,Not Required,Required,Not Required,Not Required,Required,Preferred,Fully Furnished
U0084,Working Professional,Maharashtra,Mumbai,LM0053,23100,27300,Shared,Double,Boys,Preferred,Preferred,Preferred,Preferred,Required,Not Required,Required,Required,Fully Furnished
U0085,Working Professional,Gujarat,Jamnagar,LM0037,12400,14200,Private,Single,Boys,Required,Required,Required,Not Required,Not Required,Preferred,Required,Preferred,Any
U0086,Student,Maharashtra,Mumbai,LM0057,15300,17300,Shared,Triple,Boys,Preferred,Required,Preferred,Preferred,Preferred,Preferred,Required,Preferred,Semi Furnished
U0087,Student,Maharashtra,Nashik,LM0079,10100,13100,Shared,Double,Coed,Required,Required,Required,Required,Not Required,Preferred,Preferred,Required,Semi Furnished
U0088,Student,Maharashtra,Solapur,LM0093,4500,8300,Private,Double,Girls,Preferred,Required,Preferred,Preferred,Required,Preferred,Required,Preferred,Any
U0089,Working Professional,Gujarat,Mehsana,LM0044,3900,5600,Shared,Triple,Boys,Required,Preferred,Preferred,Not Required,Not Required,Required,Preferred,Required,Semi Furnished
U0090,Student,Gujarat,Surat,LM0013,8400,11800,Shared,Triple,Coed,Not Required,Required,Required,Not Required,Required,Not Required,Preferred,Required,Semi Furnished
U0091,Student,Maharashtra,Nashik,LM0081,9900,12300,Private,Double,Coed,Preferred,Required,Required,Preferred,Not Required,Not Required,Not Required,Preferred,Semi Furnished
U0092,Working Professional,Maharashtra,Mumbai,LM0052,23500,26100,Private,Double,Boys,Preferred,Not Required,Required,Required,Not Required,Not Required,Required,Required,Semi Furnished
U0093,Student,Gujarat,Ahmedabad,LM0006,9600,13100,Private,Single,Girls,Required,Required,Required,Preferred,Not Required,Required,Not Required,Required,Semi Furnished
U0094,Working Professional,Maharashtra,Navi Mumbai,LM0095,8500,13500,Shared,Triple,Girls,Not Required,Not Required,Required,Not Required,Not Required,Required,Preferred,Required,Fully Furnished
U0095,Student,Maharashtra,Navi Mumbai,LM0095,8900,13800,Shared,Double,Girls,Required,Preferred,Preferred,Preferred,Preferred,Required,Required,Required,Fully Furnished
U0096,Working Professional,Maharashtra,Pune,LM0068,31400,33400,Private,Single,Girls,Preferred,Preferred,Required,Required,Not Required,Required,Preferred,Not Required,Any
U0097,Working Professional,Gujarat,Ahmedabad,LM0007,8100,12600,Shared,Triple,Boys,Preferred,Not Required,Not Required,Required,Preferred,Preferred,Required,Preferred,Any
U0098,Working Professional,Maharashtra,Solapur,LM0094,4900,10700,Shared,Triple,Boys,Preferred,Required,Required,Required,Required,Required,Preferred,Not Required,Fully Furnished
U0099,Student,Gujarat,Ahmedabad,LM0004,6600,9600,Shared,Triple,Girls,Required,Required,Required,Required,Not Required,Preferred,Required,Required,Semi Furnished
U0100,Working Professional,Maharashtra,Chhatrapati Sambhajinagar,LM0086,5500,10400,Shared,Double,Coed,Preferred,Preferred,Required,Required,Required,Preferred,Preferred,Preferred,Any
U0101,Working Professional,Maharashtra,Thane,LM0084,12300,13900,Shared,Double,Girls,Required,Preferred,Required,Required,Required,Required,Not Required,Preferred,Semi Furnished
U0102,Working Professional,Maharashtra,Navi Mumbai,LM0095,4700,8400,Dormitory,Dormitory,Coed,Preferred,Not Required,Required,Required,Required,Required,Required,Required,Fully Furnished
U0103,Student,Gujarat,Gandhinagar,LM0031,3800,8900,Shared,Triple,Girls,Required,Required,Required,Required,Preferred,Required,Required,Preferred,Semi Furnished
U0104,Student,Maharashtra,Pune,LM0070,20900,22700,Private,Single,Boys,Required,Required,Required,Required,Not Required,Preferred,Preferred,Required,Semi Furnished
U0105,Student,Maharashtra,Mumbai,LM0056,7100,11400,Shared,Double,Boys,Preferred,Required,Preferred,Required,Not Required,Required,Not Required,Preferred,Semi Furnished
U0106,Working Professional,Gujarat,Surat,LM0017,18800,24200,Private,Single,Girls,Required,Preferred,Required,Required,Preferred,Preferred,Required,Required,Any
U0107,Student,Gujarat,Anand,LM0042,4500,9800,Shared,Double,Girls,Required,Required,Required,Preferred,Not Required,Required,Preferred,Not Required,Semi Furnished
U0108,Student,Gujarat,Jamnagar,LM0038,10700,14200,Private,Single,Girls,Not Required,Required,Required,Required,Not Required,Preferred,Required,Not Required,Any
U0109,Student,Maharashtra,Nashik,LM0081,6700,8300,Shared,Triple,Boys,Preferred,Required,Required,Preferred,Required,Preferred,Preferred,Not Required,Semi Furnished
U0110,Working Professional,Maharashtra,Mumbai,LM0056,11500,15600,Dormitory,Dormitory,Girls,Required,Required,Preferred,Required,Required,Required,Not Required,Required,Fully Furnished
U0111,Student,Maharashtra,Navi Mumbai,LM0096,10700,13100,Shared,Double,Coed,Preferred,Not Required,Required,Preferred,Not Required,Required,Preferred,Required,Fully Furnished
U0112,Working Professional,Gujarat,Rajkot,LM0026,10300,16200,Shared,Double,Girls,Required,Required,Required,Preferred,Required,Preferred,Required,Required,Semi Furnished
U0113,Working Professional,Maharashtra,Navi Mumbai,LM0098,5500,9000,Shared,Triple,Boys,Required,Required,Preferred,Preferred,Required,Required,Required,Required,Fully Furnished
U0114,Working Professional,Gujarat,Ahmedabad,LM0007,4700,7600,Dormitory,Dormitory,Girls,Required,Not Required,Required,Not Required,Not Required,Preferred,Not Required,Required,Fully Furnished
U0115,Working Professional,Gujarat,Jamnagar,LM0039,5300,8200,Shared,Double,Girls,Required,Preferred,Required,Required,Required,Required,Preferred,Required,Any
U0116,Student,Maharashtra,Pune,LM0062,5300,7100,Dormitory,Dormitory,Girls,Required,Required,Required,Required,Not Required,Preferred,Preferred,Required,Semi Furnished
U0117,Student,Maharashtra,Mumbai,LM0052,15600,21200,Private,Double,Boys,Required,Preferred,Not Required,Preferred,Not Required,Preferred,Not Required,Required,Any
U0118,Student,Gujarat,Anand,LM0042,8400,13100,Shared,Double,Girls,Required,Preferred,Preferred,Preferred,Preferred,Preferred,Required,Required,Fully Furnished
U0119,Student,Maharashtra,Kolhapur,LM0089,5700,10500,Private,Single,Boys,Required,Required,Preferred,Not Required,Not Required,Required,Required,Required,Any
U0120,Working Professional,Maharashtra,Pune,LM0071,11600,16000,Dormitory,Dormitory,Boys,Not Required,Required,Required,Required,Required,Preferred,Required,Preferred,Fully Furnished
U0121,Student,Gujarat,Nadiad,LM0047,3600,9400,Shared,Triple,Girls,Required,Required,Required,Not Required,Not Required,Preferred,Required,Required,Semi Furnished
U0122,Working Professional,Maharashtra,Thane,LM0082,13300,18000,Shared,Double,Boys,Not Required,Preferred,Required,Not Required,Required,Preferred,Required,Required,Semi Furnished
U0123,Working Professional,Maharashtra,Pune,LM0071,16700,19800,Shared,Triple,Boys,Required,Preferred,Required,Not Required,Not Required,Preferred,Required,Required,Fully Furnished
U0124,Student,Gujarat,Ahmedabad,LM0006,12400,15900,Private,Double,Boys,Required,Preferred,Preferred,Required,Preferred,Preferred,Preferred,Required,Unfurnished
U0125,Student,Maharashtra,Pune,LM0062,18400,23200,Shared,Double,Girls,Not Required,Required,Required,Required,Preferred,Required,Required,Preferred,Semi Furnished
U0126,Student,Maharashtra,Mumbai,LM0050,9100,14600,Shared,Triple,Boys,Required,Preferred,Required,Preferred,Not Required,Preferred,Required,Required,Unfurnished
U0127,Working Professional,Gujarat,Ahmedabad,LM0002,8000,9700,Shared,Triple,Girls,Preferred,Not Required,Required,Not Required,Required,Not Required,Required,Preferred,Fully Furnished
U0128,Student,Maharashtra,Thane,LM0084,7400,11000,Shared,Double,Boys,Required,Required,Preferred,Preferred,Not Required,Not Required,Not Required,Required,Unfurnished
U0129,Working Professional,Maharashtra,Mumbai,LM0051,9100,11300,Shared,Triple,Boys,Not Required,Not Required,Required,Required,Preferred,Preferred,Preferred,Required,Fully Furnished
U0130,Working Professional,Gujarat,Surat,LM0013,13600,16500,Shared,Double,Boys,Not Required,Required,Required,Required,Required,Required,Required,Required,Semi Furnished
U0131,Working Professional,Maharashtra,Mumbai,LM0057,14200,18400,Shared,Triple,Coed,Preferred,Required,Required,Preferred,Preferred,Required,Required,Preferred,Any
U0132,Student,Gujarat,Ahmedabad,LM0004,8600,12100,Shared,Triple,Boys,Preferred,Required,Preferred,Preferred,Preferred,Required,Preferred,Required,Fully Furnished
U0133,Working Professional,Gujarat,Ahmedabad,LM0009,10000,12200,Shared,Double,Girls,Preferred,Preferred,Required,Preferred,Not Required,Not Required,Not Required,Preferred,Fully Furnished
U0134,Student,Maharashtra,Navi Mumbai,LM0099,8600,11200,Shared,Double,Boys,Preferred,Preferred,Required,Preferred,Not Required,Not Required,Required,Required,Fully Furnished
U0135,Working Professional,Gujarat,Surat,LM0013,8900,10500,Shared,Triple,Coed,Preferred,Required,Preferred,Preferred,Preferred,Required,Preferred,Required,Any
U0136,Student,Maharashtra,Mumbai,LM0058,5200,10300,Dormitory,Dormitory,Girls,Required,Required,Required,Preferred,Preferred,Required,Preferred,Required,Any
U0137,Student,Gujarat,Surat,LM0016,3800,9300,Shared,Triple,Coed,Not Required,Preferred,Preferred,Preferred,Required,Preferred,Required,Required,Fully Furnished
U0138,Student,Maharashtra,Thane,LM0085,4900,6800,Dormitory,Dormitory,Girls,Required,Preferred,Required,Not Required,Not Required,Required,Required,Required,Semi Furnished
U0139,Student,Gujarat,Vadodara,LM0021,3800,5800,Dormitory,Dormitory,Boys,Preferred,Required,Not Required,Not Required,Not Required,Required,Preferred,Preferred,Semi Furnished
U0140,Working Professional,Maharashtra,Chhatrapati Sambhajinagar,LM0087,8000,10100,Shared,Double,Boys,Required,Not Required,Required,Required,Not Required,Preferred,Required,Required,Semi Furnished
U0141,Working Professional,Gujarat,Gandhinagar,LM0032,7500,10700,Shared,Double,Coed,Required,Not Required,Required,Required,Preferred,Required,Required,Required,Semi Furnished
U0142,Student,Gujarat,Rajkot,LM0028,6400,10800,Private,Double,Girls,Not Required,Preferred,Preferred,Required,Not Required,Required,Preferred,Required,Any
U0143,Student,Maharashtra,Nagpur,LM0075,14700,16700,Private,Single,Girls,Not Required,Preferred,Preferred,Required,Required,Required,Required,Required,Any
U0144,Student,Maharashtra,Chhatrapati Sambhajinagar,LM0088,5900,10200,Private,Single,Coed,Required,Preferred,Required,Preferred,Not Required,Not Required,Required,Not Required,Fully Furnished
U0145,Working Professional,Maharashtra,Chhatrapati Sambhajinagar,LM0086,8300,10000,Shared,Triple,Boys,Required,Required,Preferred,Preferred,Not Required,Preferred,Preferred,Required,Fully Furnished
U0146,Student,Maharashtra,Pune,LM0070,15600,19600,Private,Double,Coed,Preferred,Required,Required,Preferred,Not Required,Required,Required,Required,Unfurnished
U0147,Student,Gujarat,Ahmedabad,LM0006,5800,11800,Shared,Double,Coed,Preferred,Preferred,Required,Required,Preferred,Required,Preferred,Not Required,Any
U0148,Student,Gujarat,Surat,LM0012,8600,13300,Shared,Double,Coed,Preferred,Required,Preferred,Required,Not Required,Preferred,Required,Preferred,Fully Furnished
U0149,Student,Gujarat,Ahmedabad,LM0010,3200,6700,Dormitory,Dormitory,Boys,Required,Required,Required,Not Required,Not Required,Required,Preferred,Required,Unfurnished
U0150,Working Professional,Maharashtra,Chhatrapati Sambhajinagar,LM0087,7200,12400,Private,Single,Boys,Required,Required,Preferred,Required,Not Required,Preferred,Required,Required,Any
U0151,Working Professional,Gujarat,Surat,LM0016,9900,14300,Shared,Double,Coed,Required,Required,Required,Not Required,Preferred,Preferred,Preferred,Not Required,Fully Furnished
U0152,Student,Gujarat,Ahmedabad,LM0004,9100,10800,Shared,Double,Boys,Required,Preferred,Not Required,Not Required,Required,Preferred,Required,Required,Fully Furnished
U0153,Working Professional,Maharashtra,Mumbai,LM0059,19600,22900,Shared,Double,Boys,Preferred,Not Required,Preferred,Required,Required,Required,Not Required,Required,Fully Furnished
U0154,Working Professional,Gujarat,Ahmedabad,LM0009,22000,25700,Private,Single,Boys,Required,Required,Required,Required,Preferred,Preferred,Required,Not Required,Any
U0155,Student,Gujarat,Ahmedabad,LM0010,7100,9300,Dormitory,Dormitory,Girls,Not Required,Preferred,Preferred,Required,Not Required,Preferred,Required,Required,Fully Furnished
U0156,Student,Maharashtra,Navi Mumbai,LM0095,10400,15000,Shared,Double,Boys,Preferred,Required,Preferred,Not Required,Not Required,Required,Preferred,Preferred,Semi Furnished
U0157,Student,Maharashtra,Solapur,LM0093,5200,11000,Shared,Triple,Boys,Preferred,Required,Preferred,Required,Preferred,Preferred,Required,Not Required,Semi Furnished
U0158,Student,Maharashtra,Thane,LM0082,10200,12500,Private,Double,Girls,Preferred,Preferred,Preferred,Required,Not Required,Required,Required,Required,Semi Furnished
U0159,Working Professional,Maharashtra,Pune,LM0072,16500,21000,Shared,Double,Girls,Required,Not Required,Required,Required,Required,Preferred,Required,Required,Semi Furnished
U0160,Student,Maharashtra,Solapur,LM0093,4200,8100,Shared,Double,Girls,Preferred,Required,Required,Preferred,Required,Required,Required,Preferred,Semi Furnished
U0161,Student,Maharashtra,Nashik,LM0080,9500,11600,Shared,Double,Girls,Required,Required,Preferred,Preferred,Not Required,Preferred,Required,Required,Semi Furnished
U0162,Student,Maharashtra,Navi Mumbai,LM0098,7900,11300,Shared,Triple,Girls,Not Required,Required,Required,Preferred,Required,Preferred,Required,Required,Any
U0163,Student,Gujarat,Ahmedabad,LM0001,6500,10700,Private,Double,Girls,Preferred,Required,Required,Not Required,Not Required,Not Required,Preferred,Required,Semi Furnished
U0164,Student,Gujarat,Gandhinagar,LM0030,6400,11100,Shared,Double,Boys,Preferred,Required,Preferred,Not Required,Required,Not Required,Required,Required,Semi Furnished
U0165,Working Professional,Gujarat,Ahmedabad,LM0009,4700,6600,Dormitory,Dormitory,Girls,Preferred,Required,Preferred,Required,Required,Required,Required,Required,Any
U0166,Working Professional,Gujarat,Vadodara,LM0024,6500,8400,Shared,Triple,Boys,Required,Not Required,Required,Preferred,Not Required,Preferred,Required,Required,Semi Furnished
U0167,Student,Maharashtra,Pune,LM0072,15900,18200,Private,Double,Boys,Required,Required,Preferred,Preferred,Required,Preferred,Required,Preferred,Semi Furnished
U0168,Student,Maharashtra,Solapur,LM0092,8600,11400,Shared,Double,Boys,Preferred,Required,Preferred,Preferred,Not Required,Required,Not Required,Required,Semi Furnished
U0169,Student,Gujarat,Surat,LM0016,8200,10600,Shared,Double,Girls,Required,Required,Preferred,Preferred,Not Required,Required,Required,Required,Semi Furnished
U0170,Student,Maharashtra,Nashik,LM0078,8900,12300,Private,Single,Girls,Preferred,Required,Required,Required,Not Required,Required,Required,Required,Fully Furnished
U0171,Student,Gujarat,Gandhinagar,LM0033,6500,11700,Shared,Double,Girls,Required,Preferred,Required,Required,Not Required,Preferred,Required,Preferred,Unfurnished
U0172,Student,Gujarat,Surat,LM0017,5200,10600,Shared,Triple,Boys,Preferred,Required,Required,Required,Preferred,Preferred,Required,Required,Semi Furnished
U0173,Student,Maharashtra,Mumbai,LM0049,18700,24600,Private,Single,Girls,Preferred,Preferred,Required,Preferred,Required,Preferred,Preferred,Required,Any
U0174,Working Professional,Maharashtra,Nagpur,LM0074,6700,10000,Dormitory,Dormitory,Girls,Required,Preferred,Required,Required,Not Required,Preferred,Not Required,Required,Any
U0175,Student,Maharashtra,Pune,LM0072,23600,28500,Private,Single,Girls,Not Required,Required,Required,Required,Not Required,Preferred,Preferred,Required,Fully Furnished
U0176,Student,Maharashtra,Solapur,LM0094,2900,5000,Dormitory,Dormitory,Coed,Not Required,Preferred,Preferred,Preferred,Preferred,Required,Preferred,Required,Unfurnished
U0177,Working Professional,Gujarat,Surat,LM0019,14000,16800,Shared,Double,Coed,Required,Not Required,Required,Not Required,Not Required,Preferred,Not Required,Required,Any
U0178,Working Professional,Maharashtra,Navi Mumbai,LM0097,12400,14300,Shared,Double,Girls,Required,Not Required,Preferred,Not Required,Not Required,Preferred,Required,Preferred,Unfurnished
U0179,Working Professional,Maharashtra,Thane,LM0084,4700,7100,Dormitory,Dormitory,Girls,Preferred,Preferred,Required,Preferred,Preferred,Required,Required,Required,Fully Furnished
U0180,Student,Gujarat,Ahmedabad,LM0006,8400,10200,Private,Double,Girls,Preferred,Preferred,Required,Required,Not Required,Preferred,Preferred,Preferred,Semi Furnished
U0181,Student,Maharashtra,Navi Mumbai,LM0097,5100,6700,Dormitory,Dormitory,Girls,Required,Required,Preferred,Required,Not Required,Preferred,Required,Required,Semi Furnished
U0182,Working Professional,Maharashtra,Chhatrapati Sambhajinagar,LM0088,7700,12800,Private,Double,Boys,Required,Required,Preferred,Not Required,Required,Not Required,Required,Preferred,Any
U0183,Working Professional,Maharashtra,Mumbai,LM0060,18600,24300,Private,Double,Girls,Preferred,Preferred,Required,Required,Not Required,Not Required,Preferred,Required,Fully Furnished
U0184,Student,Maharashtra,Mumbai,LM0058,8300,12200,Dormitory,Dormitory,Boys,Not Required,Required,Required,Not Required,Not Required,Preferred,Required,Not Required,Semi Furnished
U0185,Student,Gujarat,Bhavnagar,LM0035,7000,12700,Shared,Double,Boys,Not Required,Required,Preferred,Not Required,Preferred,Preferred,Not Required,Preferred,Semi Furnished
U0186,Student,Gujarat,Bhavnagar,LM0036,6600,10200,Private,Double,Boys,Preferred,Required,Required,Not Required,Not Required,Preferred,Required,Required,Semi Furnished
U0187,Student,Gujarat,Surat,LM0017,15900,20600,Private,Single,Girls,Preferred,Required,Preferred,Required,Not Required,Not Required,Preferred,Required,Semi Furnished
U0188,Working Professional,Maharashtra,Navi Mumbai,LM0097,5000,7400,Dormitory,Dormitory,Coed,Not Required,Required,Preferred,Required,Required,Preferred,Preferred,Preferred,Any
U0189,Student,Maharashtra,Thane,LM0085,7600,11500,Shared,Double,Boys,Required,Required,Required,Not Required,Required,Preferred,Preferred,Required,Semi Furnished
U0190,Working Professional,Maharashtra,Mumbai,LM0053,11100,14900,Shared,Triple,Boys,Preferred,Preferred,Preferred,Required,Not Required,Preferred,Preferred,Preferred,Semi Furnished
U0191,Working Professional,Gujarat,Rajkot,LM0026,6400,8500,Shared,Double,Girls,Required,Preferred,Required,Required,Required,Preferred,Required,Required,Any
U0192,Working Professional,Gujarat,Ahmedabad,LM0008,13400,17700,Shared,Double,Girls,Not Required,Preferred,Preferred,Required,Required,Not Required,Preferred,Preferred,Semi Furnished
U0193,Student,Gujarat,Vadodara,LM0021,9900,14700,Shared,Double,Boys,Preferred,Not Required,Preferred,Required,Not Required,Preferred,Required,Preferred,Any
U0194,Student,Gujarat,Vadodara,LM0025,14900,17800,Private,Single,Girls,Required,Required,Required,Required,Not Required,Preferred,Required,Required,Semi Furnished
U0195,Working Professional,Maharashtra,Mumbai,LM0060,24700,26700,Private,Double,Boys,Required,Preferred,Preferred,Preferred,Not Required,Preferred,Preferred,Required,Semi Furnished
U0196,Student,Gujarat,Rajkot,LM0028,5800,8200,Private,Single,Boys,Not Required,Required,Required,Required,Not Required,Required,Preferred,Not Required,Semi Furnished
U0197,Student,Maharashtra,Thane,LM0084,14100,19200,Private,Single,Boys,Not Required,Preferred,Required,Required,Preferred,Required,Preferred,Required,Any
U0198,Student,Gujarat,Ahmedabad,LM0002,6900,12200,Private,Double,Girls,Preferred,Preferred,Preferred,Required,Preferred,Required,Preferred,Required,Semi Furnished
U0199,Student,Gujarat,Surat,LM0019,6700,12100,Dormitory,Dormitory,Girls,Required,Preferred,Preferred,Preferred,Not Required,Not Required,Preferred,Required,Any
U0200,Student,Maharashtra,Mumbai,LM0055,13700,17000,Private,Double,Boys,Preferred,Preferred,Not Required,Not Required,Required,Required,Required,Required,Fully Furnished
U0201,Working Professional,Maharashtra,Solapur,LM0092,7700,9300,Private,Double,Girls,Required,Not Required,Required,Required,Not Required,Preferred,Preferred,Required,Any
U0202,Working Professional,Maharashtra,Mumbai,LM0055,11400,17300,Private,Double,Girls,Required,Required,Required,Required,Preferred,Preferred,Required,Preferred,Fully Furnished
U0203,Student,Maharashtra,Nashik,LM0081,4900,7200,Shared,Triple,Girls,Required,Required,Required,Required,Not Required,Required,Required,Required,Any
U0204,Working Professional,Maharashtra,Mumbai,LM0054,30400,35200,Private,Single,Boys,Not Required,Preferred,Preferred,Required,Required,Required,Required,Preferred,Any
U0205,Working Professional,Maharashtra,Pune,LM0063,10800,14800,Shared,Triple,Boys,Preferred,Required,Required,Not Required,Preferred,Preferred,Required,Preferred,Fully Furnished
U0206,Student,Maharashtra,Nagpur,LM0075,12500,14000,Private,Single,Boys,Not Required,Preferred,Required,Required,Not Required,Not Required,Required,Preferred,Any
U0207,Student,Gujarat,Bhavnagar,LM0036,9000,13800,Shared,Double,Boys,Not Required,Required,Required,Required,Not Required,Preferred,Preferred,Preferred,Unfurnished
U0208,Working Professional,Gujarat,Nadiad,LM0046,10100,11800,Private,Single,Girls,Required,Not Required,Preferred,Preferred,Preferred,Required,Required,Required,Semi Furnished
U0209,Student,Gujarat,Jamnagar,LM0037,7300,13000,Private,Single,Boys,Preferred,Required,Required,Required,Not Required,Preferred,Preferred,Required,Fully Furnished
U0210,Working Professional,Maharashtra,Nagpur,LM0073,14600,17800,Shared,Double,Boys,Preferred,Preferred,Required,Not Required,Required,Required,Preferred,Required,Fully Furnished
U0211,Student,Maharashtra,Pune,LM0063,8400,10400,Shared,Triple,Boys,Required,Required,Required,Preferred,Not Required,Required,Required,Preferred,Any
U0212,Student,Gujarat,Bhavnagar,LM0034,9100,12200,Private,Single,Girls,Not Required,Preferred,Preferred,Required,Not Required,Required,Required,Required,Semi Furnished
U0213,Student,Gujarat,Bhavnagar,LM0035,6400,11800,Shared,Double,Girls,Not Required,Not Required,Required,Required,Not Required,Preferred,Required,Required,Fully Furnished
U0214,Student,Gujarat,Ahmedabad,LM0009,7400,10900,Shared,Triple,Coed,Preferred,Required,Required,Preferred,Preferred,Not Required,Preferred,Required,Fully Furnished
U0215,Student,Maharashtra,Nashik,LM0080,11700,13300,Private,Double,Boys,Preferred,Preferred,Preferred,Required,Not Required,Preferred,Preferred,Preferred,Unfurnished
U0216,Student,Gujarat,Surat,LM0017,8600,10200,Shared,Triple,Girls,Preferred,Not Required,Required,Preferred,Required,Required,Required,Preferred,Semi Furnished
U0217,Student,Maharashtra,Mumbai,LM0050,9800,15300,Shared,Double,Coed,Preferred,Required,Required,Required,Not Required,Preferred,Required,Not Required,Fully Furnished
U0218,Student,Maharashtra,Nagpur,LM0073,11100,12600,Private,Double,Boys,Required,Preferred,Required,Required,Not Required,Required,Preferred,Required,Semi Furnished
U0219,Working Professional,Gujarat,Mehsana,LM0043,7600,12800,Private,Single,Girls,Preferred,Required,Required,Preferred,Preferred,Not Required,Preferred,Required,Fully Furnished
U0220,Working Professional,Gujarat,Nadiad,LM0046,3600,7600,Dormitory,Dormitory,Boys,Preferred,Preferred,Required,Preferred,Preferred,Preferred,Preferred,Preferred,Fully Furnished
U0221,Student,Maharashtra,Navi Mumbai,LM0096,9300,15100,Shared,Double,Boys,Required,Preferred,Preferred,Required,Not Required,Required,Not Required,Required,Fully Furnished
U0222,Student,Gujarat,Gandhinagar,LM0031,4700,9600,Private,Double,Coed,Preferred,Required,Preferred,Required,Not Required,Preferred,Required,Not Required,Semi Furnished
U0223,Student,Maharashtra,Pune,LM0065,11100,17000,Shared,Triple,Girls,Preferred,Preferred,Required,Required,Not Required,Preferred,Required,Required,Fully Furnished
U0224,Working Professional,Maharashtra,Navi Mumbai,LM0097,8000,10800,Shared,Triple,Girls,Preferred,Preferred,Required,Required,Not Required,Required,Required,Preferred,Any
U0225,Working Professional,Gujarat,Rajkot,LM0026,5800,9200,Shared,Double,Boys,Required,Required,Required,Required,Not Required,Preferred,Required,Required,Any
U0226,Student,Maharashtra,Mumbai,LM0053,5000,8700,Dormitory,Dormitory,Boys,Required,Preferred,Required,Preferred,Preferred,Not Required,Preferred,Preferred,Semi Furnished
U0227,Student,Maharashtra,Thane,LM0085,11200,14300,Shared,Double,Girls,Not Required,Required,Required,Not Required,Not Required,Preferred,Required,Required,Any
U0228,Student,Maharashtra,Solapur,LM0092,6700,8700,Shared,Double,Boys,Required,Preferred,Required,Preferred,Preferred,Preferred,Not Required,Required,Semi Furnished
U0229,Student,Gujarat,Rajkot,LM0028,8000,12100,Private,Single,Boys,Required,Required,Preferred,Not Required,Not Required,Preferred,Required,Required,Fully Furnished
U0230,Working Professional,Maharashtra,Mumbai,LM0057,9500,14200,Shared,Double,Boys,Required,Required,Required,Not Required,Not Required,Not Required,Required,Preferred,Semi Furnished
U0231,Working Professional,Maharashtra,Mumbai,LM0060,22300,24900,Shared,Double,Girls,Required,Preferred,Preferred,Preferred,Required,Required,Required,Required,Unfurnished
U0232,Working Professional,Maharashtra,Pune,LM0072,17600,23500,Private,Single,Girls,Preferred,Preferred,Preferred,Preferred,Required,Preferred,Preferred,Required,Semi Furnished
U0233,Student,Maharashtra,Mumbai,LM0050,9100,14400,Shared,Triple,Coed,Preferred,Required,Preferred,Preferred,Not Required,Not Required,Required,Preferred,Any
U0234,Student,Gujarat,Ahmedabad,LM0009,5100,8100,Dormitory,Dormitory,Boys,Preferred,Required,Required,Preferred,Required,Required,Required,Required,Semi Furnished
U0235,Working Professional,Maharashtra,Amravati,LM0100,8300,12100,Shared,Double,Boys,Required,Required,Required,Not Required,Not Required,Preferred,Required,Preferred,Semi Furnished
U0236,Working Professional,Maharashtra,Nashik,LM0079,13200,16700,Shared,Double,Girls,Required,Required,Preferred,Not Required,Not Required,Not Required,Required,Not Required,Fully Furnished
U0237,Working Professional,Maharashtra,Nagpur,LM0077,16700,22000,Private,Double,Girls,Preferred,Not Required,Required,Required,Required,Required,Required,Preferred,Fully Furnished
U0238,Working Professional,Gujarat,Vadodara,LM0020,13400,18000,Shared,Double,Coed,Required,Preferred,Preferred,Preferred,Not Required,Required,Preferred,Required,Semi Furnished
U0239,Working Professional,Gujarat,Ahmedabad,LM0010,8000,11200,Dormitory,Dormitory,Boys,Required,Preferred,Preferred,Preferred,Not Required,Preferred,Required,Required,Unfurnished
U0240,Student,Gujarat,Ahmedabad,LM0003,14100,16100,Private,Single,Coed,Required,Preferred,Required,Preferred,Not Required,Not Required,Required,Required,Semi Furnished
U0241,Student,Gujarat,Gandhinagar,LM0031,9400,12200,Shared,Double,Coed,Required,Not Required,Preferred,Required,Not Required,Not Required,Required,Required,Any
U0242,Working Professional,Maharashtra,Mumbai,LM0060,5900,7600,Dormitory,Dormitory,Girls,Required,Preferred,Required,Preferred,Required,Preferred,Required,Required,Fully Furnished
U0243,Working Professional,Gujarat,Gandhinagar,LM0031,7900,10300,Private,Single,Girls,Preferred,Preferred,Preferred,Not Required,Not Required,Required,Not Required,Required,Fully Furnished
U0244,Working Professional,Gujarat,Ahmedabad,LM0002,11000,15300,Shared,Double,Boys,Required,Preferred,Preferred,Required,Not Required,Preferred,Required,Preferred,Fully Furnished
U0245,Student,Maharashtra,Mumbai,LM0051,23600,29000,Private,Single,Boys,Not Required,Required,Required,Required,Preferred,Required,Preferred,Not Required,Unfurnished
U0246,Working Professional,Gujarat,Anand,LM0041,10000,16000,Private,Double,Coed,Required,Not Required,Required,Not Required,Not Required,Preferred,Required,Required,Semi Furnished
U0247,Working Professional,Maharashtra,Mumbai,LM0059,24400,27700,Private,Double,Girls,Required,Not Required,Required,Required,Preferred,Not Required,Preferred,Required,Semi Furnished
U0248,Student,Gujarat,Gandhinagar,LM0033,12000,17400,Private,Single,Boys,Required,Required,Preferred,Required,Not Required,Not Required,Required,Preferred,Unfurnished
U0249,Student,Maharashtra,Pune,LM0061,16100,19300,Private,Double,Boys,Required,Preferred,Required,Required,Preferred,Preferred,Preferred,Preferred,Semi Furnished
U0250,Student,Maharashtra,Navi Mumbai,LM0099,3600,8300,Dormitory,Dormitory,Girls,Preferred,Preferred,Required,Required,Not Required,Required,Required,Required,Fully Furnished
U0251,Student,Gujarat,Gandhinagar,LM0031,7700,12400,Private,Single,Girls,Preferred,Required,Preferred,Not Required,Not Required,Required,Preferred,Preferred,Fully Furnished
U0252,Student,Maharashtra,Pune,LM0071,10400,15500,Shared,Triple,Boys,Not Required,Preferred,Preferred,Not Required,Preferred,Not Required,Preferred,Required,Semi Furnished
U0253,Student,Gujarat,Surat,LM0018,14500,19000,Shared,Double,Coed,Preferred,Preferred,Required,Not Required,Not Required,Not Required,Not Required,Preferred,Any
U0254,Student,Gujarat,Gandhinagar,LM0033,5300,9500,Dormitory,Dormitory,Boys,Preferred,Preferred,Required,Not Required,Preferred,Preferred,Required,Not Required,Unfurnished
U0255,Student,Gujarat,Ahmedabad,LM0001,9300,11900,Shared,Triple,Coed,Required,Required,Required,Preferred,Preferred,Required,Preferred,Preferred,Any
U0256,Working Professional,Gujarat,Ahmedabad,LM0008,17400,23200,Private,Single,Boys,Required,Preferred,Required,Not Required,Not Required,Preferred,Not Required,Required,Any
U0257,Working Professional,Gujarat,Surat,LM0014,9300,12800,Private,Double,Coed,Required,Preferred,Required,Preferred,Preferred,Not Required,Required,Preferred,Fully Furnished
U0258,Working Professional,Maharashtra,Chhatrapati Sambhajinagar,LM0086,6500,9500,Private,Double,Boys,Preferred,Required,Required,Not Required,Required,Required,Required,Required,Any
U0259,Working Professional,Gujarat,Surat,LM0016,9500,13600,Shared,Triple,Girls,Preferred,Preferred,Preferred,Not Required,Required,Not Required,Required,Preferred,Semi Furnished
U0260,Working Professional,Maharashtra,Mumbai,LM0055,8300,13900,Dormitory,Dormitory,Coed,Preferred,Preferred,Required,Not Required,Required,Not Required,Required,Required,Any
U0261,Student,Maharashtra,Navi Mumbai,LM0098,10800,15300,Private,Double,Boys,Preferred,Not Required,Preferred,Preferred,Not Required,Preferred,Preferred,Preferred,Semi Furnished
U0262,Student,Gujarat,Bhavnagar,LM0036,6800,8900,Private,Double,Girls,Required,Required,Preferred,Preferred,Preferred,Not Required,Not Required,Preferred,Any
U0263,Student,Maharashtra,Pune,LM0061,5200,10100,Dormitory,Dormitory,Boys,Preferred,Preferred,Required,Not Required,Not Required,Not Required,Required,Required,Fully Furnished
U0264,Working Professional,Gujarat,Surat,LM0017,13500,17200,Private,Double,Boys,Required,Preferred,Required,Required,Not Required,Preferred,Required,Required,Fully Furnished
U0265,Student,Gujarat,Bhavnagar,LM0035,4300,6700,Private,Double,Boys,Preferred,Preferred,Required,Preferred,Preferred,Preferred,Required,Required,Semi Furnished
U0266,Student,Gujarat,Ahmedabad,LM0007,4300,9000,Dormitory,Dormitory,Boys,Preferred,Required,Not Required,Required,Required,Not Required,Required,Required,Any
U0267,Student,Maharashtra,Solapur,LM0092,10400,15600,Private,Single,Boys,Required,Required,Preferred,Preferred,Preferred,Preferred,Required,Required,Semi Furnished
U0268,Working Professional,Gujarat,Surat,LM0014,7300,10400,Shared,Double,Boys,Required,Required,Preferred,Required,Preferred,Not Required,Required,Required,Semi Furnished
U0269,Student,Gujarat,Anand,LM0040,5400,8700,Shared,Double,Boys,Required,Required,Required,Required,Not Required,Required,Required,Preferred,Fully Furnished
U0270,Student,Gujarat,Jamnagar,LM0039,7000,12400,Private,Double,Girls,Required,Required,Required,Required,Not Required,Not Required,Preferred,Preferred,Any
U0271,Student,Maharashtra,Nashik,LM0078,12800,16600,Private,Single,Girls,Required,Required,Required,Preferred,Preferred,Required,Not Required,Preferred,Fully Furnished
U0272,Student,Gujarat,Vadodara,LM0020,6300,10300,Private,Double,Boys,Not Required,Required,Preferred,Preferred,Not Required,Not Required,Preferred,Not Required,Any
U0273,Student,Maharashtra,Mumbai,LM0052,12800,16100,Private,Double,Boys,Preferred,Preferred,Required,Preferred,Preferred,Required,Required,Required,Fully Furnished
U0274,Working Professional,Maharashtra,Pune,LM0068,19100,23000,Shared,Double,Coed,Required,Preferred,Preferred,Required,Not Required,Preferred,Required,Required,Semi Furnished
U0275,Working Professional,Gujarat,Bhavnagar,LM0035,14700,16300,Private,Single,Girls,Required,Required,Not Required,Preferred,Preferred,Preferred,Not Required,Preferred,Fully Furnished
U0276,Student,Gujarat,Vadodara,LM0022,4600,7200,Shared,Triple,Boys,Not Required,Preferred,Required,Required,Not Required,Not Required,Required,Required,Semi Furnished
U0277,Student,Gujarat,Rajkot,LM0027,3500,5900,Shared,Triple,Girls,Not Required,Required,Required,Required,Not Required,Preferred,Required,Required,Unfurnished
U0278,Student,Gujarat,Bhavnagar,LM0035,2900,5200,Shared,Triple,Boys,Required,Preferred,Required,Preferred,Not Required,Required,Required,Required,Semi Furnished
U0279,Student,Maharashtra,Pune,LM0070,13900,17300,Shared,Double,Girls,Required,Not Required,Required,Preferred,Preferred,Preferred,Required,Preferred,Any
U0280,Student,Maharashtra,Nashik,LM0080,10900,13800,Shared,Double,Boys,Not Required,Preferred,Preferred,Required,Not Required,Required,Preferred,Required,Semi Furnished
U0281,Student,Maharashtra,Amravati,LM0100,2600,7800,Shared,Triple,Boys,Required,Preferred,Required,Preferred,Not Required,Preferred,Required,Preferred,Any
U0282,Student,Gujarat,Vadodara,LM0023,10200,14700,Private,Double,Girls,Not Required,Required,Required,Preferred,Not Required,Required,Required,Required,Unfurnished
U0283,Student,Maharashtra,Kolhapur,LM0089,6600,9500,Private,Double,Girls,Not Required,Required,Preferred,Required,Not Required,Required,Not Required,Preferred,Semi Furnished
U0284,Student,Maharashtra,Pune,LM0068,10300,15900,Shared,Double,Boys,Required,Preferred,Required,Preferred,Preferred,Required,Required,Preferred,Semi Furnished
U0285,Student,Gujarat,Surat,LM0016,9200,13300,Private,Double,Girls,Preferred,Preferred,Not Required,Not Required,Not Required,Preferred,Required,Preferred,Semi Furnished
U0286,Working Professional,Gujarat,Ahmedabad,LM0009,6800,11900,Private,Double,Boys,Required,Not Required,Required,Required,Preferred,Preferred,Preferred,Required,Fully Furnished
U0287,Student,Gujarat,Bhavnagar,LM0034,5700,7900,Shared,Double,Girls,Not Required,Not Required,Required,Not Required,Not Required,Not Required,Preferred,Required,Any
U0288,Student,Gujarat,Ahmedabad,LM0011,9200,12500,Shared,Triple,Boys,Required,Preferred,Preferred,Required,Not Required,Required,Required,Not Required,Semi Furnished
U0289,Student,Gujarat,Bhavnagar,LM0036,4100,8900,Shared,Triple,Girls,Required,Preferred,Not Required,Required,Not Required,Not Required,Preferred,Required,Fully Furnished
U0290,Student,Maharashtra,Mumbai,LM0050,21400,22900,Private,Single,Boys,Not Required,Required,Required,Preferred,Not Required,Not Required,Preferred,Required,Fully Furnished
U0291,Working Professional,Maharashtra,Pune,LM0062,17200,20000,Shared,Triple,Girls,Required,Preferred,Preferred,Required,Required,Required,Required,Required,Fully Furnished
U0292,Working Professional,Gujarat,Surat,LM0019,8100,11200,Private,Double,Girls,Required,Not Required,Required,Not Required,Preferred,Not Required,Preferred,Required,Fully Furnished
U0293,Working Professional,Maharashtra,Navi Mumbai,LM0096,13300,15600,Private,Single,Boys,Required,Preferred,Required,Required,Not Required,Not Required,Required,Required,Fully Furnished
U0294,Student,Gujarat,Ahmedabad,LM0008,9000,11400,Private,Double,Girls,Preferred,Required,Required,Required,Required,Preferred,Preferred,Required,Semi Furnished
U0295,Student,Gujarat,Vadodara,LM0023,6400,11800,Dormitory,Dormitory,Girls,Required,Preferred,Required,Required,Not Required,Required,Not Required,Preferred,Any
U0296,Working Professional,Maharashtra,Amravati,LM0102,6200,9300,Private,Single,Coed,Required,Required,Preferred,Required,Required,Preferred,Preferred,Preferred,Any
U0297,Working Professional,Gujarat,Ahmedabad,LM0008,8000,11900,Shared,Double,Boys,Required,Preferred,Preferred,Required,Not Required,Not Required,Required,Preferred,Fully Furnished
U0298,Working Professional,Gujarat,Bhavnagar,LM0034,4300,8900,Shared,Triple,Coed,Required,Not Required,Required,Preferred,Preferred,Preferred,Required,Required,Fully Furnished
U0299,Working Professional,Maharashtra,Thane,LM0082,14500,17200,Private,Double,Boys,Preferred,Required,Preferred,Required,Required,Required,Required,Preferred,Fully Furnished
U0300,Working Professional,Maharashtra,Pune,LM0065,8500,13100,Shared,Triple,Boys,Required,Not Required,Required,Preferred,Required,Not Required,Preferred,Preferred,Fully Furnished
U0301,Working Professional,Gujarat,Ahmedabad,LM0005,8400,14300,Shared,Double,Boys,Not Required,Preferred,Required,Required,Preferred,Preferred,Preferred,Preferred,Any
U0302,Student,Gujarat,Rajkot,LM0029,5700,11400,Shared,Double,Girls,Required,Preferred,Required,Preferred,Not Required,Preferred,Preferred,Required,Semi Furnished
U0303,Student,Gujarat,Mehsana,LM0045,4000,7200,Dormitory,Dormitory,Coed,Required,Required,Required,Required,Preferred,Preferred,Required,Preferred,Any
U0304,Student,Maharashtra,Solapur,LM0093,4300,10100,Shared,Double,Girls,Preferred,Required,Required,Preferred,Preferred,Preferred,Preferred,Preferred,Any
U0305,Working Professional,Maharashtra,Pune,LM0067,21800,27100,Private,Single,Boys,Required,Required,Required,Required,Preferred,Preferred,Preferred,Preferred,Fully Furnished
U0306,Student,Maharashtra,Mumbai,LM0054,15300,18100,Private,Double,Coed,Not Required,Required,Required,Required,Not Required,Preferred,Not Required,Preferred,Any
U0307,Student,Maharashtra,Navi Mumbai,LM0097,14800,19400,Private,Single,Boys,Not Required,Required,Required,Preferred,Not Required,Preferred,Required,Preferred,Semi Furnished
U0308,Student,Gujarat,Ahmedabad,LM0008,3300,5000,Dormitory,Dormitory,Boys,Preferred,Preferred,Required,Required,Not Required,Not Required,Required,Required,Semi Furnished
U0309,Working Professional,Gujarat,Surat,LM0013,13300,17500,Shared,Triple,Girls,Required,Preferred,Required,Preferred,Preferred,Not Required,Required,Required,Fully Furnished
U0310,Student,Gujarat,Nadiad,LM0048,3200,5700,Shared,Triple,Boys,Required,Required,Required,Preferred,Not Required,Preferred,Required,Preferred,Fully Furnished
U0311,Student,Maharashtra,Nashik,LM0078,17600,21000,Private,Single,Boys,Not Required,Preferred,Required,Preferred,Not Required,Preferred,Preferred,Required,Semi Furnished
U0312,Student,Gujarat,Gandhinagar,LM0033,7000,12500,Private,Single,Boys,Not Required,Preferred,Required,Required,Not Required,Required,Preferred,Required,Unfurnished
U0313,Student,Maharashtra,Mumbai,LM0055,14800,17200,Private,Double,Girls,Not Required,Required,Required,Preferred,Not Required,Preferred,Preferred,Preferred,Any
U0314,Working Professional,Gujarat,Ahmedabad,LM0008,12800,14700,Private,Double,Boys,Required,Preferred,Preferred,Preferred,Not Required,Not Required,Required,Required,Semi Furnished
U0315,Working Professional,Maharashtra,Mumbai,LM0060,16600,18200,Private,Double,Boys,Required,Preferred,Required,Not Required,Not Required,Required,Required,Preferred,Any
U0316,Working Professional,Maharashtra,Thane,LM0084,8300,13000,Private,Double,Coed,Not Required,Required,Not Required,Required,Preferred,Preferred,Required,Preferred,Any
U0317,Student,Gujarat,Ahmedabad,LM0002,5900,10500,Shared,Double,Girls,Required,Required,Required,Not Required,Not Required,Preferred,Required,Preferred,Unfurnished
U0318,Working Professional,Maharashtra,Thane,LM0083,12800,15800,Private,Single,Coed,Preferred,Preferred,Required,Not Required,Not Required,Not Required,Required,Preferred,Any
U0319,Student,Maharashtra,Pune,LM0071,13000,14700,Private,Single,Girls,Preferred,Required,Required,Required,Not Required,Required,Preferred,Required,Any
U0320,Student,Maharashtra,Nashik,LM0079,10500,15300,Private,Single,Boys,Required,Required,Required,Preferred,Not Required,Required,Required,Required,Any
U0321,Working Professional,Maharashtra,Nashik,LM0080,8200,10700,Shared,Triple,Boys,Required,Required,Required,Preferred,Required,Preferred,Not Required,Not Required,Any
U0322,Student,Maharashtra,Mumbai,LM0058,11300,14100,Shared,Double,Boys,Preferred,Required,Preferred,Not Required,Required,Required,Preferred,Required,Any
U0323,Working Professional,Maharashtra,Nagpur,LM0073,12000,15900,Shared,Double,Girls,Not Required,Not Required,Not Required,Required,Not Required,Not Required,Preferred,Preferred,Semi Furnished
U0324,Student,Gujarat,Mehsana,LM0043,5000,9900,Shared,Double,Coed,Not Required,Preferred,Required,Not Required,Not Required,Required,Required,Required,Fully Furnished
U0325,Working Professional,Maharashtra,Pune,LM0071,10000,15200,Shared,Double,Boys,Preferred,Not Required,Required,Required,Preferred,Preferred,Required,Not Required,Semi Furnished
U0326,Student,Gujarat,Gandhinagar,LM0033,7900,10700,Shared,Double,Coed,Required,Required,Required,Required,Required,Not Required,Required,Required,Semi Furnished
U0327,Working Professional,Maharashtra,Nagpur,LM0074,11500,15700,Shared,Double,Coed,Preferred,Required,Required,Preferred,Required,Preferred,Required,Required,Semi Furnished
U0328,Student,Gujarat,Vadodara,LM0021,10500,15200,Private,Double,Coed,Not Required,Required,Required,Required,Preferred,Not Required,Preferred,Required,Semi Furnished
U0329,Student,Maharashtra,Pune,LM0066,12400,15700,Shared,Triple,Girls,Required,Preferred,Required,Not Required,Preferred,Not Required,Required,Not Required,Any
U0330,Working Professional,Gujarat,Ahmedabad,LM0001,11100,14300,Shared,Triple,Girls,Required,Required,Required,Required,Not Required,Required,Preferred,Preferred,Fully Furnished
U0331,Working Professional,Maharashtra,Pune,LM0068,14100,18100,Shared,Triple,Boys,Required,Required,Required,Required,Required,Preferred,Required,Required,Any
U0332,Student,Maharashtra,Pune,LM0062,15000,19300,Shared,Double,Girls,Required,Not Required,Required,Required,Not Required,Required,Required,Preferred,Fully Furnished
U0333,Student,Gujarat,Ahmedabad,LM0011,8400,12700,Private,Double,Boys,Required,Required,Required,Required,Preferred,Preferred,Preferred,Preferred,Unfurnished
U0334,Student,Gujarat,Gandhinagar,LM0032,5500,9000,Shared,Double,Boys,Not Required,Required,Required,Not Required,Not Required,Preferred,Required,Preferred,Semi Furnished
U0335,Student,Gujarat,Surat,LM0015,3900,6600,Dormitory,Dormitory,Boys,Preferred,Preferred,Required,Required,Not Required,Preferred,Required,Required,Unfurnished
U0336,Working Professional,Gujarat,Gandhinagar,LM0030,9500,12600,Private,Single,Coed,Required,Not Required,Preferred,Preferred,Required,Preferred,Required,Not Required,Any
U0337,Working Professional,Gujarat,Ahmedabad,LM0009,7500,12800,Private,Double,Girls,Required,Not Required,Required,Preferred,Required,Required,Preferred,Preferred,Semi Furnished
U0338,Working Professional,Gujarat,Mehsana,LM0045,2500,7600,Dormitory,Dormitory,Boys,Not Required,Preferred,Required,Preferred,Required,Preferred,Required,Required,Any
U0339,Student,Gujarat,Vadodara,LM0021,8500,10000,Private,Double,Girls,Preferred,Preferred,Required,Preferred,Not Required,Not Required,Preferred,Required,Any
U0340,Student,Gujarat,Surat,LM0019,13500,17200,Shared,Double,Coed,Required,Required,Required,Not Required,Not Required,Preferred,Required,Required,Semi Furnished
U0341,Student,Gujarat,Surat,LM0013,7700,10900,Private,Single,Girls,Not Required,Required,Required,Preferred,Not Required,Preferred,Required,Required,Semi Furnished
U0342,Working Professional,Maharashtra,Thane,LM0084,20200,22900,Private,Single,Boys,Not Required,Preferred,Required,Preferred,Preferred,Preferred,Required,Required,Semi Furnished
U0343,Student,Gujarat,Mehsana,LM0044,5800,8000,Shared,Double,Boys,Preferred,Required,Required,Required,Preferred,Required,Preferred,Required,Semi Furnished
U0344,Working Professional,Gujarat,Ahmedabad,LM0005,8200,13500,Shared,Triple,Coed,Required,Required,Preferred,Required,Required,Required,Preferred,Preferred,Any
U0345,Working Professional,Maharashtra,Nashik,LM0079,15500,18100,Shared,Double,Girls,Required,Preferred,Preferred,Preferred,Preferred,Required,Required,Required,Fully Furnished
U0346,Student,Maharashtra,Mumbai,LM0054,11700,15900,Shared,Triple,Girls,Not Required,Required,Required,Preferred,Preferred,Not Required,Required,Required,Any
U0347,Student,Gujarat,Surat,LM0016,9500,13400,Private,Double,Boys,Required,Required,Required,Required,Not Required,Required,Required,Required,Fully Furnished
U0348,Working Professional,Maharashtra,Nagpur,LM0076,8000,11600,Dormitory,Dormitory,Boys,Required,Not Required,Not Required,Not Required,Required,Required,Not Required,Not Required,Fully Furnished
U0349,Student,Maharashtra,Thane,LM0083,5800,7900,Shared,Triple,Girls,Not Required,Required,Required,Preferred,Preferred,Not Required,Preferred,Preferred,Semi Furnished
U0350,Working Professional,Maharashtra,Pune,LM0072,7700,13500,Shared,Triple,Girls,Required,Preferred,Required,Preferred,Not Required,Not Required,Required,Preferred,Fully Furnished
U0351,Student,Gujarat,Rajkot,LM0026,4100,8300,Shared,Triple,Girls,Required,Required,Required,Preferred,Required,Required,Required,Required,Any
U0352,Working Professional,Maharashtra,Solapur,LM0092,5000,7900,Shared,Triple,Girls,Required,Preferred,Not Required,Preferred,Preferred,Preferred,Required,Required,Fully Furnished
U0353,Student,Gujarat,Ahmedabad,LM0011,7300,9700,Private,Double,Girls,Preferred,Required,Required,Required,Not Required,Required,Required,Required,Unfurnished
U0354,Student,Gujarat,Surat,LM0016,5100,7400,Shared,Triple,Girls,Not Required,Required,Required,Required,Not Required,Required,Preferred,Required,Unfurnished
U0355,Student,Gujarat,Anand,LM0042,5200,8900,Private,Double,Girls,Preferred,Required,Preferred,Preferred,Preferred,Not Required,Required,Required,Fully Furnished
U0356,Student,Maharashtra,Mumbai,LM0060,19100,23600,Private,Double,Girls,Preferred,Required,Required,Preferred,Required,Preferred,Required,Required,Any
U0357,Student,Maharashtra,Solapur,LM0093,4000,6600,Shared,Double,Girls,Not Required,Required,Required,Required,Not Required,Required,Preferred,Preferred,Any
U0358,Student,Maharashtra,Solapur,LM0093,7700,11500,Shared,Double,Girls,Required,Preferred,Required,Preferred,Preferred,Not Required,Required,Required,Semi Furnished
U0359,Student,Gujarat,Surat,LM0019,4900,7600,Shared,Triple,Boys,Required,Required,Required,Required,Not Required,Preferred,Not Required,Required,Semi Furnished
U0360,Student,Gujarat,Ahmedabad,LM0007,17100,22600,Private,Single,Boys,Not Required,Not Required,Required,Required,Not Required,Required,Required,Required,Any
U0361,Working Professional,Maharashtra,Amravati,LM0100,8300,13000,Private,Single,Boys,Preferred,Required,Preferred,Preferred,Not Required,Preferred,Required,Required,Unfurnished
U0362,Student,Maharashtra,Mumbai,LM0058,19000,21900,Shared,Double,Boys,Required,Required,Required,Preferred,Not Required,Not Required,Required,Preferred,Unfurnished
U0363,Student,Maharashtra,Navi Mumbai,LM0097,4500,10400,Shared,Triple,Boys,Not Required,Required,Required,Required,Preferred,Preferred,Required,Required,Semi Furnished
U0364,Working Professional,Maharashtra,Mumbai,LM0050,20700,25300,Private,Double,Boys,Preferred,Required,Required,Not Required,Not Required,Required,Required,Required,Fully Furnished
U0365,Student,Gujarat,Vadodara,LM0025,5500,10800,Shared,Triple,Boys,Preferred,Required,Preferred,Not Required,Preferred,Required,Preferred,Required,Any
U0366,Student,Maharashtra,Nashik,LM0080,4400,9500,Shared,Triple,Boys,Preferred,Required,Required,Preferred,Not Required,Not Required,Required,Required,Semi Furnished
U0367,Working Professional,Maharashtra,Mumbai,LM0058,5400,9500,Dormitory,Dormitory,Boys,Required,Preferred,Not Required,Required,Required,Required,Preferred,Required,Semi Furnished
U0368,Working Professional,Gujarat,Vadodara,LM0023,14300,18900,Private,Single,Coed,Preferred,Required,Required,Not Required,Required,Required,Preferred,Preferred,Semi Furnished
U0369,Student,Gujarat,Bhavnagar,LM0034,6800,11800,Shared,Double,Coed,Preferred,Not Required,Required,Not Required,Preferred,Required,Required,Required,Fully Furnished
U0370,Student,Maharashtra,Nashik,LM0079,9500,12700,Shared,Triple,Boys,Required,Preferred,Required,Required,Preferred,Preferred,Not Required,Preferred,Fully Furnished
U0371,Student,Maharashtra,Mumbai,LM0055,22500,26800,Private,Single,Boys,Preferred,Not Required,Required,Required,Not Required,Preferred,Required,Required,Unfurnished
U0372,Student,Gujarat,Gandhinagar,LM0030,4400,10200,Private,Double,Coed,Not Required,Preferred,Required,Preferred,Not Required,Preferred,Required,Required,Any
U0373,Student,Gujarat,Surat,LM0019,5800,7400,Private,Double,Girls,Required,Not Required,Required,Preferred,Not Required,Required,Preferred,Preferred,Any
U0374,Student,Maharashtra,Nashik,LM0078,13900,17200,Private,Double,Girls,Required,Required,Required,Preferred,Required,Not Required,Preferred,Not Required,Any
U0375,Student,Maharashtra,Nashik,LM0078,10500,14800,Shared,Double,Boys,Preferred,Required,Preferred,Preferred,Not Required,Preferred,Required,Required,Semi Furnished
U0376,Student,Maharashtra,Nagpur,LM0074,8700,11100,Shared,Triple,Girls,Preferred,Required,Preferred,Preferred,Required,Required,Preferred,Preferred,Any
U0377,Working Professional,Maharashtra,Pune,LM0064,23300,26200,Shared,Double,Boys,Required,Not Required,Required,Required,Preferred,Required,Not Required,Preferred,Any
U0378,Student,Maharashtra,Mumbai,LM0057,9100,11700,Private,Double,Girls,Not Required,Required,Required,Not Required,Preferred,Preferred,Preferred,Preferred,Semi Furnished
U0379,Student,Maharashtra,Thane,LM0083,13900,17300,Private,Single,Boys,Required,Required,Required,Required,Not Required,Not Required,Required,Not Required,Any
U0380,Working Professional,Gujarat,Ahmedabad,LM0003,10100,14000,Shared,Triple,Girls,Required,Not Required,Required,Not Required,Required,Not Required,Preferred,Required,Fully Furnished
U0381,Student,Maharashtra,Navi Mumbai,LM0097,14400,17000,Private,Single,Boys,Not Required,Required,Preferred,Preferred,Not Required,Not Required,Required,Not Required,Fully Furnished
U0382,Student,Gujarat,Vadodara,LM0021,10300,11900,Private,Single,Coed,Required,Required,Required,Preferred,Not Required,Required,Preferred,Required,Unfurnished
U0383,Student,Gujarat,Gandhinagar,LM0033,4100,6000,Shared,Triple,Girls,Not Required,Preferred,Required,Required,Preferred,Preferred,Required,Preferred,Unfurnished
U0384,Student,Maharashtra,Mumbai,LM0055,20300,25900,Private,Single,Coed,Preferred,Required,Preferred,Required,Not Required,Not Required,Required,Required,Semi Furnished
U0385,Student,Gujarat,Ahmedabad,LM0003,4500,6200,Dormitory,Dormitory,Girls,Preferred,Required,Preferred,Required,Not Required,Preferred,Preferred,Preferred,Fully Furnished
U0386,Working Professional,Gujarat,Surat,LM0015,20200,23600,Private,Single,Boys,Required,Required,Required,Required,Not Required,Preferred,Required,Preferred,Semi Furnished
U0387,Student,Gujarat,Rajkot,LM0028,5400,7800,Shared,Double,Girls,Not Required,Required,Required,Preferred,Not Required,Required,Required,Preferred,Any
U0388,Working Professional,Gujarat,Ahmedabad,LM0008,10000,12800,Shared,Triple,Girls,Preferred,Required,Required,Required,Preferred,Required,Required,Preferred,Semi Furnished
U0389,Student,Maharashtra,Nagpur,LM0074,4500,7100,Shared,Triple,Coed,Preferred,Not Required,Required,Required,Not Required,Preferred,Required,Required,Fully Furnished
U0390,Working Professional,Maharashtra,Solapur,LM0092,3500,5900,Dormitory,Dormitory,Boys,Required,Preferred,Required,Required,Not Required,Preferred,Required,Preferred,Any
U0391,Working Professional,Gujarat,Surat,LM0016,6600,9900,Shared,Triple,Girls,Preferred,Required,Preferred,Preferred,Required,Not Required,Required,Required,Fully Furnished
U0392,Student,Maharashtra,Pune,LM0069,11000,13200,Shared,Double,Girls,Required,Required,Required,Not Required,Required,Not Required,Preferred,Required,Semi Furnished
U0393,Working Professional,Maharashtra,Nashik,LM0081,10500,12100,Private,Single,Boys,Not Required,Required,Required,Not Required,Required,Required,Required,Required,Semi Furnished
U0394,Student,Maharashtra,Navi Mumbai,LM0095,7200,9400,Private,Single,Girls,Not Required,Required,Required,Preferred,Not Required,Required,Not Required,Required,Semi Furnished
U0395,Student,Maharashtra,Mumbai,LM0049,11000,16400,Shared,Triple,Coed,Required,Required,Required,Preferred,Not Required,Not Required,Not Required,Required,Semi Furnished
U0396,Student,Gujarat,Ahmedabad,LM0003,11600,14200,Shared,Double,Girls,Not Required,Not Required,Required,Preferred,Not Required,Required,Preferred,Preferred,Semi Furnished
U0397,Student,Gujarat,Gandhinagar,LM0033,6400,9700,Private,Single,Boys,Preferred,Preferred,Required,Preferred,Preferred,Preferred,Required,Required,Unfurnished
U0398,Student,Gujarat,Gandhinagar,LM0030,1900,3600,Dormitory,Dormitory,Girls,Preferred,Required,Required,Required,Not Required,Preferred,Preferred,Preferred,Any
U0399,Student,Maharashtra,Mumbai,LM0049,12100,18100,Shared,Double,Boys,Not Required,Required,Preferred,Not Required,Not Required,Not Required,Required,Not Required,Any
U0400,Student,Gujarat,Mehsana,LM0045,4000,9100,Shared,Triple,Boys,Not Required,Required,Required,Required,Not Required,Preferred,Required,Preferred,Fully Furnished
U0401,Working Professional,Maharashtra,Pune,LM0063,15300,18200,Private,Double,Girls,Preferred,Not Required,Required,Required,Not Required,Required,Required,Required,Fully Furnished
U0402,Working Professional,Maharashtra,Solapur,LM0093,15300,17300,Private,Single,Girls,Required,Not Required,Required,Not Required,Required,Preferred,Required,Preferred,Fully Furnished
U0403,Working Professional,Maharashtra,Pune,LM0068,16000,18400,Private,Double,Boys,Preferred,Preferred,Required,Preferred,Not Required,Required,Required,Required,Semi Furnished
U0404,Working Professional,Maharashtra,Amravati,LM0100,6200,9900,Private,Double,Boys,Required,Not Required,Required,Required,Not Required,Preferred,Preferred,Preferred,Any
U0405,Student,Maharashtra,Mumbai,LM0053,6900,10500,Shared,Triple,Boys,Not Required,Preferred,Required,Preferred,Required,Required,Preferred,Required,Fully Furnished
U0406,Student,Gujarat,Ahmedabad,LM0005,10000,13500,Shared,Triple,Girls,Required,Not Required,Required,Preferred,Not Required,Preferred,Preferred,Preferred,Semi Furnished
U0407,Working Professional,Gujarat,Gandhinagar,LM0030,6200,11600,Shared,Triple,Girls,Not Required,Required,Required,Preferred,Preferred,Preferred,Required,Preferred,Fully Furnished
U0408,Working Professional,Gujarat,Bhavnagar,LM0034,11300,15600,Shared,Double,Coed,Required,Preferred,Required,Preferred,Not Required,Required,Required,Preferred,Fully Furnished
U0409,Student,Maharashtra,Mumbai,LM0051,18000,21800,Private,Double,Girls,Preferred,Preferred,Required,Required,Not Required,Preferred,Required,Required,Semi Furnished
U0410,Student,Maharashtra,Kolhapur,LM0091,6200,11100,Shared,Double,Boys,Preferred,Preferred,Required,Preferred,Not Required,Preferred,Not Required,Required,Fully Furnished
U0411,Working Professional,Gujarat,Gandhinagar,LM0032,8100,10600,Private,Double,Boys,Required,Preferred,Required,Preferred,Preferred,Preferred,Preferred,Preferred,Any
U0412,Student,Gujarat,Nadiad,LM0046,8700,12100,Shared,Double,Girls,Not Required,Preferred,Preferred,Preferred,Not Required,Required,Required,Required,Any
U0413,Student,Maharashtra,Chhatrapati Sambhajinagar,LM0088,3700,5700,Shared,Triple,Girls,Not Required,Required,Required,Required,Not Required,Required,Preferred,Required,Semi Furnished
U0414,Working Professional,Maharashtra,Navi Mumbai,LM0098,15100,19200,Shared,Double,Boys,Required,Preferred,Required,Required,Required,Not Required,Preferred,Preferred,Semi Furnished
U0415,Student,Gujarat,Rajkot,LM0028,5300,11100,Private,Double,Boys,Not Required,Preferred,Required,Required,Not Required,Required,Required,Required,Semi Furnished
U0416,Student,Maharashtra,Navi Mumbai,LM0099,15100,17000,Private,Single,Coed,Preferred,Preferred,Preferred,Preferred,Not Required,Preferred,Preferred,Not Required,Fully Furnished
U0417,Student,Gujarat,Ahmedabad,LM0011,10700,13500,Private,Double,Boys,Required,Not Required,Required,Required,Preferred,Preferred,Preferred,Preferred,Unfurnished
U0418,Working Professional,Maharashtra,Navi Mumbai,LM0096,8500,10300,Shared,Double,Girls,Preferred,Required,Preferred,Not Required,Preferred,Required,Preferred,Required,Semi Furnished
U0419,Working Professional,Maharashtra,Kolhapur,LM0091,6400,8000,Shared,Double,Coed,Preferred,Not Required,Required,Preferred,Not Required,Preferred,Required,Preferred,Semi Furnished
U0420,Student,Gujarat,Ahmedabad,LM0001,6400,9000,Shared,Double,Boys,Preferred,Preferred,Required,Required,Not Required,Preferred,Required,Required,Any
U0421,Working Professional,Gujarat,Surat,LM0014,8600,10900,Private,Double,Coed,Preferred,Preferred,Required,Required,Not Required,Preferred,Required,Required,Unfurnished
U0422,Student,Maharashtra,Mumbai,LM0052,9100,13900,Shared,Triple,Girls,Required,Required,Preferred,Preferred,Not Required,Required,Not Required,Required,Semi Furnished
U0423,Student,Maharashtra,Mumbai,LM0051,11100,16800,Private,Single,Boys,Preferred,Preferred,Required,Not Required,Preferred,Required,Preferred,Required,Any
U0424,Student,Maharashtra,Pune,LM0069,12600,15300,Shared,Triple,Boys,Required,Required,Preferred,Preferred,Preferred,Preferred,Preferred,Required,Semi Furnished
U0425,Student,Maharashtra,Pune,LM0067,14800,18900,Private,Double,Boys,Not Required,Preferred,Required,Not Required,Not Required,Required,Required,Preferred,Any
U0426,Working Professional,Gujarat,Ahmedabad,LM0004,10800,13200,Private,Single,Boys,Required,Not Required,Preferred,Not Required,Not Required,Preferred,Required,Required,Fully Furnished
U0427,Working Professional,Gujarat,Gandhinagar,LM0031,12000,15800,Private,Single,Boys,Required,Preferred,Required,Preferred,Required,Preferred,Required,Required,Unfurnished
U0428,Student,Maharashtra,Nagpur,LM0073,5600,7700,Shared,Double,Boys,Not Required,Required,Required,Required,Not Required,Preferred,Preferred,Preferred,Any
U0429,Student,Gujarat,Ahmedabad,LM0005,6100,10000,Shared,Triple,Girls,Preferred,Preferred,Required,Required,Not Required,Required,Required,Required,Fully Furnished
U0430,Student,Gujarat,Ahmedabad,LM0005,8000,12800,Shared,Triple,Girls,Preferred,Required,Required,Required,Not Required,Required,Required,Required,Any
U0431,Working Professional,Maharashtra,Pune,LM0063,15600,20800,Private,Single,Coed,Preferred,Required,Preferred,Required,Not Required,Not Required,Required,Required,Any
U0432,Student,Maharashtra,Navi Mumbai,LM0099,14600,17700,Private,Single,Girls,Not Required,Preferred,Preferred,Required,Not Required,Required,Required,Preferred,Any
U0433,Working Professional,Gujarat,Vadodara,LM0022,13900,16400,Shared,Double,Boys,Required,Required,Preferred,Preferred,Not Required,Required,Required,Not Required,Fully Furnished
U0434,Student,Maharashtra,Pune,LM0067,16300,18800,Shared,Double,Coed,Required,Not Required,Preferred,Required,Not Required,Preferred,Preferred,Preferred,Semi Furnished
U0435,Student,Maharashtra,Pune,LM0062,5900,11000,Dormitory,Dormitory,Girls,Required,Required,Preferred,Not Required,Preferred,Required,Required,Preferred,Fully Furnished
U0436,Working Professional,Maharashtra,Chhatrapati Sambhajinagar,LM0087,15800,18600,Private,Single,Boys,Preferred,Preferred,Preferred,Not Required,Not Required,Not Required,Preferred,Required,Fully Furnished
U0437,Working Professional,Maharashtra,Mumbai,LM0052,9400,11900,Private,Double,Boys,Not Required,Not Required,Required,Required,Required,Preferred,Preferred,Required,Fully Furnished
U0438,Student,Maharashtra,Mumbai,LM0052,7000,12700,Dormitory,Dormitory,Girls,Required,Preferred,Required,Required,Not Required,Not Required,Required,Required,Unfurnished
U0439,Student,Maharashtra,Pune,LM0072,6300,7900,Shared,Triple,Girls,Preferred,Preferred,Required,Required,Not Required,Preferred,Required,Required,Fully Furnished
U0440,Student,Maharashtra,Amravati,LM0102,8200,14000,Shared,Double,Boys,Not Required,Preferred,Preferred,Preferred,Preferred,Preferred,Required,Preferred,Fully Furnished
U0441,Working Professional,Maharashtra,Kolhapur,LM0091,9900,15400,Private,Single,Boys,Required,Preferred,Preferred,Required,Preferred,Required,Preferred,Preferred,Fully Furnished
U0442,Working Professional,Maharashtra,Chhatrapati Sambhajinagar,LM0087,11400,16400,Private,Single,Boys,Preferred,Preferred,Preferred,Required,Preferred,Preferred,Not Required,Required,Semi Furnished
U0443,Student,Gujarat,Vadodara,LM0020,7600,9800,Shared,Double,Boys,Required,Not Required,Required,Not Required,Preferred,Required,Preferred,Required,Fully Furnished
U0444,Working Professional,Maharashtra,Nashik,LM0080,10400,12800,Private,Double,Boys,Required,Preferred,Required,Preferred,Required,Preferred,Preferred,Required,Semi Furnished
U0445,Student,Gujarat,Ahmedabad,LM0011,11000,15900,Shared,Double,Girls,Not Required,Preferred,Required,Required,Not Required,Preferred,Required,Required,Any
U0446,Working Professional,Gujarat,Jamnagar,LM0037,7100,12800,Shared,Double,Girls,Required,Required,Preferred,Preferred,Not Required,Preferred,Required,Preferred,Semi Furnished
U0447,Student,Gujarat,Ahmedabad,LM0003,3900,6500,Dormitory,Dormitory,Girls,Required,Required,Preferred,Required,Not Required,Preferred,Preferred,Preferred,Any
U0448,Student,Maharashtra,Kolhapur,LM0089,4300,6500,Private,Double,Boys,Not Required,Required,Required,Not Required,Not Required,Not Required,Required,Required,Any
U0449,Working Professional,Gujarat,Surat,LM0015,16200,17700,Private,Single,Coed,Required,Required,Required,Not Required,Required,Preferred,Required,Required,Any
U0450,Working Professional,Maharashtra,Mumbai,LM0052,18100,21100,Shared,Double,Girls,Required,Preferred,Required,Required,Preferred,Preferred,Not Required,Required,Fully Furnished
U0451,Student,Gujarat,Ahmedabad,LM0008,10000,12400,Shared,Double,Boys,Preferred,Required,Preferred,Required,Not Required,Preferred,Required,Preferred,Any
U0452,Working Professional,Gujarat,Ahmedabad,LM0004,7600,9700,Private,Double,Boys,Not Required,Preferred,Preferred,Preferred,Not Required,Preferred,Required,Required,Fully Furnished
U0453,Student,Maharashtra,Mumbai,LM0058,8000,13100,Shared,Triple,Boys,Not Required,Not Required,Required,Preferred,Not Required,Not Required,Required,Required,Semi Furnished
U0454,Working Professional,Maharashtra,Mumbai,LM0060,8000,11200,Dormitory,Dormitory,Girls,Preferred,Required,Required,Preferred,Preferred,Not Required,Not Required,Required,Fully Furnished
U0455,Student,Maharashtra,Navi Mumbai,LM0096,12300,17200,Shared,Double,Girls,Preferred,Preferred,Required,Required,Not Required,Required,Not Required,Required,Fully Furnished
U0456,Student,Gujarat,Surat,LM0018,9500,11100,Shared,Double,Girls,Preferred,Preferred,Required,Preferred,Preferred,Preferred,Required,Required,Any
U0457,Working Professional,Maharashtra,Chhatrapati Sambhajinagar,LM0088,8500,10100,Shared,Triple,Girls,Preferred,Required,Preferred,Preferred,Preferred,Required,Preferred,Required,Semi Furnished
U0458,Working Professional,Maharashtra,Pune,LM0070,15700,20000,Private,Single,Girls,Preferred,Required,Preferred,Required,Not Required,Required,Preferred,Preferred,Fully Furnished
U0459,Working Professional,Gujarat,Vadodara,LM0020,15400,18000,Shared,Double,Girls,Required,Required,Preferred,Required,Not Required,Required,Required,Preferred,Any
U0460,Working Professional,Maharashtra,Navi Mumbai,LM0097,7700,9200,Shared,Double,Girls,Required,Preferred,Required,Not Required,Required,Preferred,Not Required,Required,Any
U0461,Student,Maharashtra,Pune,LM0066,30100,33500,Private,Single,Girls,Not Required,Preferred,Preferred,Preferred,Preferred,Required,Preferred,Required,Fully Furnished
U0462,Working Professional,Gujarat,Vadodara,LM0022,10700,12700,Shared,Triple,Girls,Preferred,Required,Required,Preferred,Not Required,Preferred,Required,Not Required,Fully Furnished
U0463,Working Professional,Maharashtra,Pune,LM0066,7900,13700,Shared,Triple,Girls,Required,Preferred,Required,Not Required,Required,Required,Preferred,Required,Any
U0464,Student,Gujarat,Surat,LM0012,13900,16000,Private,Single,Coed,Preferred,Preferred,Preferred,Preferred,Preferred,Required,Preferred,Required,Semi Furnished
U0465,Student,Gujarat,Surat,LM0013,4300,8400,Dormitory,Dormitory,Girls,Preferred,Preferred,Required,Preferred,Not Required,Preferred,Preferred,Preferred,Semi Furnished
U0466,Working Professional,Gujarat,Bhavnagar,LM0036,8300,11100,Private,Double,Girls,Required,Required,Preferred,Required,Required,Preferred,Preferred,Required,Fully Furnished
U0467,Student,Gujarat,Surat,LM0019,7100,10800,Private,Double,Coed,Not Required,Required,Required,Preferred,Preferred,Preferred,Preferred,Required,Fully Furnished
U0468,Student,Gujarat,Rajkot,LM0029,3700,8900,Shared,Double,Girls,Not Required,Not Required,Required,Required,Preferred,Required,Required,Preferred,Semi Furnished
U0469,Student,Maharashtra,Mumbai,LM0050,9100,14700,Private,Double,Coed,Preferred,Required,Required,Required,Not Required,Required,Required,Required,Any
U0470,Student,Gujarat,Nadiad,LM0047,6700,8400,Shared,Triple,Boys,Not Required,Required,Preferred,Preferred,Preferred,Required,Preferred,Required,Any
U0471,Student,Maharashtra,Nagpur,LM0075,13000,17700,Private,Single,Girls,Preferred,Required,Required,Required,Not Required,Preferred,Not Required,Required,Semi Furnished
U0472,Student,Maharashtra,Thane,LM0085,9400,15300,Shared,Triple,Boys,Not Required,Required,Preferred,Required,Preferred,Required,Required,Required,Semi Furnished
U0473,Working Professional,Maharashtra,Pune,LM0061,21000,23800,Shared,Double,Boys,Preferred,Preferred,Preferred,Preferred,Preferred,Required,Preferred,Required,Semi Furnished
U0474,Student,Maharashtra,Pune,LM0067,11200,17200,Shared,Triple,Boys,Required,Required,Required,Required,Not Required,Preferred,Required,Required,Any
U0475,Working Professional,Maharashtra,Pune,LM0064,15300,20500,Shared,Triple,Boys,Required,Preferred,Preferred,Required,Required,Required,Preferred,Preferred,Any
U0476,Student,Maharashtra,Pune,LM0066,15300,17700,Shared,Double,Girls,Required,Required,Required,Not Required,Not Required,Not Required,Required,Not Required,Semi Furnished
U0477,Working Professional,Gujarat,Jamnagar,LM0039,7000,9000,Private,Double,Boys,Required,Required,Required,Not Required,Not Required,Required,Preferred,Preferred,Semi Furnished
U0478,Student,Maharashtra,Nashik,LM0080,9200,13000,Shared,Double,Girls,Required,Required,Preferred,Required,Preferred,Preferred,Preferred,Required,Semi Furnished
U0479,Student,Gujarat,Ahmedabad,LM0002,7700,12500,Shared,Triple,Girls,Preferred,Required,Preferred,Required,Not Required,Not Required,Preferred,Preferred,Fully Furnished
U0480,Student,Maharashtra,Mumbai,LM0052,16700,21900,Private,Single,Boys,Required,Required,Preferred,Required,Not Required,Required,Preferred,Preferred,Semi Furnished
U0481,Student,Gujarat,Surat,LM0012,8200,10400,Private,Single,Boys,Not Required,Preferred,Not Required,Preferred,Required,Required,Required,Not Required,Any
U0482,Working Professional,Maharashtra,Amravati,LM0101,7600,10800,Shared,Double,Boys,Required,Not Required,Required,Required,Not Required,Preferred,Required,Preferred,Semi Furnished
U0483,Working Professional,Maharashtra,Pune,LM0064,17500,21300,Shared,Double,Boys,Required,Preferred,Not Required,Required,Required,Preferred,Required,Preferred,Semi Furnished
U0484,Student,Gujarat,Rajkot,LM0029,7500,11100,Private,Double,Boys,Required,Preferred,Required,Not Required,Not Required,Not Required,Not Required,Preferred,Any
U0485,Student,Gujarat,Ahmedabad,LM0010,11900,16000,Shared,Double,Girls,Required,Preferred,Preferred,Required,Required,Preferred,Required,Required,Any
U0486,Student,Maharashtra,Pune,LM0061,9800,13100,Private,Double,Boys,Preferred,Not Required,Required,Preferred,Required,Required,Required,Required,Semi Furnished
U0487,Student,Gujarat,Surat,LM0017,9200,10700,Shared,Double,Girls,Required,Required,Required,Preferred,Preferred,Not Required,Required,Required,Semi Furnished
U0488,Student,Maharashtra,Navi Mumbai,LM0095,5500,9700,Shared,Triple,Coed,Not Required,Required,Required,Required,Not Required,Required,Required,Required,Any
U0489,Student,Maharashtra,Solapur,LM0093,6800,10700,Shared,Double,Boys,Not Required,Required,Required,Preferred,Not Required,Required,Preferred,Required,Semi Furnished
U0490,Working Professional,Gujarat,Ahmedabad,LM0006,7300,12500,Shared,Triple,Girls,Preferred,Required,Required,Required,Preferred,Required,Required,Required,Any
U0491,Student,Maharashtra,Thane,LM0085,9500,13700,Shared,Triple,Boys,Required,Not Required,Preferred,Not Required,Preferred,Required,Not Required,Required,Fully Furnished
U0492,Working Professional,Maharashtra,Mumbai,LM0060,24100,29700,Private,Single,Girls,Required,Required,Required,Not Required,Not Required,Required,Required,Required,Any
U0493,Student,Maharashtra,Chhatrapati Sambhajinagar,LM0086,5000,7100,Shared,Double,Coed,Preferred,Required,Required,Required,Not Required,Not Required,Required,Required,Any
U0494,Working Professional,Maharashtra,Pune,LM0064,23600,27500,Shared,Double,Boys,Required,Not Required,Required,Required,Not Required,Preferred,Required,Required,Unfurnished
U0495,Student,Maharashtra,Mumbai,LM0051,14400,20200,Shared,Double,Boys,Preferred,Required,Required,Required,Not Required,Preferred,Preferred,Preferred,Semi Furnished
U0496,Student,Gujarat,Vadodara,LM0022,10800,16000,Shared,Triple,Girls,Not Required,Required,Preferred,Required,Not Required,Required,Preferred,Required,Semi Furnished
U0497,Student,Gujarat,Vadodara,LM0022,6400,11900,Shared,Double,Coed,Required,Preferred,Not Required,Preferred,Required,Preferred,Preferred,Required,Fully Furnished
U0498,Student,Gujarat,Gandhinagar,LM0032,9800,11500,Private,Single,Boys,Preferred,Preferred,Not Required,Not Required,Preferred,Preferred,Required,Required,Any
U0499,Working Professional,Maharashtra,Mumbai,LM0051,7400,10100,Dormitory,Dormitory,Girls,Preferred,Required,Not Required,Preferred,Not Required,Not Required,Preferred,Preferred,Fully Furnished
U0500,Student,Gujarat,Bhavnagar,LM0035,4800,7500,Private,Double,Boys,Not Required,Required,Preferred,Preferred,Required,Preferred,Preferred,Preferred,Any
U0501,Student,Maharashtra,Chhatrapati Sambhajinagar,LM0087,5400,10900,Private,Single,Coed,Not Required,Preferred,Required,Not Required,Not Required,Preferred,Required,Required,Any
U0502,Student,Maharashtra,Mumbai,LM0053,6800,11900,Dormitory,Dormitory,Girls,Preferred,Preferred,Required,Not Required,Not Required,Required,Preferred,Required,Fully Furnished
U0503,Student,Gujarat,Vadodara,LM0020,9400,13000,Private,Double,Boys,Preferred,Required,Required,Preferred,Not Required,Preferred,Preferred,Required,Fully Furnished
U0504,Student,Maharashtra,Pune,LM0063,12400,14900,Private,Double,Boys,Required,Preferred,Required,Preferred,Required,Preferred,Required,Preferred,Any
U0505,Working Professional,Maharashtra,Chhatrapati Sambhajinagar,LM0087,15300,18800,Private,Single,Coed,Not Required,Required,Preferred,Preferred,Required,Preferred,Required,Preferred,Unfurnished
U0506,Student,Gujarat,Gandhinagar,LM0030,10500,13400,Private,Single,Girls,Required,Preferred,Required,Required,Not Required,Preferred,Required,Preferred,Semi Furnished
U0507,Student,Maharashtra,Nashik,LM0078,7200,10900,Shared,Double,Boys,Preferred,Preferred,Required,Not Required,Not Required,Preferred,Required,Required,Semi Furnished
U0508,Student,Maharashtra,Navi Mumbai,LM0095,8200,14100,Private,Single,Coed,Preferred,Required,Required,Required,Not Required,Preferred,Preferred,Required,Any
U0509,Student,Gujarat,Jamnagar,LM0039,5400,9000,Shared,Double,Girls,Required,Required,Required,Required,Not Required,Preferred,Preferred,Required,Semi Furnished
U0510,Student,Gujarat,Surat,LM0017,8500,13000,Shared,Triple,Girls,Preferred,Required,Required,Not Required,Not Required,Required,Required,Required,Semi Furnished
U0511,Working Professional,Gujarat,Surat,LM0013,8200,10700,Shared,Triple,Boys,Preferred,Preferred,Preferred,Preferred,Preferred,Preferred,Required,Required,Any
U0512,Working Professional,Maharashtra,Chhatrapati Sambhajinagar,LM0087,7100,11000,Shared,Triple,Boys,Preferred,Not Required,Required,Not Required,Preferred,Preferred,Required,Required,Fully Furnished
U0513,Student,Gujarat,Ahmedabad,LM0001,6300,10200,Shared,Double,Girls,Preferred,Not Required,Required,Required,Required,Required,Required,Preferred,Semi Furnished
U0514,Working Professional,Gujarat,Rajkot,LM0029,9400,14400,Shared,Double,Girls,Required,Required,Preferred,Preferred,Required,Not Required,Required,Required,Fully Furnished
U0515,Student,Gujarat,Ahmedabad,LM0003,10500,13500,Shared,Double,Girls,Required,Preferred,Required,Not Required,Not Required,Preferred,Preferred,Required,Any
U0516,Student,Maharashtra,Pune,LM0067,16400,20900,Private,Single,Coed,Preferred,Preferred,Required,Required,Preferred,Preferred,Required,Preferred,Fully Furnished
U0517,Student,Maharashtra,Nagpur,LM0073,9800,14500,Private,Double,Boys,Preferred,Preferred,Required,Preferred,Not Required,Preferred,Preferred,Required,Semi Furnished
U0518,Student,Maharashtra,Mumbai,LM0055,9600,15100,Shared,Triple,Girls,Required,Preferred,Required,Not Required,Not Required,Required,Required,Preferred,Semi Furnished
U0519,Student,Gujarat,Rajkot,LM0028,6800,8500,Private,Double,Boys,Preferred,Required,Required,Required,Not Required,Not Required,Required,Required,Any
U0520,Working Professional,Maharashtra,Solapur,LM0093,16800,19600,Private,Single,Girls,Preferred,Preferred,Required,Preferred,Preferred,Not Required,Required,Required,Any
U0521,Student,Maharashtra,Pune,LM0066,20200,24900,Private,Single,Girls,Required,Required,Required,Preferred,Not Required,Not Required,Required,Required,Any
U0522,Working Professional,Maharashtra,Mumbai,LM0058,16500,20800,Private,Double,Girls,Required,Preferred,Required,Required,Required,Preferred,Required,Required,Semi Furnished
U0523,Student,Maharashtra,Navi Mumbai,LM0096,4100,7500,Dormitory,Dormitory,Coed,Required,Preferred,Preferred,Required,Preferred,Not Required,Required,Required,Unfurnished
U0524,Working Professional,Gujarat,Rajkot,LM0027,12300,16800,Private,Single,Boys,Preferred,Required,Required,Preferred,Preferred,Required,Required,Required,Fully Furnished
U0525,Student,Gujarat,Surat,LM0019,7000,9400,Shared,Triple,Boys,Not Required,Not Required,Required,Preferred,Preferred,Required,Required,Preferred,Fully Furnished
U0526,Student,Gujarat,Ahmedabad,LM0010,4900,9000,Dormitory,Dormitory,Girls,Preferred,Required,Required,Required,Not Required,Preferred,Preferred,Preferred,Semi Furnished
U0527,Student,Maharashtra,Thane,LM0083,12500,17700,Private,Single,Girls,Preferred,Required,Preferred,Preferred,Not Required,Preferred,Required,Required,Fully Furnished
U0528,Student,Gujarat,Surat,LM0019,7100,9800,Shared,Double,Boys,Required,Preferred,Preferred,Preferred,Preferred,Required,Required,Preferred,Semi Furnished
U0529,Student,Maharashtra,Mumbai,LM0055,10700,13400,Shared,Double,Boys,Not Required,Required,Required,Preferred,Not Required,Preferred,Required,Required,Semi Furnished
U0530,Student,Maharashtra,Nashik,LM0080,5700,7900,Shared,Triple,Girls,Not Required,Preferred,Preferred,Not Required,Preferred,Preferred,Preferred,Required,Semi Furnished
U0531,Student,Maharashtra,Mumbai,LM0058,9500,15500,Shared,Double,Girls,Preferred,Not Required,Preferred,Preferred,Preferred,Required,Preferred,Preferred,Semi Furnished
U0532,Student,Gujarat,Jamnagar,LM0038,7400,11800,Shared,Double,Girls,Preferred,Required,Preferred,Required,Not Required,Required,Preferred,Required,Semi Furnished
U0533,Student,Maharashtra,Thane,LM0084,6500,11100,Shared,Triple,Boys,Preferred,Not Required,Required,Required,Preferred,Preferred,Required,Preferred,Fully Furnished
U0534,Student,Gujarat,Rajkot,LM0028,2500,4100,Dormitory,Dormitory,Boys,Preferred,Required,Required,Preferred,Not Required,Required,Required,Preferred,Semi Furnished
U0535,Working Professional,Maharashtra,Chhatrapati Sambhajinagar,LM0086,8400,10400,Shared,Double,Boys,Not Required,Preferred,Required,Required,Preferred,Preferred,Required,Required,Semi Furnished
U0536,Working Professional,Maharashtra,Pune,LM0064,11100,14900,Shared,Triple,Boys,Required,Not Required,Required,Required,Not Required,Required,Preferred,Not Required,Semi Furnished
U0537,Working Professional,Maharashtra,Navi Mumbai,LM0097,13400,17200,Shared,Double,Girls,Preferred,Required,Not Required,Preferred,Required,Not Required,Not Required,Preferred,Any
U0538,Working Professional,Maharashtra,Mumbai,LM0049,7000,12900,Dormitory,Dormitory,Boys,Required,Preferred,Required,Not Required,Preferred,Preferred,Required,Required,Fully Furnished
U0539,Student,Maharashtra,Nagpur,LM0073,15500,17800,Private,Single,Girls,Not Required,Required,Required,Required,Not Required,Required,Not Required,Required,Semi Furnished
U0540,Working Professional,Maharashtra,Nashik,LM0080,8900,10700,Shared,Triple,Boys,Required,Required,Required,Not Required,Required,Preferred,Required,Required,Semi Furnished
U0541,Student,Maharashtra,Mumbai,LM0059,9400,11200,Shared,Double,Boys,Required,Required,Preferred,Preferred,Not Required,Preferred,Required,Preferred,Fully Furnished
U0542,Working Professional,Maharashtra,Pune,LM0062,13500,18700,Shared,Double,Boys,Required,Required,Required,Preferred,Not Required,Preferred,Preferred,Not Required,Fully Furnished
U0543,Student,Gujarat,Gandhinagar,LM0030,6800,11700,Private,Single,Girls,Preferred,Required,Required,Required,Required,Preferred,Preferred,Required,Semi Furnished
U0544,Working Professional,Gujarat,Rajkot,LM0029,6600,11900,Private,Double,Girls,Preferred,Preferred,Required,Not Required,Required,Not Required,Preferred,Required,Semi Furnished
U0545,Student,Maharashtra,Chhatrapati Sambhajinagar,LM0087,4400,9400,Dormitory,Dormitory,Coed,Required,Required,Required,Not Required,Not Required,Preferred,Preferred,Preferred,Unfurnished
U0546,Student,Gujarat,Ahmedabad,LM0003,5900,10300,Shared,Double,Girls,Not Required,Required,Required,Preferred,Preferred,Preferred,Required,Required,Fully Furnished
U0547,Student,Maharashtra,Pune,LM0061,3300,6700,Dormitory,Dormitory,Boys,Required,Required,Required,Not Required,Not Required,Preferred,Required,Required,Semi Furnished
U0548,Working Professional,Maharashtra,Mumbai,LM0060,12400,17300,Shared,Double,Girls,Preferred,Preferred,Required,Required,Required,Preferred,Not Required,Required,Fully Furnished
U0549,Working Professional,Gujarat,Surat,LM0013,21500,27200,Private,Single,Boys,Not Required,Preferred,Required,Not Required,Preferred,Preferred,Required,Required,Any
U0550,Student,Maharashtra,Pune,LM0063,13500,19100,Shared,Double,Girls,Required,Preferred,Required,Required,Not Required,Not Required,Required,Preferred,Semi Furnished
U0551,Student,Gujarat,Rajkot,LM0027,5000,7000,Shared,Triple,Coed,Required,Required,Required,Preferred,Not Required,Preferred,Required,Required,Fully Furnished
U0552,Student,Maharashtra,Mumbai,LM0054,24600,28000,Private,Single,Boys,Not Required,Required,Preferred,Preferred,Not Required,Required,Preferred,Required,Semi Furnished
U0553,Student,Maharashtra,Nagpur,LM0075,7200,13100,Shared,Triple,Girls,Preferred,Preferred,Preferred,Preferred,Not Required,Preferred,Preferred,Required,Any
U0554,Working Professional,Gujarat,Rajkot,LM0026,9300,13100,Shared,Double,Boys,Required,Required,Required,Required,Required,Required,Required,Preferred,Any
U0555,Working Professional,Gujarat,Rajkot,LM0028,7900,11100,Shared,Triple,Boys,Not Required,Preferred,Required,Required,Required,Not Required,Required,Preferred,Semi Furnished
U0556,Working Professional,Gujarat,Vadodara,LM0023,14100,17900,Shared,Double,Coed,Preferred,Required,Required,Not Required,Required,Preferred,Required,Not Required,Semi Furnished
U0557,Working Professional,Maharashtra,Nagpur,LM0076,10800,16200,Private,Double,Girls,Required,Preferred,Required,Preferred,Preferred,Required,Preferred,Required,Fully Furnished
U0558,Working Professional,Maharashtra,Solapur,LM0093,8100,14100,Private,Double,Coed,Required,Preferred,Required,Preferred,Not Required,Required,Required,Required,Semi Furnished
U0559,Student,Gujarat,Surat,LM0019,5400,10000,Shared,Triple,Coed,Preferred,Required,Required,Required,Preferred,Preferred,Required,Required,Fully Furnished
U0560,Student,Maharashtra,Mumbai,LM0059,4900,7800,Dormitory,Dormitory,Coed,Preferred,Required,Required,Required,Not Required,Preferred,Preferred,Preferred,Fully Furnished
U0561,Student,Gujarat,Surat,LM0013,9900,13900,Shared,Double,Boys,Not Required,Required,Preferred,Required,Not Required,Not Required,Not Required,Preferred,Any
U0562,Working Professional,Gujarat,Gandhinagar,LM0031,14600,16600,Private,Single,Girls,Not Required,Required,Preferred,Required,Not Required,Preferred,Required,Required,Fully Furnished
U0563,Student,Maharashtra,Pune,LM0067,8100,11900,Private,Double,Girls,Required,Required,Required,Required,Not Required,Preferred,Preferred,Preferred,Any
U0564,Student,Maharashtra,Nagpur,LM0076,5700,9500,Private,Double,Boys,Preferred,Required,Required,Required,Preferred,Preferred,Preferred,Not Required,Any
U0565,Student,Maharashtra,Nashik,LM0079,15000,20200,Private,Single,Boys,Not Required,Required,Required,Not Required,Not Required,Preferred,Required,Required,Any
U0566,Working Professional,Maharashtra,Mumbai,LM0060,10200,13600,Shared,Double,Girls,Required,Preferred,Preferred,Required,Preferred,Not Required,Required,Required,Fully Furnished
U0567,Working Professional,Maharashtra,Pune,LM0062,12200,17100,Dormitory,Dormitory,Boys,Required,Not Required,Preferred,Required,Required,Required,Preferred,Required,Fully Furnished
U0568,Working Professional,Maharashtra,Kolhapur,LM0091,5000,8400,Shared,Triple,Boys,Preferred,Required,Preferred,Required,Preferred,Preferred,Required,Required,Any
U0569,Student,Gujarat,Vadodara,LM0022,2500,6500,Dormitory,Dormitory,Coed,Required,Preferred,Preferred,Preferred,Not Required,Required,Preferred,Preferred,Semi Furnished
U0570,Student,Gujarat,Vadodara,LM0023,10300,11900,Private,Single,Girls,Required,Required,Required,Preferred,Not Required,Required,Required,Required,Unfurnished
U0571,Student,Maharashtra,Chhatrapati Sambhajinagar,LM0088,3200,6200,Dormitory,Dormitory,Boys,Required,Required,Required,Required,Not Required,Preferred,Required,Required,Any
U0572,Student,Maharashtra,Thane,LM0082,8200,9800,Shared,Triple,Boys,Required,Preferred,Required,Required,Not Required,Required,Required,Not Required,Semi Furnished
U0573,Student,Maharashtra,Chhatrapati Sambhajinagar,LM0088,3200,8600,Dormitory,Dormitory,Boys,Required,Preferred,Required,Preferred,Not Required,Required,Required,Required,Fully Furnished
U0574,Student,Gujarat,Bhavnagar,LM0036,6500,8100,Private,Single,Boys,Preferred,Required,Preferred,Required,Not Required,Required,Required,Preferred,Unfurnished
U0575,Student,Gujarat,Vadodara,LM0020,6100,11900,Shared,Triple,Boys,Preferred,Preferred,Required,Not Required,Preferred,Preferred,Preferred,Preferred,Fully Furnished
U0576,Working Professional,Maharashtra,Pune,LM0064,12300,16500,Shared,Triple,Boys,Not Required,Required,Required,Preferred,Preferred,Preferred,Not Required,Required,Semi Furnished
U0577,Working Professional,Gujarat,Surat,LM0012,4100,5800,Dormitory,Dormitory,Girls,Required,Preferred,Not Required,Required,Not Required,Preferred,Required,Required,Fully Furnished
U0578,Working Professional,Maharashtra,Pune,LM0068,13300,18200,Private,Double,Girls,Preferred,Required,Required,Required,Preferred,Not Required,Preferred,Required,Semi Furnished
U0579,Working Professional,Maharashtra,Chhatrapati Sambhajinagar,LM0086,4000,7200,Shared,Triple,Girls,Preferred,Preferred,Required,Preferred,Not Required,Not Required,Required,Preferred,Fully Furnished
U0580,Student,Maharashtra,Pune,LM0063,12100,15200,Shared,Triple,Coed,Not Required,Required,Required,Required,Preferred,Preferred,Preferred,Required,Semi Furnished
U0581,Student,Gujarat,Anand,LM0042,4300,7700,Dormitory,Dormitory,Boys,Preferred,Required,Preferred,Required,Not Required,Not Required,Preferred,Preferred,Semi Furnished
U0582,Student,Maharashtra,Nagpur,LM0073,3600,5600,Shared,Triple,Boys,Not Required,Required,Required,Required,Not Required,Required,Required,Preferred,Fully Furnished
U0583,Working Professional,Gujarat,Surat,LM0019,9400,11200,Private,Double,Coed,Required,Required,Preferred,Preferred,Preferred,Required,Required,Preferred,Fully Furnished
U0584,Student,Maharashtra,Nashik,LM0081,2700,6900,Dormitory,Dormitory,Girls,Not Required,Preferred,Required,Preferred,Not Required,Required,Required,Required,Fully Furnished
U0585,Student,Maharashtra,Mumbai,LM0051,16400,20900,Shared,Double,Coed,Preferred,Required,Preferred,Required,Not Required,Required,Required,Preferred,Fully Furnished
U0586,Working Professional,Maharashtra,Pune,LM0062,35600,37900,Private,Single,Boys,Required,Preferred,Required,Required,Required,Preferred,Required,Required,Semi Furnished
U0587,Working Professional,Maharashtra,Pune,LM0064,10300,12400,Shared,Triple,Girls,Preferred,Not Required,Required,Required,Not Required,Required,Required,Required,Semi Furnished
U0588,Working Professional,Gujarat,Jamnagar,LM0038,11000,12600,Shared,Double,Coed,Required,Required,Required,Required,Required,Not Required,Preferred,Preferred,Fully Furnished
U0589,Student,Gujarat,Ahmedabad,LM0001,8400,11100,Private,Double,Boys,Preferred,Not Required,Required,Preferred,Preferred,Required,Required,Required,Any
U0590,Student,Maharashtra,Mumbai,LM0059,12400,14300,Shared,Triple,Boys,Not Required,Preferred,Required,Preferred,Not Required,Not Required,Preferred,Required,Semi Furnished
U0591,Student,Maharashtra,Mumbai,LM0057,12800,17400,Private,Single,Boys,Preferred,Required,Required,Preferred,Preferred,Preferred,Preferred,Not Required,Any
U0592,Student,Maharashtra,Mumbai,LM0055,5700,10100,Shared,Triple,Boys,Required,Preferred,Required,Required,Preferred,Required,Preferred,Required,Any
U0593,Working Professional,Gujarat,Ahmedabad,LM0006,5400,8200,Shared,Triple,Boys,Required,Preferred,Preferred,Required,Preferred,Required,Required,Required,Any
U0594,Student,Gujarat,Ahmedabad,LM0010,11700,14300,Private,Single,Boys,Preferred,Required,Preferred,Preferred,Not Required,Required,Not Required,Not Required,Semi Furnished
U0595,Student,Maharashtra,Solapur,LM0092,4300,10200,Dormitory,Dormitory,Boys,Not Required,Required,Required,Preferred,Preferred,Required,Preferred,Required,Any
U0596,Student,Gujarat,Ahmedabad,LM0008,7000,12800,Private,Double,Girls,Preferred,Required,Preferred,Preferred,Not Required,Preferred,Not Required,Preferred,Unfurnished
U0597,Working Professional,Maharashtra,Navi Mumbai,LM0097,8300,11500,Shared,Double,Coed,Required,Required,Required,Not Required,Required,Not Required,Preferred,Required,Semi Furnished
U0598,Student,Gujarat,Surat,LM0019,5200,9700,Dormitory,Dormitory,Girls,Not Required,Required,Required,Preferred,Preferred,Required,Preferred,Required,Any
U0599,Student,Maharashtra,Pune,LM0069,13200,18400,Shared,Double,Girls,Required,Required,Required,Required,Preferred,Preferred,Required,Required,Fully Furnished
U0600,Student,Maharashtra,Kolhapur,LM0091,6700,12500,Shared,Double,Boys,Preferred,Required,Preferred,Required,Preferred,Not Required,Required,Required,Unfurnished
U0601,Working Professional,Gujarat,Surat,LM0015,8300,13700,Shared,Triple,Boys,Required,Preferred,Required,Required,Required,Preferred,Required,Required,Fully Furnished
U0602,Working Professional,Maharashtra,Chhatrapati Sambhajinagar,LM0088,8100,10800,Shared,Double,Girls,Required,Preferred,Required,Required,Preferred,Preferred,Preferred,Preferred,Any
U0603,Student,Maharashtra,Mumbai,LM0053,17500,21100,Private,Single,Girls,Preferred,Preferred,Required,Not Required,Not Required,Required,Preferred,Not Required,Semi Furnished
U0604,Student,Maharashtra,Mumbai,LM0055,6500,12400,Shared,Triple,Girls,Preferred,Preferred,Not Required,Required,Not Required,Required,Required,Not Required,Semi Furnished
U0605,Working Professional,Maharashtra,Navi Mumbai,LM0097,14700,20700,Shared,Double,Girls,Not Required,Preferred,Required,Not Required,Not Required,Preferred,Preferred,Preferred,Fully Furnished
U0606,Student,Maharashtra,Mumbai,LM0060,20100,24600,Shared,Double,Girls,Not Required,Preferred,Required,Required,Not Required,Required,Required,Required,Any
U0607,Working Professional,Gujarat,Vadodara,LM0021,14200,19200,Private,Double,Boys,Required,Not Required,Preferred,Required,Required,Preferred,Not Required,Required,Any
U0608,Working Professional,Maharashtra,Amravati,LM0100,2800,8300,Dormitory,Dormitory,Boys,Preferred,Required,Required,Preferred,Preferred,Preferred,Required,Required,Fully Furnished
U0609,Working Professional,Maharashtra,Kolhapur,LM0091,7000,10300,Private,Double,Boys,Required,Required,Required,Preferred,Not Required,Preferred,Required,Preferred,Fully Furnished
U0610,Working Professional,Maharashtra,Solapur,LM0093,7200,10800,Shared,Double,Girls,Required,Required,Required,Required,Not Required,Required,Preferred,Required,Semi Furnished
U0611,Student,Gujarat,Ahmedabad,LM0010,6700,11900,Shared,Double,Boys,Not Required,Preferred,Required,Required,Not Required,Required,Preferred,Preferred,Fully Furnished
U0612,Student,Maharashtra,Mumbai,LM0056,6100,12100,Dormitory,Dormitory,Boys,Not Required,Required,Required,Required,Not Required,Not Required,Preferred,Required,Any
U0613,Student,Gujarat,Surat,LM0019,11800,13300,Shared,Double,Boys,Required,Preferred,Preferred,Preferred,Not Required,Not Required,Preferred,Preferred,Fully Furnished
U0614,Student,Maharashtra,Mumbai,LM0059,4000,6900,Dormitory,Dormitory,Girls,Preferred,Required,Required,Preferred,Not Required,Preferred,Required,Required,Semi Furnished
U0615,Student,Gujarat,Ahmedabad,LM0008,9600,12300,Private,Double,Coed,Preferred,Required,Required,Required,Not Required,Preferred,Required,Preferred,Fully Furnished
U0616,Student,Gujarat,Surat,LM0016,13300,15500,Private,Single,Boys,Preferred,Required,Not Required,Preferred,Preferred,Preferred,Required,Required,Semi Furnished
U0617,Student,Gujarat,Rajkot,LM0029,5200,10800,Shared,Triple,Girls,Preferred,Required,Required,Required,Not Required,Preferred,Required,Required,Semi Furnished
U0618,Student,Gujarat,Ahmedabad,LM0006,8500,10100,Shared,Double,Boys,Not Required,Required,Preferred,Required,Not Required,Not Required,Preferred,Required,Semi Furnished
U0619,Working Professional,Gujarat,Vadodara,LM0020,10400,12200,Private,Double,Coed,Required,Preferred,Preferred,Not Required,Preferred,Preferred,Required,Required,Semi Furnished
U0620,Student,Gujarat,Surat,LM0018,5800,11100,Shared,Double,Coed,Not Required,Preferred,Required,Preferred,Preferred,Preferred,Preferred,Preferred,Any
U0621,Working Professional,Maharashtra,Kolhapur,LM0090,11400,16100,Shared,Double,Girls,Required,Preferred,Preferred,Required,Required,Preferred,Required,Preferred,Any
U0622,Student,Gujarat,Mehsana,LM0043,7300,12100,Private,Double,Girls,Preferred,Required,Required,Preferred,Preferred,Required,Required,Required,Semi Furnished
U0623,Student,Maharashtra,Pune,LM0066,18700,22500,Private,Single,Coed,Required,Required,Required,Required,Not Required,Preferred,Required,Preferred,Any
U0624,Working Professional,Maharashtra,Chhatrapati Sambhajinagar,LM0088,14400,19300,Private,Single,Coed,Preferred,Preferred,Preferred,Required,Not Required,Not Required,Required,Preferred,Fully Furnished
U0625,Student,Gujarat,Surat,LM0018,5300,6900,Dormitory,Dormitory,Boys,Preferred,Required,Required,Not Required,Preferred,Preferred,Required,Required,Semi Furnished
U0626,Student,Maharashtra,Mumbai,LM0054,16700,18700,Private,Double,Coed,Preferred,Not Required,Required,Preferred,Not Required,Required,Preferred,Required,Semi Furnished
U0627,Working Professional,Gujarat,Mehsana,LM0045,12600,16200,Shared,Double,Girls,Required,Required,Required,Required,Not Required,Preferred,Preferred,Preferred,Semi Furnished
U0628,Student,Gujarat,Surat,LM0015,6300,11100,Private,Double,Girls,Not Required,Required,Preferred,Preferred,Not Required,Preferred,Required,Preferred,Unfurnished
U0629,Working Professional,Maharashtra,Pune,LM0072,15800,20000,Shared,Triple,Girls,Required,Preferred,Required,Not Required,Preferred,Required,Required,Required,Fully Furnished
U0630,Student,Gujarat,Surat,LM0016,9100,15000,Shared,Double,Coed,Required,Required,Preferred,Not Required,Not Required,Required,Not Required,Required,Semi Furnished
U0631,Student,Maharashtra,Pune,LM0069,8000,12900,Dormitory,Dormitory,Girls,Preferred,Required,Required,Required,Preferred,Preferred,Required,Required,Semi Furnished
U0632,Student,Gujarat,Surat,LM0012,3800,5500,Dormitory,Dormitory,Coed,Required,Required,Preferred,Preferred,Preferred,Required,Preferred,Required,Semi Furnished
U0633,Student,Maharashtra,Mumbai,LM0055,17400,19900,Private,Double,Coed,Required,Preferred,Required,Preferred,Preferred,Preferred,Preferred,Required,Any
U0634,Student,Maharashtra,Mumbai,LM0060,10300,16200,Shared,Triple,Girls,Required,Required,Required,Preferred,Not Required,Preferred,Not Required,Preferred,Semi Furnished
U0635,Working Professional,Gujarat,Gandhinagar,LM0033,5600,10800,Dormitory,Dormitory,Girls,Preferred,Required,Preferred,Required,Required,Required,Preferred,Required,Semi Furnished
U0636,Working Professional,Maharashtra,Mumbai,LM0052,18300,22200,Shared,Double,Boys,Required,Preferred,Required,Not Required,Preferred,Not Required,Preferred,Required,Fully Furnished
U0637,Student,Maharashtra,Nagpur,LM0076,11300,13200,Shared,Double,Girls,Preferred,Required,Required,Not Required,Not Required,Required,Preferred,Required,Semi Furnished
U0638,Student,Maharashtra,Pune,LM0071,7800,12200,Shared,Triple,Girls,Required,Required,Required,Preferred,Not Required,Required,Required,Preferred,Semi Furnished
U0639,Working Professional,Maharashtra,Nagpur,LM0076,12000,15600,Private,Single,Coed,Preferred,Preferred,Required,Preferred,Required,Required,Required,Required,Any
U0640,Working Professional,Maharashtra,Pune,LM0063,21200,24500,Shared,Double,Boys,Required,Not Required,Preferred,Preferred,Required,Required,Required,Preferred,Semi Furnished
U0641,Student,Maharashtra,Pune,LM0061,16100,20300,Private,Double,Boys,Preferred,Required,Preferred,Required,Not Required,Required,Required,Required,Fully Furnished
U0642,Student,Gujarat,Surat,LM0017,2800,7000,Dormitory,Dormitory,Girls,Preferred,Required,Required,Preferred,Not Required,Preferred,Preferred,Required,Semi Furnished
U0643,Working Professional,Gujarat,Rajkot,LM0028,7900,11000,Private,Single,Boys,Not Required,Required,Required,Required,Required,Not Required,Required,Preferred,Fully Furnished
U0644,Working Professional,Gujarat,Vadodara,LM0025,11000,13200,Private,Single,Girls,Required,Required,Preferred,Not Required,Preferred,Preferred,Required,Preferred,Fully Furnished
U0645,Student,Gujarat,Gandhinagar,LM0033,3600,7600,Dormitory,Dormitory,Coed,Preferred,Required,Required,Preferred,Not Required,Preferred,Required,Required,Unfurnished
U0646,Student,Maharashtra,Mumbai,LM0050,14800,18900,Shared,Triple,Girls,Not Required,Preferred,Required,Preferred,Not Required,Preferred,Required,Required,Any
U0647,Student,Maharashtra,Mumbai,LM0051,15700,19400,Private,Single,Girls,Required,Not Required,Preferred,Not Required,Not Required,Preferred,Required,Required,Semi Furnished
U0648,Working Professional,Gujarat,Nadiad,LM0046,9300,11200,Private,Double,Boys,Required,Required,Preferred,Not Required,Preferred,Preferred,Required,Required,Fully Furnished
U0649,Working Professional,Gujarat,Surat,LM0013,13000,18000,Private,Double,Boys,Required,Preferred,Preferred,Required,Not Required,Preferred,Required,Required,Any
U0650,Student,Maharashtra,Mumbai,LM0049,18200,22100,Private,Single,Boys,Required,Required,Required,Preferred,Preferred,Required,Required,Required,Any
U0651,Student,Maharashtra,Nashik,LM0079,7200,12600,Shared,Double,Girls,Not Required,Required,Required,Required,Not Required,Required,Preferred,Required,Semi Furnished
U0652,Student,Gujarat,Vadodara,LM0020,15800,18500,Private,Single,Boys,Preferred,Required,Required,Preferred,Not Required,Preferred,Preferred,Required,Unfurnished
U0653,Student,Gujarat,Mehsana,LM0045,2700,8400,Dormitory,Dormitory,Boys,Not Required,Required,Required,Required,Preferred,Preferred,Required,Preferred,Semi Furnished
U0654,Working Professional,Maharashtra,Pune,LM0061,27800,32800,Private,Single,Girls,Required,Preferred,Required,Required,Not Required,Not Required,Required,Required,Semi Furnished
U0655,Working Professional,Gujarat,Nadiad,LM0046,5000,8000,Private,Double,Boys,Required,Preferred,Required,Required,Not Required,Preferred,Required,Preferred,Any
U0656,Working Professional,Maharashtra,Solapur,LM0094,11300,14100,Private,Single,Coed,Required,Preferred,Required,Preferred,Preferred,Required,Preferred,Preferred,Fully Furnished
U0657,Working Professional,Maharashtra,Pune,LM0061,18600,21100,Shared,Double,Girls,Preferred,Preferred,Required,Preferred,Preferred,Preferred,Required,Required,Any
U0658,Working Professional,Maharashtra,Pune,LM0068,10200,15200,Shared,Triple,Girls,Required,Preferred,Required,Preferred,Required,Preferred,Required,Required,Fully Furnished
U0659,Student,Maharashtra,Amravati,LM0100,4800,6600,Shared,Double,Boys,Not Required,Preferred,Required,Required,Not Required,Required,Required,Preferred,Any
U0660,Student,Maharashtra,Mumbai,LM0057,11600,14900,Shared,Double,Girls,Required,Preferred,Preferred,Required,Preferred,Required,Preferred,Not Required,Fully Furnished
U0661,Student,Gujarat,Ahmedabad,LM0002,5900,10700,Private,Single,Boys,Required,Not Required,Required,Required,Preferred,Preferred,Required,Preferred,Unfurnished
U0662,Student,Maharashtra,Pune,LM0069,12900,17900,Shared,Triple,Coed,Preferred,Required,Required,Preferred,Not Required,Not Required,Preferred,Required,Fully Furnished
U0663,Student,Gujarat,Jamnagar,LM0039,6400,8000,Private,Double,Girls,Preferred,Required,Required,Not Required,Preferred,Preferred,Required,Required,Fully Furnished
U0664,Student,Maharashtra,Nagpur,LM0077,7300,12300,Shared,Triple,Coed,Required,Preferred,Required,Required,Not Required,Required,Preferred,Required,Semi Furnished
U0665,Student,Maharashtra,Mumbai,LM0057,7900,12500,Shared,Double,Girls,Preferred,Not Required,Preferred,Not Required,Preferred,Preferred,Required,Required,Unfurnished
U0666,Working Professional,Maharashtra,Mumbai,LM0052,9000,13000,Shared,Triple,Girls,Required,Preferred,Preferred,Preferred,Preferred,Preferred,Required,Required,Semi Furnished
U0667,Student,Maharashtra,Navi Mumbai,LM0099,9600,13000,Shared,Triple,Boys,Not Required,Required,Preferred,Preferred,Not Required,Preferred,Required,Preferred,Any
U0668,Student,Gujarat,Surat,LM0015,9800,11900,Shared,Triple,Girls,Required,Not Required,Preferred,Not Required,Not Required,Preferred,Required,Preferred,Semi Furnished
U0669,Student,Maharashtra,Chhatrapati Sambhajinagar,LM0087,11100,16700,Private,Single,Girls,Preferred,Required,Required,Required,Not Required,Required,Required,Required,Any
U0670,Student,Gujarat,Vadodara,LM0023,6900,8700,Shared,Triple,Girls,Preferred,Preferred,Required,Not Required,Not Required,Preferred,Required,Required,Semi Furnished
U0671,Working Professional,Maharashtra,Thane,LM0083,11100,15900,Private,Single,Girls,Required,Preferred,Required,Preferred,Not Required,Required,Required,Required,Fully Furnished
U0672,Student,Maharashtra,Solapur,LM0094,4200,7000,Shared,Double,Coed,Preferred,Required,Required,Required,Not Required,Required,Preferred,Preferred,Any
U0673,Working Professional,Gujarat,Vadodara,LM0021,4800,9600,Dormitory,Dormitory,Boys,Preferred,Required,Required,Not Required,Required,Not Required,Preferred,Preferred,Semi Furnished
U0674,Working Professional,Maharashtra,Nashik,LM0081,15100,16700,Shared,Double,Boys,Preferred,Preferred,Not Required,Not Required,Preferred,Required,Not Required,Required,Semi Furnished
U0675,Working Professional,Gujarat,Ahmedabad,LM0004,9700,15600,Shared,Triple,Boys,Required,Not Required,Required,Not Required,Required,Required,Required,Preferred,Any
U0676,Working Professional,Gujarat,Jamnagar,LM0038,6700,12000,Shared,Triple,Girls,Required,Required,Required,Required,Preferred,Required,Preferred,Preferred,Fully Furnished
U0677,Student,Gujarat,Ahmedabad,LM0010,9300,12700,Shared,Double,Coed,Required,Required,Preferred,Required,Not Required,Preferred,Preferred,Required,Any
U0678,Working Professional,Gujarat,Ahmedabad,LM0003,16700,22100,Shared,Double,Boys,Not Required,Preferred,Required,Required,Not Required,Not Required,Preferred,Not Required,Fully Furnished
U0679,Student,Gujarat,Jamnagar,LM0039,7400,10100,Shared,Double,Girls,Not Required,Required,Required,Required,Not Required,Required,Preferred,Preferred,Unfurnished
U0680,Student,Gujarat,Surat,LM0012,10800,16700,Shared,Double,Boys,Preferred,Not Required,Required,Required,Not Required,Required,Required,Required,Unfurnished
U0681,Student,Gujarat,Ahmedabad,LM0001,10500,15100,Private,Double,Boys,Preferred,Not Required,Required,Required,Required,Preferred,Required,Required,Unfurnished
U0682,Working Professional,Gujarat,Ahmedabad,LM0008,8200,12000,Shared,Triple,Boys,Preferred,Not Required,Required,Preferred,Not Required,Required,Required,Preferred,Any
U0683,Student,Maharashtra,Pune,LM0071,27000,32400,Private,Single,Girls,Required,Required,Required,Required,Not Required,Preferred,Required,Preferred,Unfurnished
U0684,Student,Maharashtra,Kolhapur,LM0090,7400,9600,Shared,Double,Boys,Preferred,Required,Required,Required,Required,Required,Required,Required,Any
U0685,Student,Gujarat,Gandhinagar,LM0030,1700,6600,Dormitory,Dormitory,Boys,Preferred,Required,Required,Required,Not Required,Required,Required,Required,Any
U0686,Student,Gujarat,Ahmedabad,LM0006,8100,11600,Shared,Triple,Boys,Preferred,Preferred,Preferred,Required,Not Required,Not Required,Required,Preferred,Unfurnished
U0687,Student,Maharashtra,Navi Mumbai,LM0098,7600,11600,Shared,Triple,Girls,Required,Required,Required,Required,Preferred,Required,Preferred,Required,Any
U0688,Student,Maharashtra,Amravati,LM0101,4700,8400,Shared,Triple,Girls,Not Required,Required,Not Required,Required,Not Required,Preferred,Preferred,Preferred,Unfurnished
U0689,Student,Maharashtra,Pune,LM0063,4000,7800,Dormitory,Dormitory,Coed,Not Required,Required,Required,Required,Not Required,Required,Preferred,Required,Any
U0690,Student,Maharashtra,Mumbai,LM0054,22300,26000,Private,Single,Boys,Preferred,Preferred,Required,Preferred,Not Required,Preferred,Required,Required,Any
U0691,Student,Gujarat,Ahmedabad,LM0003,8500,12100,Private,Double,Girls,Not Required,Preferred,Preferred,Preferred,Not Required,Required,Required,Not Required,Semi Furnished
U0692,Working Professional,Maharashtra,Solapur,LM0093,2800,5700,Dormitory,Dormitory,Girls,Required,Required,Preferred,Preferred,Not Required,Preferred,Preferred,Required,Fully Furnished
U0693,Student,Gujarat,Ahmedabad,LM0010,10200,12900,Shared,Double,Girls,Preferred,Required,Required,Preferred,Not Required,Preferred,Required,Required,Any
U0694,Student,Gujarat,Surat,LM0017,11300,13900,Private,Double,Boys,Preferred,Preferred,Required,Preferred,Not Required,Preferred,Not Required,Required,Any
U0695,Student,Gujarat,Gandhinagar,LM0033,7400,9300,Shared,Double,Boys,Required,Required,Preferred,Required,Not Required,Preferred,Required,Preferred,Any
U0696,Student,Gujarat,Vadodara,LM0022,5700,11000,Shared,Triple,Coed,Preferred,Required,Required,Required,Not Required,Preferred,Required,Preferred,Any
U0697,Working Professional,Maharashtra,Mumbai,LM0057,8100,10900,Dormitory,Dormitory,Boys,Required,Required,Required,Not Required,Not Required,Preferred,Required,Required,Semi Furnished
U0698,Student,Maharashtra,Mumbai,LM0054,10400,15100,Shared,Triple,Boys,Preferred,Preferred,Required,Preferred,Not Required,Required,Preferred,Preferred,Any
U0699,Working Professional,Maharashtra,Navi Mumbai,LM0095,16000,21200,Private,Single,Girls,Preferred,Required,Required,Required,Preferred,Required,Preferred,Required,Semi Furnished
U0700,Working Professional,Gujarat,Ahmedabad,LM0005,12300,14300,Shared,Double,Coed,Required,Preferred,Required,Required,Preferred,Not Required,Preferred,Required,Fully Furnished
U0701,Working Professional,Maharashtra,Thane,LM0085,15700,18200,Private,Single,Boys,Preferred,Required,Preferred,Required,Preferred,Not Required,Required,Required,Fully Furnished
U0702,Working Professional,Gujarat,Nadiad,LM0046,11600,13800,Private,Single,Boys,Required,Preferred,Preferred,Required,Required,Not Required,Required,Required,Semi Furnished
U0703,Student,Gujarat,Vadodara,LM0025,6700,10900,Shared,Triple,Boys,Required,Required,Required,Required,Not Required,Preferred,Required,Required,Semi Furnished
U0704,Student,Gujarat,Ahmedabad,LM0008,5400,8700,Shared,Triple,Boys,Preferred,Required,Required,Required,Not Required,Required,Required,Required,Semi Furnished
U0705,Working Professional,Maharashtra,Navi Mumbai,LM0099,9200,13900,Private,Single,Boys,Required,Not Required,Preferred,Preferred,Required,Required,Not Required,Preferred,Fully Furnished
U0706,Student,Maharashtra,Navi Mumbai,LM0098,11900,15900,Shared,Double,Girls,Required,Preferred,Required,Required,Not Required,Preferred,Required,Not Required,Fully Furnished
U0707,Student,Gujarat,Gandhinagar,LM0033,3300,5200,Dormitory,Dormitory,Boys,Preferred,Required,Required,Preferred,Not Required,Preferred,Required,Required,Fully Furnished
U0708,Working Professional,Maharashtra,Mumbai,LM0056,13400,16200,Shared,Triple,Boys,Preferred,Preferred,Required,Preferred,Not Required,Not Required,Not Required,Required,Fully Furnished
U0709,Working Professional,Maharashtra,Pune,LM0072,15600,18300,Shared,Triple,Coed,Preferred,Not Required,Required,Preferred,Required,Preferred,Preferred,Required,Semi Furnished
U0710,Student,Maharashtra,Mumbai,LM0060,8600,14100,Shared,Triple,Girls,Required,Required,Required,Preferred,Not Required,Required,Required,Required,Any
U0711,Student,Maharashtra,Thane,LM0082,3500,8400,Shared,Triple,Girls,Required,Required,Required,Not Required,Not Required,Not Required,Required,Preferred,Semi Furnished
U0712,Working Professional,Maharashtra,Nashik,LM0080,22300,24000,Private,Single,Girls,Required,Preferred,Required,Not Required,Required,Required,Required,Required,Any
U0713,Working Professional,Gujarat,Anand,LM0040,10000,13900,Shared,Double,Girls,Preferred,Required,Required,Required,Preferred,Not Required,Required,Preferred,Fully Furnished
U0714,Student,Maharashtra,Pune,LM0064,7900,11600,Shared,Triple,Girls,Not Required,Required,Required,Required,Not Required,Required,Not Required,Required,Any
U0715,Working Professional,Gujarat,Ahmedabad,LM0003,9700,14400,Shared,Triple,Girls,Required,Not Required,Required,Required,Not Required,Preferred,Preferred,Required,Semi Furnished
U0716,Student,Maharashtra,Mumbai,LM0052,18500,24300,Private,Single,Boys,Preferred,Required,Preferred,Required,Preferred,Required,Preferred,Required,Any
U0717,Student,Gujarat,Vadodara,LM0021,9600,11200,Shared,Double,Girls,Not Required,Required,Required,Required,Not Required,Preferred,Not Required,Required,Semi Furnished
U0718,Working Professional,Maharashtra,Pune,LM0063,18400,22500,Shared,Double,Girls,Required,Required,Preferred,Required,Not Required,Not Required,Required,Required,Semi Furnished
U0719,Student,Gujarat,Surat,LM0016,7700,9900,Shared,Triple,Boys,Preferred,Not Required,Required,Required,Not Required,Preferred,Preferred,Required,Any
U0720,Student,Gujarat,Ahmedabad,LM0011,9200,12200,Private,Single,Girls,Preferred,Required,Required,Preferred,Required,Preferred,Required,Required,Fully Furnished
U0721,Working Professional,Maharashtra,Navi Mumbai,LM0097,20400,25400,Private,Single,Girls,Preferred,Not Required,Preferred,Required,Not Required,Required,Required,Required,Semi Furnished
U0722,Student,Maharashtra,Nashik,LM0079,12100,16100,Shared,Double,Boys,Not Required,Required,Required,Required,Not Required,Preferred,Required,Required,Any
U0723,Student,Gujarat,Surat,LM0018,10400,13600,Shared,Double,Boys,Not Required,Required,Required,Required,Preferred,Required,Required,Required,Semi Furnished
U0724,Student,Maharashtra,Nagpur,LM0075,10200,11900,Private,Single,Girls,Required,Preferred,Required,Preferred,Preferred,Preferred,Not Required,Required,Semi Furnished
U0725,Student,Maharashtra,Nashik,LM0081,9300,12900,Private,Double,Boys,Not Required,Preferred,Preferred,Required,Preferred,Preferred,Not Required,Required,Fully Furnished
U0726,Student,Gujarat,Gandhinagar,LM0033,4600,10300,Shared,Triple,Girls,Preferred,Required,Preferred,Preferred,Not Required,Not Required,Required,Required,Any
U0727,Student,Maharashtra,Pune,LM0064,3700,6100,Dormitory,Dormitory,Girls,Not Required,Required,Required,Required,Preferred,Not Required,Preferred,Preferred,Semi Furnished
U0728,Student,Gujarat,Vadodara,LM0022,10600,16400,Shared,Double,Coed,Required,Required,Required,Required,Required,Preferred,Required,Required,Semi Furnished
U0729,Student,Maharashtra,Mumbai,LM0059,10000,15000,Shared,Triple,Boys,Preferred,Preferred,Preferred,Required,Not Required,Required,Required,Not Required,Any
U0730,Working Professional,Maharashtra,Mumbai,LM0054,37100,42700,Private,Single,Girls,Preferred,Preferred,Preferred,Not Required,Required,Required,Required,Preferred,Any
U0731,Student,Gujarat,Bhavnagar,LM0036,5900,9900,Private,Single,Girls,Required,Required,Required,Preferred,Not Required,Preferred,Preferred,Preferred,Any
U0732,Student,Maharashtra,Nagpur,LM0073,2600,5300,Dormitory,Dormitory,Girls,Not Required,Preferred,Preferred,Preferred,Not Required,Preferred,Preferred,Not Required,Any
U0733,Student,Gujarat,Ahmedabad,LM0007,6300,11800,Shared,Double,Coed,Preferred,Preferred,Preferred,Required,Not Required,Required,Preferred,Required,Semi Furnished
U0734,Student,Maharashtra,Navi Mumbai,LM0099,7800,13500,Shared,Double,Girls,Preferred,Required,Required,Not Required,Not Required,Preferred,Preferred,Required,Any
U0735,Working Professional,Gujarat,Rajkot,LM0027,4200,6600,Shared,Triple,Boys,Required,Preferred,Required,Required,Required,Not Required,Required,Required,Fully Furnished
U0736,Student,Maharashtra,Kolhapur,LM0090,6600,12100,Private,Double,Boys,Preferred,Required,Required,Preferred,Not Required,Preferred,Required,Required,Any
U0737,Student,Maharashtra,Pune,LM0063,11400,17300,Shared,Double,Boys,Required,Required,Required,Preferred,Required,Preferred,Required,Preferred,Fully Furnished
U0738,Student,Maharashtra,Mumbai,LM0052,11200,15400,Shared,Double,Boys,Preferred,Preferred,Preferred,Preferred,Not Required,Preferred,Preferred,Required,Fully Furnished
U0739,Working Professional,Maharashtra,Mumbai,LM0060,14300,18100,Private,Single,Girls,Preferred,Preferred,Required,Required,Required,Required,Required,Required,Fully Furnished
U0740,Working Professional,Maharashtra,Pune,LM0062,15500,17300,Shared,Double,Coed,Required,Preferred,Preferred,Not Required,Required,Required,Required,Required,Any
U0741,Student,Gujarat,Jamnagar,LM0037,9700,12400,Private,Single,Boys,Preferred,Preferred,Preferred,Required,Not Required,Not Required,Required,Preferred,Any
U0742,Student,Gujarat,Ahmedabad,LM0005,11300,12900,Private,Double,Boys,Preferred,Required,Required,Required,Preferred,Required,Preferred,Required,Semi Furnished
U0743,Working Professional,Gujarat,Surat,LM0015,12100,14700,Private,Double,Girls,Preferred,Not Required,Required,Required,Not Required,Required,Required,Required,Fully Furnished
U0744,Working Professional,Maharashtra,Nagpur,LM0077,10400,14300,Private,Double,Boys,Required,Not Required,Required,Required,Preferred,Preferred,Not Required,Preferred,Any
U0745,Student,Maharashtra,Mumbai,LM0054,9100,13100,Dormitory,Dormitory,Girls,Not Required,Preferred,Required,Preferred,Required,Preferred,Not Required,Not Required,Any
U0746,Student,Maharashtra,Nagpur,LM0073,11400,17300,Shared,Double,Boys,Preferred,Required,Required,Not Required,Not Required,Required,Not Required,Required,Fully Furnished
U0747,Student,Maharashtra,Nagpur,LM0074,4400,9600,Dormitory,Dormitory,Boys,Required,Preferred,Required,Preferred,Preferred,Preferred,Preferred,Preferred,Any
U0748,Working Professional,Gujarat,Ahmedabad,LM0009,13400,16600,Shared,Double,Girls,Preferred,Preferred,Required,Required,Required,Preferred,Required,Preferred,Fully Furnished
U0749,Student,Gujarat,Ahmedabad,LM0008,5700,10200,Dormitory,Dormitory,Girls,Required,Required,Required,Required,Preferred,Not Required,Preferred,Preferred,Semi Furnished
U0750,Student,Maharashtra,Amravati,LM0100,6800,10400,Private,Single,Boys,Required,Required,Required,Preferred,Preferred,Preferred,Required,Preferred,Any
U0751,Student,Maharashtra,Mumbai,LM0059,12500,15700,Shared,Double,Boys,Preferred,Preferred,Required,Preferred,Not Required,Preferred,Preferred,Required,Any
U0752,Student,Gujarat,Ahmedabad,LM0006,16600,19700,Private,Single,Girls,Required,Preferred,Preferred,Preferred,Not Required,Not Required,Required,Required,Fully Furnished
U0753,Student,Maharashtra,Navi Mumbai,LM0097,6800,8800,Shared,Triple,Girls,Preferred,Required,Required,Required,Not Required,Required,Preferred,Required,Fully Furnished
U0754,Working Professional,Maharashtra,Navi Mumbai,LM0098,6800,10100,Shared,Triple,Coed,Required,Preferred,Required,Preferred,Required,Preferred,Required,Preferred,Semi Furnished
U0755,Working Professional,Gujarat,Vadodara,LM0023,10900,15900,Private,Single,Girls,Required,Required,Required,Not Required,Preferred,Preferred,Not Required,Required,Fully Furnished
U0756,Working Professional,Maharashtra,Nagpur,LM0073,19000,24600,Private,Single,Boys,Required,Preferred,Required,Not Required,Required,Required,Required,Required,Fully Furnished
U0757,Working Professional,Gujarat,Ahmedabad,LM0009,12800,17900,Shared,Double,Boys,Required,Preferred,Required,Preferred,Preferred,Preferred,Required,Preferred,Any
U0758,Student,Maharashtra,Nagpur,LM0074,6500,9700,Shared,Double,Coed,Not Required,Required,Required,Required,Not Required,Required,Preferred,Required,Any
U0759,Student,Maharashtra,Pune,LM0064,16700,18200,Private,Single,Girls,Required,Required,Preferred,Preferred,Not Required,Required,Required,Required,Any
U0760,Student,Gujarat,Jamnagar,LM0038,3300,6600,Shared,Triple,Coed,Required,Required,Required,Required,Required,Required,Preferred,Preferred,Semi Furnished
U0761,Student,Gujarat,Gandhinagar,LM0030,7000,11400,Private,Double,Girls,Not Required,Preferred,Required,Preferred,Not Required,Preferred,Required,Preferred,Semi Furnished
U0762,Student,Maharashtra,Mumbai,LM0052,14600,20200,Shared,Double,Boys,Not Required,Required,Preferred,Required,Not Required,Required,Required,Required,Semi Furnished
U0763,Student,Gujarat,Nadiad,LM0046,11200,12700,Private,Single,Boys,Preferred,Required,Required,Preferred,Preferred,Preferred,Required,Required,Semi Furnished
U0764,Working Professional,Maharashtra,Navi Mumbai,LM0099,8400,11500,Private,Double,Girls,Required,Required,Required,Preferred,Preferred,Preferred,Preferred,Preferred,Any
U0765,Working Professional,Gujarat,Ahmedabad,LM0001,7600,9700,Dormitory,Dormitory,Boys,Required,Not Required,Required,Not Required,Required,Not Required,Required,Required,Fully Furnished
U0766,Student,Gujarat,Surat,LM0013,7700,13300,Shared,Triple,Boys,Required,Required,Required,Preferred,Not Required,Required,Required,Preferred,Fully Furnished
U0767,Working Professional,Maharashtra,Pune,LM0070,19700,24200,Private,Single,Coed,Not Required,Not Required,Required,Required,Not Required,Preferred,Required,Required,Semi Furnished
U0768,Student,Maharashtra,Kolhapur,LM0091,7200,10800,Shared,Double,Coed,Preferred,Not Required,Preferred,Preferred,Required,Not Required,Required,Required,Fully Furnished
U0769,Student,Gujarat,Surat,LM0018,4200,9600,Dormitory,Dormitory,Boys,Preferred,Not Required,Required,Required,Preferred,Not Required,Required,Required,Fully Furnished
U0770,Student,Gujarat,Vadodara,LM0020,11300,16200,Private,Single,Coed,Preferred,Preferred,Required,Preferred,Not Required,Required,Preferred,Required,Any
U0771,Working Professional,Maharashtra,Mumbai,LM0057,16600,21700,Shared,Double,Girls,Preferred,Preferred,Required,Not Required,Preferred,Preferred,Not Required,Required,Any
U0772,Student,Maharashtra,Thane,LM0083,8500,12700,Shared,Triple,Coed,Preferred,Required,Required,Required,Preferred,Preferred,Not Required,Preferred,Unfurnished
U0773,Student,Gujarat,Ahmedabad,LM0010,7300,11800,Shared,Double,Boys,Not Required,Preferred,Required,Preferred,Not Required,Preferred,Preferred,Required,Unfurnished
U0774,Student,Gujarat,Anand,LM0040,6400,10800,Private,Double,Boys,Preferred,Preferred,Preferred,Not Required,Not Required,Preferred,Required,Preferred,Semi Furnished
U0775,Working Professional,Maharashtra,Pune,LM0065,14300,17100,Shared,Double,Boys,Required,Not Required,Required,Not Required,Not Required,Required,Not Required,Required,Any
U0776,Working Professional,Gujarat,Jamnagar,LM0038,4500,7700,Shared,Triple,Boys,Required,Preferred,Preferred,Required,Preferred,Preferred,Preferred,Preferred,Semi Furnished
U0777,Student,Gujarat,Rajkot,LM0026,5300,10900,Shared,Double,Girls,Required,Required,Preferred,Required,Not Required,Preferred,Preferred,Required,Unfurnished
U0778,Student,Maharashtra,Pune,LM0067,12700,17600,Private,Double,Boys,Preferred,Required,Preferred,Preferred,Not Required,Required,Not Required,Required,Semi Furnished
U0779,Student,Maharashtra,Pune,LM0072,17400,22300,Shared,Double,Girls,Preferred,Preferred,Required,Required,Preferred,Required,Required,Required,Semi Furnished
U0780,Student,Maharashtra,Mumbai,LM0050,6700,11900,Dormitory,Dormitory,Coed,Preferred,Not Required,Required,Preferred,Not Required,Required,Required,Required,Any
U0781,Working Professional,Maharashtra,Chhatrapati Sambhajinagar,LM0087,7000,8700,Shared,Double,Girls,Preferred,Preferred,Not Required,Required,Preferred,Required,Preferred,Preferred,Semi Furnished
U0782,Working Professional,Gujarat,Ahmedabad,LM0005,11200,13800,Shared,Double,Girls,Required,Required,Preferred,Required,Preferred,Preferred,Preferred,Required,Fully Furnished
U0783,Student,Gujarat,Ahmedabad,LM0009,5600,7400,Shared,Double,Girls,Not Required,Required,Preferred,Preferred,Preferred,Required,Required,Preferred,Semi Furnished
U0784,Student,Maharashtra,Mumbai,LM0051,9900,14000,Private,Double,Boys,Not Required,Required,Preferred,Preferred,Not Required,Not Required,Preferred,Required,Fully Furnished
U0785,Student,Maharashtra,Pune,LM0065,10700,13000,Private,Double,Boys,Preferred,Required,Preferred,Preferred,Not Required,Required,Preferred,Required,Semi Furnished
U0786,Working Professional,Maharashtra,Mumbai,LM0059,18300,20800,Private,Single,Girls,Required,Preferred,Required,Not Required,Required,Preferred,Preferred,Required,Fully Furnished
U0787,Student,Maharashtra,Mumbai,LM0059,10000,14700,Shared,Double,Boys,Not Required,Preferred,Required,Preferred,Preferred,Preferred,Required,Preferred,Any
U0788,Working Professional,Gujarat,Vadodara,LM0021,8100,13000,Shared,Double,Girls,Required,Required,Required,Required,Required,Preferred,Preferred,Preferred,Unfurnished
U0789,Student,Gujarat,Mehsana,LM0044,4700,6500,Shared,Triple,Girls,Not Required,Required,Preferred,Preferred,Not Required,Preferred,Required,Preferred,Any
U0790,Student,Maharashtra,Mumbai,LM0051,17700,20400,Shared,Double,Girls,Not Required,Required,Required,Not Required,Not Required,Required,Required,Required,Any
U0791,Student,Maharashtra,Thane,LM0084,11500,15600,Shared,Double,Girls,Preferred,Required,Required,Preferred,Not Required,Preferred,Required,Required,Any
U0792,Working Professional,Maharashtra,Mumbai,LM0052,16700,21800,Private,Single,Girls,Not Required,Required,Required,Required,Not Required,Required,Required,Required,Semi Furnished
U0793,Student,Gujarat,Ahmedabad,LM0008,11300,15700,Shared,Double,Girls,Required,Not Required,Preferred,Required,Not Required,Preferred,Preferred,Not Required,Fully Furnished
U0794,Working Professional,Maharashtra,Mumbai,LM0060,32600,34200,Private,Single,Girls,Not Required,Preferred,Preferred,Required,Not Required,Required,Required,Preferred,Any
U0795,Student,Maharashtra,Mumbai,LM0052,16900,21700,Shared,Double,Boys,Required,Not Required,Not Required,Not Required,Not Required,Required,Required,Required,Any
U0796,Working Professional,Maharashtra,Pune,LM0067,10000,13600,Shared,Triple,Coed,Required,Preferred,Required,Preferred,Not Required,Required,Preferred,Preferred,Any
U0797,Working Professional,Gujarat,Ahmedabad,LM0008,14200,17300,Shared,Double,Girls,Preferred,Preferred,Required,Required,Not Required,Required,Preferred,Preferred,Fully Furnished
U0798,Working Professional,Maharashtra,Pune,LM0064,14800,18100,Shared,Double,Girls,Not Required,Not Required,Required,Preferred,Required,Required,Required,Preferred,Fully Furnished
U0799,Student,Maharashtra,Navi Mumbai,LM0098,7100,10800,Shared,Double,Girls,Not Required,Required,Required,Required,Not Required,Preferred,Required,Preferred,Fully Furnished
U0800,Working Professional,Gujarat,Anand,LM0041,3000,4700,Dormitory,Dormitory,Boys,Preferred,Not Required,Required,Required,Required,Not Required,Preferred,Required,Any
U0801,Student,Maharashtra,Mumbai,LM0057,16700,18900,Private,Single,Boys,Preferred,Not Required,Preferred,Preferred,Preferred,Not Required,Required,Required,Any
U0802,Working Professional,Gujarat,Surat,LM0016,9500,14200,Private,Double,Coed,Preferred,Required,Required,Preferred,Required,Not Required,Required,Preferred,Unfurnished
U0803,Student,Maharashtra,Navi Mumbai,LM0099,12600,16000,Private,Single,Girls,Not Required,Required,Required,Preferred,Not Required,Preferred,Not Required,Required,Semi Furnished
U0804,Student,Gujarat,Ahmedabad,LM0002,16700,20400,Private,Single,Coed,Preferred,Preferred,Required,Preferred,Preferred,Preferred,Required,Required,Any
U0805,Working Professional,Gujarat,Ahmedabad,LM0008,12000,14800,Shared,Double,Boys,Required,Required,Not Required,Required,Not Required,Required,Preferred,Preferred,Semi Furnished
U0806,Working Professional,Maharashtra,Thane,LM0084,14200,19500,Private,Double,Girls,Not Required,Not Required,Required,Preferred,Preferred,Required,Preferred,Required,Semi Furnished
U0807,Working Professional,Gujarat,Surat,LM0016,23200,27300,Private,Single,Girls,Preferred,Preferred,Required,Preferred,Not Required,Not Required,Preferred,Required,Fully Furnished
U0808,Student,Maharashtra,Pune,LM0064,15600,20100,Shared,Double,Boys,Required,Not Required,Required,Preferred,Not Required,Preferred,Required,Preferred,Semi Furnished
U0809,Working Professional,Maharashtra,Thane,LM0084,14800,18800,Shared,Double,Coed,Preferred,Preferred,Required,Required,Not Required,Preferred,Required,Preferred,Any
U0810,Student,Maharashtra,Nashik,LM0080,8000,11600,Shared,Double,Boys,Not Required,Required,Required,Preferred,Not Required,Required,Preferred,Preferred,Semi Furnished
U0811,Working Professional,Maharashtra,Thane,LM0082,9900,13100,Shared,Triple,Coed,Required,Not Required,Preferred,Required,Preferred,Preferred,Required,Required,Any
U0812,Student,Gujarat,Ahmedabad,LM0004,6300,9200,Shared,Triple,Boys,Not Required,Preferred,Required,Required,Required,Preferred,Required,Required,Semi Furnished
U0813,Student,Maharashtra,Solapur,LM0093,8200,13400,Shared,Double,Girls,Required,Preferred,Required,Not Required,Preferred,Required,Not Required,Required,Any
U0814,Working Professional,Gujarat,Vadodara,LM0021,12400,14400,Shared,Double,Boys,Preferred,Preferred,Preferred,Not Required,Required,Preferred,Preferred,Required,Fully Furnished
U0815,Student,Maharashtra,Amravati,LM0101,7200,9000,Private,Single,Coed,Not Required,Preferred,Required,Required,Not Required,Required,Required,Preferred,Fully Furnished
U0816,Working Professional,Gujarat,Surat,LM0013,6100,10400,Dormitory,Dormitory,Girls,Required,Preferred,Required,Preferred,Preferred,Required,Not Required,Preferred,Any
U0817,Student,Gujarat,Ahmedabad,LM0001,8300,10100,Private,Double,Boys,Preferred,Required,Preferred,Preferred,Not Required,Not Required,Required,Required,Semi Furnished
U0818,Student,Maharashtra,Solapur,LM0094,3500,8600,Shared,Triple,Girls,Preferred,Preferred,Required,Preferred,Not Required,Preferred,Required,Required,Any
U0819,Student,Maharashtra,Mumbai,LM0055,11100,14500,Shared,Triple,Girls,Not Required,Required,Required,Required,Not Required,Not Required,Required,Required,Semi Furnished
U0820,Student,Maharashtra,Nagpur,LM0077,10200,14700,Private,Single,Coed,Not Required,Preferred,Preferred,Not Required,Preferred,Not Required,Not Required,Preferred,Unfurnished
U0821,Working Professional,Maharashtra,Pune,LM0070,9300,12600,Shared,Double,Girls,Required,Preferred,Preferred,Required,Required,Not Required,Required,Required,Any
U0822,Student,Maharashtra,Mumbai,LM0056,10800,12600,Shared,Triple,Coed,Required,Required,Preferred,Preferred,Not Required,Preferred,Preferred,Required,Semi Furnished
U0823,Working Professional,Gujarat,Surat,LM0015,9900,12000,Private,Double,Boys,Required,Preferred,Preferred,Required,Required,Required,Required,Required,Semi Furnished
U0824,Student,Gujarat,Gandhinagar,LM0032,6200,10800,Private,Single,Boys,Required,Required,Preferred,Preferred,Not Required,Preferred,Preferred,Required,Semi Furnished
U0825,Student,Maharashtra,Mumbai,LM0049,14700,20200,Shared,Double,Girls,Required,Required,Required,Required,Preferred,Preferred,Preferred,Not Required,Fully Furnished
U0826,Student,Maharashtra,Pune,LM0069,7100,11600,Dormitory,Dormitory,Girls,Preferred,Preferred,Required,Required,Not Required,Not Required,Required,Preferred,Semi Furnished
U0827,Student,Maharashtra,Chhatrapati Sambhajinagar,LM0087,4800,6300,Dormitory,Dormitory,Boys,Required,Required,Required,Required,Preferred,Not Required,Preferred,Required,Semi Furnished
U0828,Student,Maharashtra,Chhatrapati Sambhajinagar,LM0087,11600,15500,Private,Single,Boys,Not Required,Required,Preferred,Preferred,Not Required,Preferred,Preferred,Required,Semi Furnished
U0829,Working Professional,Maharashtra,Mumbai,LM0054,8900,13100,Shared,Triple,Boys,Not Required,Required,Required,Preferred,Not Required,Not Required,Preferred,Preferred,Fully Furnished
U0830,Working Professional,Maharashtra,Nagpur,LM0073,10500,15400,Shared,Triple,Girls,Required,Required,Required,Preferred,Preferred,Required,Required,Preferred,Any
U0831,Student,Gujarat,Gandhinagar,LM0031,6700,9300,Shared,Double,Boys,Preferred,Required,Required,Required,Not Required,Not Required,Required,Not Required,Any
U0832,Working Professional,Maharashtra,Pune,LM0066,10000,12300,Shared,Double,Coed,Preferred,Required,Required,Not Required,Preferred,Preferred,Required,Not Required,Fully Furnished
U0833,Student,Gujarat,Nadiad,LM0048,7000,8600,Private,Double,Boys,Preferred,Required,Preferred,Not Required,Preferred,Preferred,Preferred,Preferred,Any
U0834,Working Professional,Gujarat,Gandhinagar,LM0031,8500,12400,Private,Double,Boys,Preferred,Required,Required,Preferred,Preferred,Preferred,Preferred,Preferred,Any
U0835,Working Professional,Maharashtra,Nashik,LM0078,16100,19300,Shared,Double,Coed,Required,Not Required,Preferred,Preferred,Not Required,Preferred,Preferred,Preferred,Fully Furnished
U0836,Student,Maharashtra,Mumbai,LM0054,20100,23400,Private,Single,Girls,Not Required,Preferred,Preferred,Preferred,Preferred,Not Required,Required,Preferred,Semi Furnished
U0837,Working Professional,Gujarat,Rajkot,LM0027,10500,14900,Private,Double,Boys,Required,Required,Required,Required,Not Required,Not Required,Required,Required,Semi Furnished
U0838,Student,Gujarat,Jamnagar,LM0037,7800,10400,Private,Single,Coed,Preferred,Required,Preferred,Not Required,Not Required,Not Required,Required,Required,Any
U0839,Student,Gujarat,Mehsana,LM0043,4000,8900,Dormitory,Dormitory,Coed,Preferred,Required,Required,Required,Not Required,Preferred,Required,Preferred,Any
U0840,Working Professional,Maharashtra,Mumbai,LM0054,14800,20200,Shared,Triple,Boys,Preferred,Required,Not Required,Not Required,Required,Required,Required,Not Required,Semi Furnished
U0841,Working Professional,Maharashtra,Nashik,LM0080,12600,18200,Private,Single,Coed,Required,Not Required,Preferred,Preferred,Required,Required,Required,Preferred,Any
U0842,Working Professional,Maharashtra,Thane,LM0085,3700,5700,Dormitory,Dormitory,Boys,Required,Required,Required,Preferred,Required,Preferred,Required,Required,Semi Furnished
U0843,Student,Gujarat,Ahmedabad,LM0007,8600,12200,Shared,Triple,Boys,Required,Required,Required,Preferred,Not Required,Not Required,Required,Required,Any
U0844,Student,Gujarat,Ahmedabad,LM0006,6900,12700,Private,Double,Coed,Not Required,Preferred,Preferred,Required,Preferred,Required,Preferred,Required,Any
U0845,Working Professional,Maharashtra,Chhatrapati Sambhajinagar,LM0087,3500,8000,Dormitory,Dormitory,Boys,Preferred,Preferred,Preferred,Required,Preferred,Preferred,Not Required,Required,Any
U0846,Student,Gujarat,Ahmedabad,LM0011,7600,9800,Shared,Double,Girls,Required,Preferred,Required,Not Required,Not Required,Not Required,Preferred,Required,Unfurnished
U0847,Working Professional,Maharashtra,Mumbai,LM0052,5000,10800,Dormitory,Dormitory,Girls,Required,Preferred,Required,Preferred,Preferred,Required,Required,Preferred,Fully Furnished
U0848,Student,Gujarat,Vadodara,LM0024,8300,10300,Shared,Double,Boys,Preferred,Preferred,Required,Preferred,Not Required,Not Required,Required,Required,Any
U0849,Working Professional,Gujarat,Surat,LM0017,12000,14600,Shared,Double,Girls,Required,Preferred,Required,Required,Preferred,Required,Not Required,Preferred,Any
U0850,Student,Maharashtra,Nagpur,LM0076,4900,8100,Dormitory,Dormitory,Girls,Preferred,Required,Required,Required,Not Required,Preferred,Preferred,Preferred,Any
U0851,Student,Gujarat,Gandhinagar,LM0033,4000,7000,Dormitory,Dormitory,Boys,Not Required,Required,Required,Required,Preferred,Preferred,Required,Required,Any
U0852,Student,Maharashtra,Navi Mumbai,LM0099,10100,15100,Shared,Double,Boys,Required,Required,Required,Not Required,Not Required,Required,Required,Required,Any
U0853,Student,Maharashtra,Nashik,LM0079,11900,17400,Shared,Double,Boys,Preferred,Required,Preferred,Required,Not Required,Preferred,Required,Required,Fully Furnished
U0854,Student,Gujarat,Rajkot,LM0027,2600,6900,Dormitory,Dormitory,Girls,Preferred,Required,Required,Not Required,Not Required,Required,Required,Required,Fully Furnished
U0855,Working Professional,Maharashtra,Pune,LM0067,12700,14900,Shared,Triple,Boys,Preferred,Not Required,Required,Required,Preferred,Not Required,Required,Required,Fully Furnished
U0856,Student,Gujarat,Vadodara,LM0024,8400,13300,Private,Double,Boys,Required,Required,Required,Required,Preferred,Required,Not Required,Required,Semi Furnished
U0857,Student,Gujarat,Ahmedabad,LM0005,6900,12800,Shared,Double,Girls,Preferred,Preferred,Required,Required,Not Required,Preferred,Required,Preferred,Fully Furnished
U0858,Student,Maharashtra,Thane,LM0084,11700,14200,Private,Single,Boys,Preferred,Preferred,Required,Required,Preferred,Preferred,Required,Required,Fully Furnished
U0859,Student,Gujarat,Gandhinagar,LM0030,8400,13800,Shared,Double,Girls,Preferred,Preferred,Required,Required,Not Required,Required,Required,Required,Any
U0860,Student,Maharashtra,Mumbai,LM0051,6800,12300,Shared,Triple,Girls,Required,Required,Required,Not Required,Not Required,Required,Required,Preferred,Any
U0861,Student,Gujarat,Surat,LM0015,9300,12400,Shared,Triple,Girls,Preferred,Not Required,Required,Required,Not Required,Required,Required,Required,Unfurnished
U0862,Working Professional,Maharashtra,Nashik,LM0080,18400,22300,Private,Single,Girls,Required,Not Required,Required,Required,Required,Preferred,Required,Required,Unfurnished
U0863,Student,Maharashtra,Nagpur,LM0076,4200,9400,Dormitory,Dormitory,Girls,Preferred,Required,Preferred,Preferred,Not Required,Preferred,Required,Required,Semi Furnished
U0864,Working Professional,Gujarat,Ahmedabad,LM0002,12300,15800,Shared,Double,Boys,Not Required,Required,Required,Required,Preferred,Required,Preferred,Not Required,Semi Furnished
U0865,Student,Maharashtra,Mumbai,LM0050,12600,17500,Shared,Triple,Girls,Preferred,Required,Required,Preferred,Required,Preferred,Required,Required,Semi Furnished
U0866,Working Professional,Gujarat,Surat,LM0016,16700,20700,Private,Double,Coed,Preferred,Not Required,Required,Not Required,Required,Required,Required,Preferred,Fully Furnished
U0867,Student,Gujarat,Rajkot,LM0029,5700,8100,Shared,Double,Coed,Preferred,Preferred,Preferred,Required,Not Required,Not Required,Required,Required,Semi Furnished
U0868,Student,Maharashtra,Chhatrapati Sambhajinagar,LM0088,2500,7500,Dormitory,Dormitory,Coed,Preferred,Required,Required,Preferred,Not Required,Required,Not Required,Preferred,Any
U0869,Working Professional,Maharashtra,Mumbai,LM0052,11300,16300,Private,Double,Girls,Required,Required,Required,Preferred,Preferred,Preferred,Required,Preferred,Any
U0870,Student,Gujarat,Ahmedabad,LM0004,4600,6200,Shared,Triple,Girls,Required,Required,Preferred,Required,Not Required,Not Required,Required,Required,Semi Furnished
U0871,Working Professional,Maharashtra,Pune,LM0065,15100,16700,Private,Double,Coed,Preferred,Not Required,Not Required,Preferred,Required,Preferred,Not Required,Required,Fully Furnished
U0872,Student,Maharashtra,Nagpur,LM0077,12100,14700,Private,Double,Girls,Preferred,Required,Preferred,Not Required,Not Required,Preferred,Required,Required,Semi Furnished
U0873,Student,Maharashtra,Mumbai,LM0049,9200,11300,Shared,Triple,Girls,Preferred,Not Required,Required,Required,Not Required,Not Required,Required,Required,Any
U0874,Working Professional,Maharashtra,Nagpur,LM0076,8800,12300,Dormitory,Dormitory,Coed,Preferred,Required,Preferred,Preferred,Preferred,Required,Not Required,Required,Semi Furnished
U0875,Student,Gujarat,Surat,LM0017,8800,12500,Shared,Double,Coed,Preferred,Not Required,Required,Not Required,Not Required,Required,Not Required,Required,Semi Furnished
U0876,Working Professional,Gujarat,Ahmedabad,LM0011,15600,17300,Shared,Double,Boys,Required,Preferred,Required,Preferred,Preferred,Preferred,Required,Required,Semi Furnished
U0877,Working Professional,Gujarat,Vadodara,LM0022,12200,16100,Private,Single,Boys,Required,Preferred,Preferred,Required,Not Required,Preferred,Not Required,Required,Semi Furnished
U0878,Student,Maharashtra,Pune,LM0063,5800,10200,Shared,Triple,Girls,Not Required,Required,Preferred,Preferred,Not Required,Required,Preferred,Required,Any
U0879,Working Professional,Gujarat,Gandhinagar,LM0030,9600,12100,Shared,Double,Boys,Required,Required,Preferred,Required,Not Required,Preferred,Required,Required,Semi Furnished
U0880,Working Professional,Maharashtra,Pune,LM0066,12700,15400,Shared,Triple,Girls,Preferred,Required,Required,Required,Preferred,Required,Preferred,Required,Fully Furnished
U0881,Student,Gujarat,Surat,LM0015,3900,7600,Dormitory,Dormitory,Coed,Required,Required,Preferred,Required,Not Required,Not Required,Preferred,Required,Semi Furnished
U0882,Student,Maharashtra,Navi Mumbai,LM0097,7500,12700,Shared,Triple,Coed,Preferred,Required,Preferred,Preferred,Preferred,Not Required,Required,Preferred,Unfurnished
U0883,Working Professional,Gujarat,Surat,LM0017,8300,13700,Shared,Double,Boys,Required,Preferred,Required,Preferred,Preferred,Preferred,Required,Preferred,Unfurnished
U0884,Student,Maharashtra,Solapur,LM0092,5700,7400,Private,Double,Coed,Preferred,Preferred,Required,Preferred,Not Required,Required,Required,Preferred,Any
U0885,Student,Maharashtra,Mumbai,LM0060,7500,10600,Shared,Triple,Boys,Not Required,Preferred,Required,Preferred,Required,Required,Required,Required,Any
U0886,Student,Maharashtra,Pune,LM0061,20800,25600,Private,Single,Girls,Preferred,Required,Required,Required,Not Required,Preferred,Required,Required,Semi Furnished
U0887,Student,Maharashtra,Pune,LM0064,17300,19700,Private,Single,Coed,Not Required,Required,Preferred,Required,Not Required,Required,Required,Required,Unfurnished
U0888,Working Professional,Gujarat,Ahmedabad,LM0005,21100,23000,Private,Single,Boys,Required,Preferred,Required,Preferred,Required,Not Required,Preferred,Preferred,Semi Furnished
U0889,Student,Gujarat,Vadodara,LM0024,10700,14500,Private,Single,Boys,Required,Required,Preferred,Required,Not Required,Not Required,Preferred,Required,Any
U0890,Working Professional,Maharashtra,Mumbai,LM0051,13300,15600,Private,Double,Girls,Required,Required,Required,Preferred,Not Required,Preferred,Preferred,Required,Semi Furnished
U0891,Working Professional,Gujarat,Vadodara,LM0020,7300,11700,Shared,Triple,Coed,Required,Required,Required,Required,Not Required,Required,Required,Preferred,Semi Furnished
U0892,Working Professional,Maharashtra,Nagpur,LM0075,10200,14300,Shared,Double,Girls,Required,Required,Preferred,Required,Not Required,Preferred,Preferred,Required,Fully Furnished
U0893,Student,Maharashtra,Amravati,LM0101,9100,13400,Shared,Double,Girls,Not Required,Required,Preferred,Not Required,Not Required,Preferred,Required,Required,Semi Furnished
U0894,Working Professional,Gujarat,Surat,LM0017,4000,6300,Dormitory,Dormitory,Boys,Preferred,Preferred,Required,Required,Preferred,Not Required,Not Required,Preferred,Semi Furnished
U0895,Working Professional,Maharashtra,Pune,LM0066,5800,10600,Shared,Triple,Coed,Required,Preferred,Preferred,Required,Required,Required,Preferred,Not Required,Semi Furnished
U0896,Student,Gujarat,Rajkot,LM0027,6600,10500,Shared,Double,Girls,Not Required,Required,Preferred,Not Required,Not Required,Preferred,Preferred,Not Required,Semi Furnished
U0897,Student,Maharashtra,Mumbai,LM0057,14200,16000,Private,Double,Boys,Preferred,Required,Required,Not Required,Not Required,Preferred,Preferred,Not Required,Semi Furnished
U0898,Student,Maharashtra,Mumbai,LM0057,12800,16200,Private,Double,Girls,Preferred,Preferred,Preferred,Preferred,Preferred,Required,Preferred,Required,Fully Furnished
U0899,Student,Gujarat,Rajkot,LM0029,7700,10700,Shared,Double,Coed,Required,Required,Required,Preferred,Preferred,Preferred,Preferred,Required,Unfurnished
U0900,Student,Maharashtra,Chhatrapati Sambhajinagar,LM0088,5600,9000,Shared,Triple,Coed,Not Required,Required,Required,Required,Not Required,Not Required,Required,Required,Any
U0901,Student,Maharashtra,Solapur,LM0094,4100,6800,Private,Double,Coed,Not Required,Preferred,Preferred,Preferred,Not Required,Not Required,Preferred,Required,Any
U0902,Working Professional,Maharashtra,Chhatrapati Sambhajinagar,LM0088,9900,12400,Private,Single,Coed,Required,Preferred,Required,Preferred,Preferred,Not Required,Not Required,Required,Fully Furnished
U0903,Student,Maharashtra,Chhatrapati Sambhajinagar,LM0088,5300,10400,Shared,Double,Boys,Not Required,Preferred,Required,Preferred,Not Required,Not Required,Not Required,Preferred,Any
U0904,Student,Gujarat,Ahmedabad,LM0008,6100,9000,Shared,Triple,Boys,Not Required,Required,Required,Required,Required,Required,Preferred,Not Required,Any
U0905,Working Professional,Maharashtra,Mumbai,LM0052,12400,18000,Private,Double,Coed,Required,Preferred,Required,Preferred,Not Required,Required,Not Required,Required,Semi Furnished
U0906,Student,Maharashtra,Mumbai,LM0051,11400,14500,Private,Double,Girls,Required,Not Required,Not Required,Not Required,Not Required,Preferred,Required,Required,Unfurnished
U0907,Student,Maharashtra,Mumbai,LM0051,22300,24900,Private,Single,Girls,Not Required,Preferred,Preferred,Required,Not Required,Required,Required,Required,Semi Furnished
U0908,Working Professional,Gujarat,Jamnagar,LM0038,11700,14400,Shared,Double,Boys,Required,Preferred,Preferred,Required,Required,Required,Required,Not Required,Fully Furnished
U0909,Student,Maharashtra,Mumbai,LM0051,4100,6500,Dormitory,Dormitory,Boys,Preferred,Required,Required,Not Required,Not Required,Preferred,Preferred,Required,Any
U0910,Student,Gujarat,Vadodara,LM0022,10000,14200,Shared,Double,Boys,Required,Required,Preferred,Not Required,Not Required,Preferred,Preferred,Required,Any
U0911,Student,Gujarat,Anand,LM0040,5900,10600,Shared,Triple,Boys,Preferred,Required,Required,Not Required,Not Required,Required,Preferred,Preferred,Any
U0912,Working Professional,Gujarat,Anand,LM0040,8200,13300,Shared,Double,Girls,Preferred,Not Required,Preferred,Required,Not Required,Required,Preferred,Preferred,Semi Furnished
U0913,Working Professional,Maharashtra,Mumbai,LM0057,8900,13300,Dormitory,Dormitory,Girls,Required,Required,Required,Not Required,Required,Preferred,Preferred,Preferred,Semi Furnished
U0914,Working Professional,Maharashtra,Pune,LM0063,32300,37800,Private,Single,Boys,Preferred,Not Required,Preferred,Preferred,Preferred,Preferred,Preferred,Required,Any
U0915,Working Professional,Maharashtra,Mumbai,LM0053,17700,23700,Shared,Triple,Girls,Required,Required,Required,Required,Required,Required,Preferred,Not Required,Unfurnished
U0916,Student,Maharashtra,Mumbai,LM0057,12200,15800,Shared,Triple,Boys,Required,Not Required,Required,Required,Not Required,Not Required,Preferred,Required,Semi Furnished
U0917,Working Professional,Maharashtra,Mumbai,LM0054,12200,14800,Shared,Triple,Girls,Required,Preferred,Required,Preferred,Preferred,Not Required,Not Required,Required,Fully Furnished
U0918,Student,Gujarat,Surat,LM0013,13400,15900,Private,Double,Girls,Required,Required,Required,Preferred,Preferred,Not Required,Preferred,Required,Semi Furnished
U0919,Student,Gujarat,Ahmedabad,LM0006,4100,7700,Dormitory,Dormitory,Boys,Not Required,Required,Required,Preferred,Preferred,Preferred,Preferred,Required,Semi Furnished
U0920,Working Professional,Maharashtra,Thane,LM0085,6500,9000,Shared,Double,Coed,Preferred,Preferred,Not Required,Not Required,Required,Not Required,Required,Preferred,Fully Furnished
U0921,Student,Gujarat,Vadodara,LM0025,10500,15100,Shared,Double,Girls,Not Required,Preferred,Required,Not Required,Not Required,Required,Required,Preferred,Fully Furnished
U0922,Working Professional,Gujarat,Ahmedabad,LM0002,9000,12300,Shared,Triple,Girls,Not Required,Not Required,Required,Not Required,Preferred,Not Required,Required,Not Required,Any
U0923,Working Professional,Gujarat,Ahmedabad,LM0011,9100,12100,Dormitory,Dormitory,Girls,Required,Required,Preferred,Required,Preferred,Not Required,Required,Preferred,Fully Furnished
U0924,Student,Maharashtra,Thane,LM0084,6700,9900,Dormitory,Dormitory,Coed,Preferred,Required,Required,Required,Not Required,Required,Not Required,Required,Any
U0925,Student,Gujarat,Ahmedabad,LM0005,13400,18700,Private,Single,Girls,Preferred,Preferred,Required,Required,Preferred,Required,Preferred,Required,Semi Furnished
U0926,Working Professional,Maharashtra,Pune,LM0071,9300,14200,Shared,Triple,Girls,Required,Not Required,Required,Required,Required,Preferred,Preferred,Required,Semi Furnished
U0927,Student,Maharashtra,Amravati,LM0100,3700,5300,Private,Double,Coed,Preferred,Required,Preferred,Preferred,Preferred,Preferred,Preferred,Preferred,Fully Furnished
U0928,Student,Maharashtra,Navi Mumbai,LM0096,3700,5800,Shared,Triple,Coed,Preferred,Required,Required,Preferred,Not Required,Preferred,Required,Required,Semi Furnished
U0929,Student,Maharashtra,Chhatrapati Sambhajinagar,LM0087,4500,9200,Shared,Triple,Girls,Preferred,Required,Preferred,Not Required,Not Required,Required,Preferred,Required,Any
U0930,Working Professional,Maharashtra,Mumbai,LM0057,14300,17100,Private,Double,Boys,Required,Required,Not Required,Not Required,Preferred,Required,Required,Required,Any
U0931,Student,Gujarat,Bhavnagar,LM0035,7200,10800,Shared,Double,Coed,Preferred,Not Required,Required,Preferred,Not Required,Required,Not Required,Not Required,Semi Furnished
U0932,Working Professional,Gujarat,Surat,LM0016,8800,13400,Dormitory,Dormitory,Boys,Not Required,Required,Required,Not Required,Required,Not Required,Not Required,Required,Semi Furnished
U0933,Student,Gujarat,Nadiad,LM0046,6700,9200,Private,Single,Boys,Preferred,Required,Required,Required,Preferred,Required,Preferred,Required,Fully Furnished
U0934,Working Professional,Maharashtra,Mumbai,LM0056,18000,22000,Private,Double,Boys,Required,Not Required,Not Required,Preferred,Not Required,Required,Not Required,Preferred,Fully Furnished
U0935,Working Professional,Gujarat,Gandhinagar,LM0031,9900,13800,Shared,Double,Boys,Not Required,Preferred,Required,Not Required,Not Required,Required,Preferred,Not Required,Semi Furnished
U0936,Working Professional,Maharashtra,Mumbai,LM0058,16200,20500,Shared,Double,Girls,Required,Not Required,Required,Preferred,Preferred,Preferred,Required,Required,Fully Furnished
U0937,Student,Gujarat,Gandhinagar,LM0032,5100,8100,Private,Single,Boys,Not Required,Preferred,Required,Not Required,Preferred,Not Required,Required,Required,Fully Furnished
U0938,Working Professional,Maharashtra,Nashik,LM0078,6400,9600,Shared,Double,Boys,Preferred,Preferred,Required,Required,Required,Preferred,Preferred,Preferred,Semi Furnished
U0939,Student,Maharashtra,Chhatrapati Sambhajinagar,LM0088,8500,10600,Private,Single,Coed,Not Required,Preferred,Preferred,Preferred,Required,Preferred,Required,Required,Semi Furnished
U0940,Working Professional,Gujarat,Bhavnagar,LM0035,7700,13500,Shared,Triple,Girls,Preferred,Preferred,Required,Preferred,Preferred,Required,Preferred,Not Required,Fully Furnished
U0941,Student,Maharashtra,Pune,LM0065,8400,12800,Shared,Triple,Boys,Not Required,Required,Preferred,Required,Not Required,Preferred,Required,Required,Fully Furnished
U0942,Student,Gujarat,Jamnagar,LM0038,7100,8800,Shared,Double,Girls,Not Required,Required,Required,Not Required,Preferred,Required,Required,Preferred,Any
U0943,Student,Maharashtra,Mumbai,LM0055,11200,13600,Shared,Triple,Coed,Not Required,Required,Required,Preferred,Not Required,Preferred,Required,Required,Any
U0944,Student,Gujarat,Ahmedabad,LM0001,13100,17400,Private,Single,Boys,Required,Required,Preferred,Preferred,Not Required,Preferred,Preferred,Required,Any
U0945,Working Professional,Maharashtra,Chhatrapati Sambhajinagar,LM0088,10000,12200,Shared,Double,Girls,Required,Required,Preferred,Preferred,Preferred,Not Required,Required,Not Required,Fully Furnished
U0946,Student,Maharashtra,Pune,LM0069,15200,20600,Shared,Double,Girls,Preferred,Required,Required,Required,Not Required,Preferred,Preferred,Required,Any
U0947,Working Professional,Maharashtra,Nashik,LM0081,7400,11800,Shared,Triple,Boys,Not Required,Not Required,Required,Not Required,Preferred,Preferred,Required,Preferred,Any
U0948,Working Professional,Maharashtra,Mumbai,LM0060,10100,15900,Private,Double,Boys,Required,Preferred,Required,Not Required,Preferred,Preferred,Required,Required,Semi Furnished
U0949,Student,Maharashtra,Amravati,LM0101,6900,12700,Private,Single,Coed,Required,Required,Preferred,Preferred,Not Required,Preferred,Preferred,Required,Fully Furnished
U0950,Working Professional,Maharashtra,Amravati,LM0100,5200,7300,Shared,Triple,Girls,Preferred,Required,Required,Preferred,Not Required,Required,Preferred,Preferred,Fully Furnished
U0951,Student,Gujarat,Ahmedabad,LM0001,3400,8100,Dormitory,Dormitory,Coed,Not Required,Preferred,Required,Preferred,Not Required,Preferred,Preferred,Required,Unfurnished
U0952,Student,Gujarat,Ahmedabad,LM0011,4700,9800,Shared,Triple,Boys,Preferred,Required,Preferred,Preferred,Not Required,Preferred,Required,Preferred,Fully Furnished
U0953,Working Professional,Gujarat,Surat,LM0012,10900,14100,Private,Double,Boys,Preferred,Preferred,Required,Preferred,Required,Required,Preferred,Required,Semi Furnished
U0954,Student,Maharashtra,Kolhapur,LM0091,5100,9200,Private,Double,Coed,Preferred,Preferred,Preferred,Not Required,Not Required,Required,Required,Preferred,Semi Furnished
U0955,Student,Maharashtra,Pune,LM0065,12500,17800,Private,Double,Girls,Required,Preferred,Preferred,Preferred,Not Required,Required,Preferred,Required,Any
U0956,Working Professional,Gujarat,Ahmedabad,LM0005,11500,13600,Shared,Double,Girls,Preferred,Preferred,Not Required,Not Required,Required,Required,Required,Required,Any
U0957,Working Professional,Gujarat,Surat,LM0016,11900,17800,Private,Double,Girls,Required,Preferred,Not Required,Required,Preferred,Preferred,Preferred,Required,Fully Furnished
U0958,Working Professional,Gujarat,Surat,LM0012,12700,18300,Shared,Double,Boys,Required,Preferred,Not Required,Required,Required,Preferred,Not Required,Required,Semi Furnished
U0959,Working Professional,Maharashtra,Mumbai,LM0053,12400,17300,Shared,Triple,Girls,Required,Preferred,Required,Required,Preferred,Required,Preferred,Required,Any
U0960,Working Professional,Gujarat,Ahmedabad,LM0008,9000,14900,Private,Double,Boys,Preferred,Preferred,Required,Not Required,Preferred,Preferred,Required,Preferred,Any
U0961,Student,Gujarat,Vadodara,LM0020,15000,18800,Private,Single,Girls,Required,Required,Preferred,Preferred,Required,Preferred,Not Required,Required,Unfurnished
U0962,Working Professional,Gujarat,Surat,LM0013,15700,20500,Private,Single,Boys,Preferred,Required,Required,Required,Preferred,Not Required,Required,Preferred,Any
U0963,Working Professional,Maharashtra,Amravati,LM0102,8400,10700,Shared,Double,Coed,Preferred,Required,Required,Not Required,Required,Not Required,Preferred,Required,Any
U0964,Student,Gujarat,Gandhinagar,LM0031,10300,15000,Private,Single,Coed,Not Required,Preferred,Required,Required,Preferred,Not Required,Preferred,Preferred,Semi Furnished
U0965,Student,Maharashtra,Nagpur,LM0076,11500,15600,Private,Single,Boys,Required,Required,Required,Not Required,Preferred,Preferred,Required,Preferred,Semi Furnished
U0966,Student,Maharashtra,Mumbai,LM0058,16600,18900,Shared,Double,Coed,Not Required,Required,Required,Not Required,Preferred,Preferred,Required,Required,Fully Furnished
U0967,Student,Maharashtra,Nashik,LM0081,8500,12300,Shared,Double,Boys,Preferred,Preferred,Required,Required,Not Required,Preferred,Required,Preferred,Fully Furnished
U0968,Student,Maharashtra,Mumbai,LM0055,8800,10300,Private,Single,Girls,Not Required,Required,Required,Required,Preferred,Required,Not Required,Preferred,Fully Furnished
U0969,Student,Gujarat,Rajkot,LM0028,8300,10000,Shared,Double,Coed,Required,Required,Preferred,Preferred,Not Required,Preferred,Preferred,Required,Any
U0970,Student,Gujarat,Ahmedabad,LM0009,4700,6800,Dormitory,Dormitory,Girls,Preferred,Not Required,Preferred,Preferred,Not Required,Preferred,Not Required,Required,Semi Furnished
U0971,Working Professional,Gujarat,Ahmedabad,LM0011,12900,18300,Shared,Double,Coed,Required,Required,Preferred,Not Required,Required,Preferred,Not Required,Not Required,Semi Furnished
U0972,Student,Maharashtra,Chhatrapati Sambhajinagar,LM0087,6200,10000,Shared,Double,Boys,Not Required,Required,Preferred,Preferred,Preferred,Preferred,Preferred,Required,Any
U0973,Working Professional,Maharashtra,Navi Mumbai,LM0099,10500,13600,Private,Double,Boys,Preferred,Not Required,Required,Preferred,Not Required,Preferred,Required,Required,Fully Furnished
U0974,Student,Maharashtra,Mumbai,LM0051,10300,15700,Shared,Double,Coed,Preferred,Required,Not Required,Required,Not Required,Not Required,Preferred,Preferred,Fully Furnished
U0975,Student,Maharashtra,Navi Mumbai,LM0098,6600,11500,Shared,Triple,Girls,Preferred,Required,Preferred,Not Required,Not Required,Required,Required,Preferred,Any
U0976,Working Professional,Maharashtra,Pune,LM0063,11100,16500,Shared,Triple,Boys,Required,Preferred,Required,Required,Required,Not Required,Required,Required,Any
U0977,Working Professional,Gujarat,Jamnagar,LM0038,2300,6300,Dormitory,Dormitory,Coed,Required,Preferred,Required,Required,Not Required,Preferred,Preferred,Preferred,Semi Furnished
U0978,Student,Gujarat,Ahmedabad,LM0006,5000,9400,Dormitory,Dormitory,Girls,Preferred,Required,Required,Not Required,Not Required,Required,Not Required,Required,Fully Furnished
U0979,Working Professional,Gujarat,Ahmedabad,LM0006,10700,13100,Shared,Triple,Boys,Required,Preferred,Preferred,Not Required,Preferred,Required,Required,Required,Fully Furnished
U0980,Working Professional,Maharashtra,Pune,LM0062,15000,18200,Private,Double,Girls,Required,Preferred,Required,Preferred,Required,Required,Required,Preferred,Semi Furnished
U0981,Student,Maharashtra,Pune,LM0069,5900,9400,Dormitory,Dormitory,Girls,Preferred,Preferred,Preferred,Required,Not Required,Not Required,Required,Required,Semi Furnished
U0982,Working Professional,Maharashtra,Nashik,LM0080,10700,12300,Shared,Double,Coed,Preferred,Not Required,Preferred,Required,Not Required,Required,Required,Required,Fully Furnished
U0983,Student,Gujarat,Ahmedabad,LM0006,6600,8100,Shared,Double,Boys,Not Required,Required,Required,Not Required,Not Required,Preferred,Preferred,Required,Fully Furnished
U0984,Working Professional,Gujarat,Rajkot,LM0029,6900,10300,Shared,Triple,Girls,Required,Not Required,Required,Required,Not Required,Preferred,Required,Required,Any
U0985,Student,Gujarat,Ahmedabad,LM0005,7900,10600,Shared,Double,Boys,Required,Preferred,Required,Preferred,Not Required,Preferred,Required,Required,Unfurnished
U0986,Student,Gujarat,Rajkot,LM0028,12100,13700,Private,Single,Boys,Required,Preferred,Required,Preferred,Not Required,Required,Required,Required,Fully Furnished
U0987,Student,Maharashtra,Thane,LM0085,7100,10900,Dormitory,Dormitory,Coed,Preferred,Required,Required,Preferred,Preferred,Required,Preferred,Required,Any
U0988,Student,Gujarat,Ahmedabad,LM0007,14300,16000,Private,Single,Boys,Preferred,Required,Required,Preferred,Not Required,Required,Required,Preferred,Semi Furnished
U0989,Working Professional,Gujarat,Vadodara,LM0022,5700,8100,Dormitory,Dormitory,Coed,Required,Not Required,Required,Preferred,Required,Required,Required,Required,Semi Furnished
U0990,Student,Maharashtra,Solapur,LM0094,8900,12500,Private,Single,Boys,Preferred,Required,Not Required,Preferred,Preferred,Required,Required,Required,Any
U0991,Student,Maharashtra,Mumbai,LM0051,7900,11300,Dormitory,Dormitory,Coed,Not Required,Preferred,Preferred,Preferred,Not Required,Not Required,Required,Required,Fully Furnished
U0992,Student,Maharashtra,Chhatrapati Sambhajinagar,LM0087,7800,11300,Shared,Double,Girls,Not Required,Preferred,Required,Preferred,Not Required,Required,Required,Required,Any
U0993,Working Professional,Gujarat,Bhavnagar,LM0036,12300,14900,Private,Single,Boys,Preferred,Required,Required,Required,Preferred,Preferred,Required,Required,Semi Furnished
U0994,Student,Maharashtra,Pune,LM0064,13100,18900,Shared,Double,Boys,Not Required,Required,Required,Preferred,Not Required,Required,Required,Required,Semi Furnished
U0995,Working Professional,Gujarat,Nadiad,LM0046,5600,8800,Private,Double,Boys,Required,Preferred,Required,Preferred,Preferred,Required,Required,Required,Any
U0996,Student,Gujarat,Bhavnagar,LM0035,6000,9300,Private,Double,Boys,Not Required,Required,Preferred,Not Required,Required,Preferred,Required,Required,Any
U0997,Working Professional,Gujarat,Surat,LM0016,11300,16300,Private,Double,Girls,Preferred,Preferred,Required,Required,Required,Preferred,Preferred,Required,Any
U0998,Student,Maharashtra,Thane,LM0084,12400,17300,Shared,Double,Girls,Preferred,Required,Required,Preferred,Not Required,Required,Preferred,Required,Semi Furnished
U0999,Student,Gujarat,Ahmedabad,LM0010,6300,11100,Dormitory,Dormitory,Girls,Preferred,Required,Preferred,Required,Not Required,Required,Preferred,Required,Semi Furnished
U1000,Student,Maharashtra,Mumbai,LM0050,15700,18300,Shared,Double,Boys,Preferred,Preferred,Required,Preferred,Not Required,Not Required,Required,Required,Any
U1001,Student,Gujarat,Nadiad,LM0047,3400,6500,Shared,Triple,Boys,Preferred,Required,Required,Required,Not Required,Not Required,Preferred,Not Required,Semi Furnished
U1002,Student,Maharashtra,Pune,LM0067,25600,28300,Private,Single,Girls,Not Required,Required,Required,Required,Not Required,Required,Preferred,Required,Fully Furnished
U1003,Working Professional,Maharashtra,Mumbai,LM0054,15400,17700,Private,Double,Boys,Not Required,Not Required,Preferred,Not Required,Required,Not Required,Preferred,Required,Unfurnished
U1004,Student,Maharashtra,Mumbai,LM0056,8800,12400,Private,Double,Girls,Preferred,Required,Preferred,Required,Not Required,Not Required,Required,Required,Any
U1005,Working Professional,Gujarat,Nadiad,LM0046,3200,7400,Dormitory,Dormitory,Coed,Preferred,Preferred,Required,Required,Not Required,Required,Not Required,Required,Semi Furnished
U1006,Working Professional,Maharashtra,Mumbai,LM0052,24300,29200,Private,Single,Coed,Required,Required,Required,Required,Not Required,Not Required,Preferred,Required,Semi Furnished
U1007,Working Professional,Maharashtra,Mumbai,LM0052,5800,9100,Dormitory,Dormitory,Boys,Preferred,Preferred,Required,Preferred,Required,Required,Required,Required,Unfurnished
U1008,Student,Gujarat,Anand,LM0042,8100,10500,Private,Double,Coed,Preferred,Preferred,Required,Required,Not Required,Required,Preferred,Preferred,Any
U1009,Student,Gujarat,Bhavnagar,LM0034,11300,16400,Private,Single,Coed,Required,Preferred,Required,Preferred,Preferred,Preferred,Required,Required,Fully Furnished
U1010,Student,Maharashtra,Navi Mumbai,LM0099,10200,15600,Private,Single,Boys,Preferred,Required,Required,Preferred,Not Required,Required,Required,Required,Any
U1011,Working Professional,Maharashtra,Nashik,LM0081,7900,11900,Private,Double,Girls,Preferred,Required,Required,Required,Preferred,Preferred,Preferred,Required,Any
U1012,Working Professional,Maharashtra,Nagpur,LM0077,9800,12900,Shared,Double,Girls,Required,Required,Required,Preferred,Required,Preferred,Required,Preferred,Fully Furnished
U1013,Student,Maharashtra,Chhatrapati Sambhajinagar,LM0088,3800,9700,Shared,Triple,Boys,Not Required,Required,Preferred,Not Required,Not Required,Required,Preferred,Required,Semi Furnished
U1014,Student,Maharashtra,Mumbai,LM0051,17100,20600,Private,Double,Boys,Preferred,Required,Required,Preferred,Preferred,Preferred,Required,Preferred,Fully Furnished
U1015,Working Professional,Gujarat,Vadodara,LM0022,9400,14500,Shared,Double,Girls,Required,Preferred,Preferred,Preferred,Preferred,Preferred,Preferred,Required,Semi Furnished
U1016,Student,Maharashtra,Mumbai,LM0050,5100,8200,Shared,Triple,Coed,Required,Required,Preferred,Required,Not Required,Preferred,Preferred,Required,Semi Furnished
U1017,Working Professional,Maharashtra,Kolhapur,LM0089,5900,9400,Private,Double,Girls,Preferred,Not Required,Required,Required,Not Required,Not Required,Required,Required,Fully Furnished
U1018,Student,Maharashtra,Pune,LM0064,11100,16200,Shared,Triple,Coed,Not Required,Required,Required,Not Required,Not Required,Preferred,Preferred,Required,Semi Furnished
U1019,Student,Maharashtra,Kolhapur,LM0091,1800,6200,Dormitory,Dormitory,Coed,Not Required,Required,Required,Required,Not Required,Required,Required,Not Required,Any
U1020,Working Professional,Maharashtra,Nashik,LM0078,8300,11100,Private,Single,Boys,Required,Preferred,Required,Required,Preferred,Required,Preferred,Required,Any
U1021,Student,Maharashtra,Pune,LM0062,10500,12100,Shared,Triple,Girls,Preferred,Required,Required,Preferred,Not Required,Preferred,Not Required,Required,Unfurnished
U1022,Student,Gujarat,Ahmedabad,LM0008,4900,7500,Dormitory,Dormitory,Girls,Preferred,Required,Preferred,Not Required,Not Required,Preferred,Required,Required,Semi Furnished
U1023,Student,Gujarat,Ahmedabad,LM0006,11900,15000,Private,Single,Boys,Not Required,Not Required,Required,Required,Not Required,Preferred,Required,Preferred,Semi Furnished
U1024,Student,Maharashtra,Thane,LM0084,16900,20800,Private,Single,Boys,Preferred,Required,Required,Preferred,Not Required,Not Required,Preferred,Required,Semi Furnished
U1025,Student,Gujarat,Surat,LM0014,16200,21500,Private,Single,Boys,Preferred,Preferred,Required,Not Required,Preferred,Required,Preferred,Required,Semi Furnished
U1026,Working Professional,Gujarat,Ahmedabad,LM0004,8900,13000,Private,Single,Girls,Preferred,Preferred,Required,Not Required,Preferred,Preferred,Preferred,Required,Any
U1027,Student,Gujarat,Nadiad,LM0046,5000,8800,Private,Double,Coed,Required,Preferred,Preferred,Preferred,Preferred,Preferred,Not Required,Preferred,Semi Furnished
U1028,Working Professional,Maharashtra,Navi Mumbai,LM0099,14600,16900,Private,Double,Girls,Required,Not Required,Not Required,Required,Not Required,Required,Required,Required,Semi Furnished
U1029,Working Professional,Maharashtra,Nagpur,LM0073,13600,16800,Shared,Double,Girls,Required,Preferred,Required,Required,Preferred,Preferred,Required,Preferred,Unfurnished
U1030,Student,Maharashtra,Amravati,LM0101,4300,6600,Shared,Double,Boys,Not Required,Preferred,Preferred,Preferred,Preferred,Preferred,Required,Required,Any
U1031,Working Professional,Maharashtra,Mumbai,LM0050,18200,20400,Shared,Double,Boys,Preferred,Required,Required,Required,Preferred,Required,Preferred,Required,Semi Furnished
U1032,Student,Maharashtra,Pune,LM0070,17600,21300,Private,Single,Boys,Required,Required,Required,Required,Not Required,Preferred,Required,Preferred,Unfurnished
U1033,Working Professional,Gujarat,Surat,LM0014,6100,10600,Shared,Triple,Girls,Required,Preferred,Preferred,Preferred,Required,Preferred,Required,Required,Any
U1034,Working Professional,Gujarat,Rajkot,LM0028,5300,7800,Shared,Double,Girls,Preferred,Required,Required,Preferred,Required,Required,Required,Preferred,Any
U1035,Working Professional,Maharashtra,Pune,LM0064,12300,15000,Shared,Triple,Girls,Preferred,Not Required,Required,Required,Required,Required,Required,Preferred,Any
U1036,Student,Maharashtra,Pune,LM0064,10600,13900,Shared,Triple,Boys,Preferred,Not Required,Not Required,Not Required,Required,Preferred,Not Required,Required,Fully Furnished
U1037,Student,Gujarat,Surat,LM0018,5700,7700,Shared,Double,Boys,Not Required,Required,Preferred,Required,Not Required,Preferred,Preferred,Required,Semi Furnished
U1038,Student,Maharashtra,Pune,LM0061,5500,11400,Dormitory,Dormitory,Girls,Not Required,Required,Preferred,Required,Not Required,Required,Preferred,Required,Semi Furnished
U1039,Working Professional,Gujarat,Vadodara,LM0022,6500,11100,Shared,Triple,Coed,Required,Required,Required,Preferred,Required,Not Required,Required,Preferred,Any
U1040,Student,Gujarat,Rajkot,LM0027,2600,4500,Dormitory,Dormitory,Coed,Preferred,Required,Preferred,Required,Preferred,Preferred,Required,Preferred,Semi Furnished
U1041,Student,Gujarat,Vadodara,LM0023,6200,9600,Shared,Double,Girls,Preferred,Required,Required,Preferred,Preferred,Not Required,Required,Required,Semi Furnished
U1042,Student,Maharashtra,Nashik,LM0081,18400,22800,Private,Single,Coed,Required,Preferred,Required,Required,Not Required,Required,Required,Required,Fully Furnished
U1043,Working Professional,Maharashtra,Chhatrapati Sambhajinagar,LM0088,5500,10000,Shared,Triple,Boys,Required,Not Required,Preferred,Preferred,Preferred,Not Required,Required,Preferred,Any
U1044,Student,Gujarat,Ahmedabad,LM0001,9800,11500,Shared,Triple,Girls,Preferred,Required,Required,Required,Not Required,Preferred,Preferred,Preferred,Fully Furnished
U1045,Student,Maharashtra,Mumbai,LM0053,12600,16700,Shared,Triple,Boys,Required,Required,Preferred,Not Required,Not Required,Preferred,Required,Not Required,Semi Furnished
U1046,Student,Gujarat,Gandhinagar,LM0032,4100,6000,Dormitory,Dormitory,Boys,Preferred,Required,Preferred,Required,Not Required,Preferred,Required,Required,Any
U1047,Student,Gujarat,Vadodara,LM0023,16300,18800,Private,Single,Girls,Preferred,Preferred,Not Required,Not Required,Not Required,Not Required,Required,Required,Semi Furnished
U1048,Student,Gujarat,Jamnagar,LM0039,7300,13100,Shared,Double,Girls,Required,Required,Required,Preferred,Not Required,Required,Required,Required,Semi Furnished
U1049,Working Professional,Gujarat,Ahmedabad,LM0007,5600,8100,Shared,Triple,Girls,Required,Preferred,Preferred,Not Required,Preferred,Required,Preferred,Required,Semi Furnished
U1050,Working Professional,Maharashtra,Pune,LM0070,16400,20200,Private,Double,Girls,Preferred,Preferred,Preferred,Preferred,Required,Required,Preferred,Required,Fully Furnished
U1051,Student,Maharashtra,Mumbai,LM0060,10800,16700,Shared,Triple,Coed,Preferred,Preferred,Required,Preferred,Not Required,Required,Required,Required,Semi Furnished
U1052,Working Professional,Maharashtra,Mumbai,LM0051,17800,22900,Private,Single,Boys,Preferred,Preferred,Preferred,Preferred,Required,Required,Required,Preferred,Any
U1053,Student,Maharashtra,Navi Mumbai,LM0099,10400,14000,Shared,Double,Boys,Not Required,Required,Required,Required,Not Required,Required,Required,Required,Any
U1054,Working Professional,Maharashtra,Mumbai,LM0052,13000,14700,Shared,Double,Coed,Preferred,Not Required,Preferred,Not Required,Preferred,Not Required,Preferred,Preferred,Unfurnished
U1055,Student,Gujarat,Gandhinagar,LM0030,6700,10900,Shared,Triple,Coed,Preferred,Required,Preferred,Preferred,Not Required,Preferred,Preferred,Preferred,Semi Furnished
U1056,Student,Maharashtra,Mumbai,LM0051,26900,29200,Private,Single,Boys,Preferred,Required,Required,Required,Required,Preferred,Required,Not Required,Semi Furnished
U1057,Working Professional,Maharashtra,Nagpur,LM0075,14000,18000,Shared,Double,Boys,Required,Preferred,Required,Required,Preferred,Not Required,Preferred,Preferred,Fully Furnished
U1058,Working Professional,Maharashtra,Pune,LM0068,21100,26400,Shared,Double,Coed,Required,Required,Preferred,Preferred,Not Required,Preferred,Required,Preferred,Any
U1059,Student,Gujarat,Rajkot,LM0027,6600,11200,Private,Single,Girls,Preferred,Required,Required,Required,Not Required,Preferred,Not Required,Required,Unfurnished
U1060,Student,Gujarat,Vadodara,LM0021,9400,13000,Private,Single,Girls,Preferred,Preferred,Preferred,Preferred,Preferred,Preferred,Required,Required,Unfurnished
U1061,Student,Gujarat,Surat,LM0012,9000,12100,Private,Double,Boys,Preferred,Required,Preferred,Preferred,Required,Preferred,Required,Preferred,Any
U1062,Student,Maharashtra,Navi Mumbai,LM0098,15600,17100,Private,Single,Girls,Required,Required,Required,Preferred,Not Required,Not Required,Required,Required,Semi Furnished
U1063,Student,Gujarat,Surat,LM0012,13200,19100,Private,Single,Girls,Required,Not Required,Preferred,Not Required,Not Required,Preferred,Preferred,Preferred,Any
U1064,Working Professional,Maharashtra,Nashik,LM0081,17600,20700,Private,Single,Girls,Not Required,Required,Required,Preferred,Preferred,Not Required,Preferred,Required,Fully Furnished
U1065,Student,Gujarat,Surat,LM0017,4200,6200,Dormitory,Dormitory,Boys,Preferred,Preferred,Preferred,Preferred,Not Required,Not Required,Preferred,Required,Fully Furnished
U1066,Student,Maharashtra,Mumbai,LM0051,17100,22800,Private,Single,Boys,Not Required,Preferred,Required,Required,Not Required,Not Required,Preferred,Preferred,Semi Furnished
U1067,Student,Maharashtra,Mumbai,LM0056,7000,11800,Dormitory,Dormitory,Girls,Preferred,Required,Preferred,Preferred,Preferred,Required,Preferred,Required,Fully Furnished
U1068,Working Professional,Gujarat,Surat,LM0017,8600,14300,Shared,Double,Girls,Preferred,Preferred,Required,Preferred,Not Required,Required,Required,Required,Semi Furnished
U1069,Student,Maharashtra,Nashik,LM0079,16700,22600,Private,Single,Boys,Not Required,Preferred,Preferred,Required,Preferred,Required,Required,Required,Semi Furnished
U1070,Student,Maharashtra,Nagpur,LM0075,8500,13900,Private,Double,Coed,Preferred,Required,Required,Required,Not Required,Preferred,Preferred,Required,Unfurnished
U1071,Working Professional,Gujarat,Ahmedabad,LM0002,7200,8800,Shared,Triple,Coed,Preferred,Required,Not Required,Preferred,Required,Preferred,Preferred,Required,Semi Furnished
U1072,Student,Maharashtra,Thane,LM0085,7500,12400,Private,Double,Coed,Preferred,Preferred,Required,Not Required,Not Required,Preferred,Not Required,Required,Semi Furnished
U1073,Working Professional,Maharashtra,Navi Mumbai,LM0099,7500,9500,Dormitory,Dormitory,Boys,Required,Not Required,Required,Preferred,Preferred,Preferred,Required,Preferred,Semi Furnished
U1074,Working Professional,Gujarat,Surat,LM0012,12900,15000,Shared,Double,Girls,Required,Preferred,Preferred,Required,Preferred,Required,Required,Preferred,Any
U1075,Student,Gujarat,Ahmedabad,LM0008,7200,10400,Shared,Double,Girls,Not Required,Preferred,Preferred,Preferred,Not Required,Required,Required,Required,Fully Furnished
U1076,Working Professional,Gujarat,Surat,LM0014,6900,12200,Shared,Triple,Girls,Required,Required,Preferred,Not Required,Required,Preferred,Required,Preferred,Fully Furnished
U1077,Student,Maharashtra,Mumbai,LM0059,9000,11300,Private,Double,Girls,Not Required,Preferred,Preferred,Preferred,Not Required,Preferred,Required,Required,Semi Furnished
U1078,Working Professional,Gujarat,Gandhinagar,LM0033,8900,12100,Private,Double,Boys,Required,Not Required,Required,Preferred,Preferred,Preferred,Preferred,Preferred,Semi Furnished
U1079,Working Professional,Gujarat,Gandhinagar,LM0033,12800,15900,Private,Single,Boys,Required,Preferred,Preferred,Not Required,Preferred,Preferred,Not Required,Preferred,Any
U1080,Student,Maharashtra,Mumbai,LM0058,8500,11700,Shared,Double,Girls,Preferred,Preferred,Required,Required,Preferred,Preferred,Preferred,Required,Any
U1081,Working Professional,Gujarat,Ahmedabad,LM0001,14200,19600,Private,Double,Girls,Required,Preferred,Required,Preferred,Not Required,Required,Required,Preferred,Any
U1082,Student,Gujarat,Surat,LM0013,5700,11300,Dormitory,Dormitory,Boys,Required,Required,Preferred,Required,Not Required,Preferred,Required,Preferred,Fully Furnished
U1083,Working Professional,Gujarat,Surat,LM0014,9800,11500,Shared,Triple,Boys,Required,Preferred,Not Required,Not Required,Required,Required,Required,Required,Semi Furnished
U1084,Working Professional,Maharashtra,Mumbai,LM0049,21700,25900,Private,Double,Boys,Preferred,Required,Required,Preferred,Preferred,Preferred,Not Required,Required,Any
U1085,Student,Gujarat,Nadiad,LM0048,7900,12900,Shared,Double,Boys,Not Required,Not Required,Required,Preferred,Not Required,Required,Required,Preferred,Fully Furnished
U1086,Student,Gujarat,Vadodara,LM0023,5900,10400,Shared,Triple,Boys,Required,Required,Required,Required,Preferred,Preferred,Required,Required,Unfurnished
U1087,Working Professional,Maharashtra,Amravati,LM0101,5900,7900,Shared,Triple,Girls,Required,Not Required,Required,Preferred,Required,Preferred,Required,Required,Fully Furnished
U1088,Student,Maharashtra,Nagpur,LM0076,12500,16500,Private,Double,Girls,Required,Required,Preferred,Required,Not Required,Required,Required,Preferred,Any
U1089,Student,Gujarat,Vadodara,LM0025,11200,17100,Shared,Double,Boys,Required,Required,Required,Not Required,Preferred,Required,Required,Preferred,Semi Furnished
U1090,Working Professional,Maharashtra,Pune,LM0064,22800,24500,Shared,Double,Boys,Preferred,Not Required,Required,Preferred,Required,Preferred,Preferred,Required,Semi Furnished
U1091,Working Professional,Maharashtra,Mumbai,LM0052,14700,16800,Private,Single,Boys,Required,Preferred,Preferred,Not Required,Preferred,Required,Required,Required,Unfurnished
U1092,Student,Maharashtra,Chhatrapati Sambhajinagar,LM0086,4900,7800,Shared,Double,Boys,Required,Preferred,Preferred,Preferred,Preferred,Preferred,Required,Required,Any
U1093,Working Professional,Maharashtra,Pune,LM0070,18200,19900,Private,Single,Girls,Preferred,Required,Required,Preferred,Preferred,Required,Required,Required,Semi Furnished
U1094,Student,Gujarat,Rajkot,LM0028,5100,9000,Shared,Triple,Boys,Preferred,Required,Required,Not Required,Not Required,Required,Required,Required,Semi Furnished
U1095,Working Professional,Maharashtra,Pune,LM0065,16900,18700,Private,Single,Boys,Preferred,Preferred,Required,Preferred,Required,Preferred,Required,Required,Semi Furnished
U1096,Working Professional,Gujarat,Bhavnagar,LM0035,10700,15700,Private,Double,Boys,Required,Required,Preferred,Not Required,Preferred,Not Required,Preferred,Required,Fully Furnished
U1097,Student,Maharashtra,Pune,LM0065,16900,22100,Shared,Double,Boys,Not Required,Not Required,Preferred,Required,Not Required,Preferred,Preferred,Not Required,Any
U1098,Student,Maharashtra,Mumbai,LM0052,9700,15200,Private,Double,Girls,Not Required,Required,Preferred,Preferred,Not Required,Required,Preferred,Preferred,Semi Furnished
U1099,Student,Gujarat,Ahmedabad,LM0003,16600,20200,Private,Single,Boys,Not Required,Required,Required,Required,Not Required,Preferred,Preferred,Required,Fully Furnished
U1100,Working Professional,Maharashtra,Mumbai,LM0054,13600,15200,Shared,Triple,Girls,Required,Preferred,Required,Required,Preferred,Not Required,Required,Required,Fully Furnished
U1101,Working Professional,Maharashtra,Kolhapur,LM0090,6400,9200,Shared,Triple,Boys,Required,Preferred,Required,Preferred,Not Required,Required,Required,Preferred,Semi Furnished
U1102,Working Professional,Maharashtra,Navi Mumbai,LM0095,11800,13500,Shared,Triple,Girls,Preferred,Preferred,Preferred,Preferred,Required,Preferred,Required,Required,Any
U1103,Working Professional,Maharashtra,Thane,LM0084,8300,13500,Shared,Double,Boys,Required,Preferred,Preferred,Required,Required,Not Required,Required,Required,Any
U1104,Student,Gujarat,Vadodara,LM0021,7700,13600,Private,Double,Boys,Preferred,Required,Required,Required,Not Required,Preferred,Required,Required,Semi Furnished
U1105,Working Professional,Maharashtra,Pune,LM0070,20800,23400,Private,Double,Boys,Preferred,Not Required,Required,Preferred,Preferred,Required,Required,Required,Fully Furnished
U1106,Working Professional,Gujarat,Surat,LM0015,11000,16100,Shared,Triple,Boys,Required,Preferred,Preferred,Required,Preferred,Preferred,Required,Required,Any
U1107,Student,Gujarat,Vadodara,LM0022,10200,13700,Shared,Triple,Girls,Preferred,Preferred,Required,Preferred,Preferred,Required,Required,Required,Unfurnished
U1108,Student,Gujarat,Surat,LM0016,8500,10500,Private,Single,Boys,Not Required,Required,Required,Required,Not Required,Not Required,Preferred,Preferred,Fully Furnished
U1109,Working Professional,Gujarat,Rajkot,LM0029,5000,10100,Private,Double,Girls,Preferred,Required,Preferred,Preferred,Preferred,Required,Required,Not Required,Semi Furnished
U1110,Student,Maharashtra,Nagpur,LM0076,5300,7100,Dormitory,Dormitory,Boys,Preferred,Preferred,Required,Not Required,Not Required,Preferred,Required,Required,Semi Furnished
U1111,Student,Gujarat,Mehsana,LM0044,7500,10700,Private,Single,Coed,Required,Required,Preferred,Preferred,Preferred,Required,Required,Required,Semi Furnished
U1112,Working Professional,Maharashtra,Mumbai,LM0057,18100,23900,Shared,Triple,Coed,Preferred,Preferred,Required,Preferred,Required,Not Required,Required,Preferred,Fully Furnished
U1113,Student,Gujarat,Rajkot,LM0028,3500,5400,Dormitory,Dormitory,Coed,Not Required,Required,Required,Preferred,Required,Preferred,Not Required,Required,Any
U1114,Working Professional,Maharashtra,Chhatrapati Sambhajinagar,LM0087,8800,14300,Private,Single,Girls,Not Required,Preferred,Required,Preferred,Required,Not Required,Not Required,Preferred,Fully Furnished
U1115,Working Professional,Gujarat,Nadiad,LM0048,8800,11500,Shared,Double,Coed,Not Required,Preferred,Preferred,Preferred,Preferred,Preferred,Required,Required,Fully Furnished
U1116,Working Professional,Maharashtra,Mumbai,LM0053,11500,14800,Shared,Double,Girls,Required,Required,Required,Required,Not Required,Required,Preferred,Preferred,Fully Furnished
U1117,Student,Gujarat,Vadodara,LM0023,10500,12300,Private,Double,Coed,Preferred,Not Required,Preferred,Preferred,Not Required,Preferred,Preferred,Not Required,Fully Furnished
U1118,Student,Maharashtra,Navi Mumbai,LM0099,10800,15000,Shared,Double,Girls,Required,Required,Preferred,Preferred,Not Required,Not Required,Preferred,Preferred,Semi Furnished
U1119,Working Professional,Maharashtra,Kolhapur,LM0091,15400,17000,Private,Single,Girls,Required,Required,Preferred,Preferred,Not Required,Preferred,Not Required,Required,Fully Furnished
U1120,Student,Gujarat,Nadiad,LM0047,7000,12000,Shared,Triple,Coed,Preferred,Required,Required,Preferred,Preferred,Preferred,Required,Required,Semi Furnished
U1121,Student,Maharashtra,Pune,LM0070,7300,13100,Dormitory,Dormitory,Coed,Not Required,Preferred,Required,Required,Not Required,Not Required,Required,Preferred,Semi Furnished
U1122,Student,Gujarat,Ahmedabad,LM0004,18000,22600,Private,Single,Girls,Preferred,Preferred,Required,Not Required,Not Required,Preferred,Required,Preferred,Semi Furnished
U1123,Student,Maharashtra,Amravati,LM0102,6900,12800,Private,Single,Boys,Preferred,Preferred,Preferred,Preferred,Not Required,Required,Preferred,Required,Fully Furnished
U1124,Working Professional,Maharashtra,Nashik,LM0081,11600,17400,Private,Double,Coed,Preferred,Required,Required,Not Required,Preferred,Required,Not Required,Preferred,Fully Furnished
U1125,Student,Maharashtra,Pune,LM0063,20100,24100,Private,Double,Girls,Required,Preferred,Required,Preferred,Required,Required,Preferred,Preferred,Fully Furnished
U1126,Working Professional,Gujarat,Ahmedabad,LM0003,7900,9800,Shared,Triple,Girls,Required,Required,Required,Not Required,Preferred,Preferred,Required,Preferred,Semi Furnished
U1127,Student,Gujarat,Ahmedabad,LM0008,10800,16000,Private,Single,Boys,Not Required,Required,Required,Preferred,Not Required,Required,Required,Preferred,Fully Furnished
U1128,Working Professional,Maharashtra,Mumbai,LM0050,24600,29200,Shared,Double,Boys,Preferred,Not Required,Preferred,Required,Preferred,Not Required,Preferred,Required,Unfurnished
U1129,Working Professional,Maharashtra,Thane,LM0083,11000,14800,Shared,Double,Girls,Required,Required,Required,Preferred,Not Required,Required,Preferred,Required,Semi Furnished
U1130,Student,Maharashtra,Mumbai,LM0059,12200,16800,Private,Single,Boys,Not Required,Required,Required,Required,Not Required,Required,Not Required,Preferred,Any
U1131,Working Professional,Gujarat,Anand,LM0042,4900,10100,Shared,Triple,Girls,Required,Preferred,Required,Not Required,Required,Preferred,Preferred,Preferred,Any
U1132,Student,Gujarat,Ahmedabad,LM0011,13000,14900,Private,Single,Girls,Required,Not Required,Preferred,Required,Not Required,Not Required,Preferred,Preferred,Any
U1133,Student,Maharashtra,Pune,LM0069,7400,10700,Dormitory,Dormitory,Boys,Preferred,Required,Required,Preferred,Not Required,Required,Preferred,Required,Any
U1134,Working Professional,Gujarat,Vadodara,LM0024,20100,23300,Private,Single,Girls,Preferred,Not Required,Not Required,Required,Required,Preferred,Preferred,Required,Semi Furnished
U1135,Student,Maharashtra,Nashik,LM0079,7300,10200,Shared,Triple,Boys,Preferred,Preferred,Preferred,Preferred,Preferred,Required,Not Required,Preferred,Semi Furnished
U1136,Working Professional,Maharashtra,Nashik,LM0079,14100,17000,Shared,Double,Boys,Required,Preferred,Required,Required,Not Required,Required,Required,Not Required,Fully Furnished
U1137,Student,Maharashtra,Thane,LM0084,6200,10600,Shared,Double,Coed,Preferred,Preferred,Not Required,Required,Not Required,Preferred,Required,Required,Fully Furnished
U1138,Student,Gujarat,Rajkot,LM0026,3700,8100,Shared,Double,Girls,Not Required,Preferred,Required,Preferred,Preferred,Preferred,Preferred,Required,Any
U1139,Student,Gujarat,Surat,LM0012,9500,13700,Shared,Triple,Boys,Not Required,Required,Required,Not Required,Not Required,Required,Not Required,Required,Fully Furnished
U1140,Working Professional,Gujarat,Rajkot,LM0026,3300,7900,Dormitory,Dormitory,Girls,Not Required,Not Required,Required,Required,Not Required,Required,Required,Required,Any
U1141,Student,Gujarat,Surat,LM0017,8100,11400,Shared,Triple,Boys,Preferred,Preferred,Required,Required,Not Required,Not Required,Preferred,Required,Any
U1142,Working Professional,Maharashtra,Pune,LM0068,28200,29900,Private,Single,Coed,Preferred,Not Required,Required,Preferred,Preferred,Required,Not Required,Required,Semi Furnished
U1143,Student,Maharashtra,Mumbai,LM0054,11000,16000,Shared,Double,Girls,Preferred,Required,Preferred,Required,Not Required,Not Required,Preferred,Preferred,Unfurnished
U1144,Working Professional,Gujarat,Vadodara,LM0023,15100,20700,Shared,Double,Boys,Required,Required,Required,Not Required,Preferred,Preferred,Required,Required,Fully Furnished
U1145,Student,Gujarat,Surat,LM0017,5100,7900,Shared,Triple,Boys,Preferred,Required,Preferred,Required,Not Required,Preferred,Required,Required,Semi Furnished
U1146,Student,Maharashtra,Pune,LM0063,14000,18900,Private,Single,Girls,Preferred,Preferred,Required,Required,Preferred,Required,Required,Preferred,Fully Furnished
U1147,Working Professional,Gujarat,Vadodara,LM0022,10900,14400,Shared,Double,Boys,Required,Required,Preferred,Preferred,Not Required,Preferred,Not Required,Required,Fully Furnished
U1148,Student,Maharashtra,Mumbai,LM0060,15300,19000,Private,Single,Boys,Not Required,Preferred,Required,Required,Not Required,Required,Preferred,Preferred,Unfurnished
U1149,Student,Gujarat,Ahmedabad,LM0002,6500,10000,Shared,Double,Coed,Required,Preferred,Preferred,Preferred,Not Required,Preferred,Required,Not Required,Semi Furnished
U1150,Student,Maharashtra,Pune,LM0066,15500,18300,Private,Double,Boys,Required,Required,Required,Preferred,Not Required,Required,Required,Required,Any
U1151,Working Professional,Gujarat,Surat,LM0017,20200,25000,Private,Single,Girls,Required,Required,Required,Not Required,Required,Required,Preferred,Preferred,Fully Furnished
U1152,Student,Maharashtra,Pune,LM0066,6700,9000,Shared,Triple,Boys,Required,Preferred,Preferred,Required,Not Required,Required,Required,Required,Fully Furnished
U1153,Working Professional,Gujarat,Surat,LM0013,10100,12800,Shared,Triple,Coed,Required,Not Required,Required,Required,Required,Not Required,Not Required,Preferred,Unfurnished
U1154,Student,Maharashtra,Pune,LM0064,12200,14300,Shared,Double,Coed,Preferred,Required,Required,Required,Not Required,Required,Preferred,Preferred,Any
U1155,Student,Maharashtra,Navi Mumbai,LM0098,3900,8200,Dormitory,Dormitory,Coed,Not Required,Required,Preferred,Required,Not Required,Preferred,Required,Required,Any
U1156,Working Professional,Gujarat,Surat,LM0012,6900,12300,Dormitory,Dormitory,Coed,Required,Required,Required,Not Required,Required,Preferred,Required,Required,Any
U1157,Working Professional,Gujarat,Vadodara,LM0021,13300,16600,Shared,Double,Girls,Required,Not Required,Preferred,Preferred,Not Required,Not Required,Preferred,Required,Semi Furnished
U1158,Working Professional,Maharashtra,Mumbai,LM0052,35900,39100,Private,Single,Girls,Required,Not Required,Required,Preferred,Not Required,Not Required,Required,Preferred,Any
U1159,Working Professional,Gujarat,Nadiad,LM0048,3100,4700,Dormitory,Dormitory,Girls,Required,Preferred,Required,Preferred,Required,Preferred,Not Required,Preferred,Semi Furnished
U1160,Student,Maharashtra,Thane,LM0082,12100,14900,Shared,Double,Boys,Required,Required,Preferred,Required,Required,Preferred,Required,Preferred,Fully Furnished
U1161,Working Professional,Gujarat,Ahmedabad,LM0009,6300,7800,Shared,Triple,Girls,Preferred,Preferred,Required,Preferred,Required,Required,Preferred,Required,Fully Furnished
U1162,Working Professional,Gujarat,Ahmedabad,LM0001,14300,19100,Shared,Double,Girls,Required,Required,Not Required,Preferred,Preferred,Required,Required,Required,Semi Furnished
U1163,Working Professional,Maharashtra,Pune,LM0061,23200,29200,Shared,Double,Boys,Required,Preferred,Preferred,Required,Required,Preferred,Preferred,Preferred,Fully Furnished
U1164,Student,Maharashtra,Chhatrapati Sambhajinagar,LM0087,4700,8000,Private,Double,Girls,Not Required,Required,Required,Preferred,Not Required,Not Required,Preferred,Preferred,Any
U1165,Student,Gujarat,Gandhinagar,LM0030,2800,7700,Shared,Triple,Girls,Preferred,Preferred,Preferred,Preferred,Required,Preferred,Preferred,Required,Any
U1166,Working Professional,Gujarat,Gandhinagar,LM0032,4000,7100,Shared,Triple,Coed,Not Required,Required,Required,Required,Preferred,Preferred,Preferred,Required,Fully Furnished
U1167,Working Professional,Maharashtra,Nagpur,LM0076,14300,17300,Private,Single,Girls,Preferred,Not Required,Not Required,Preferred,Not Required,Preferred,Required,Not Required,Any
U1168,Working Professional,Maharashtra,Solapur,LM0093,8600,14200,Shared,Double,Girls,Required,Not Required,Not Required,Preferred,Preferred,Required,Required,Required,Fully Furnished
U1169,Student,Maharashtra,Navi Mumbai,LM0095,3400,6800,Shared,Triple,Girls,Required,Preferred,Required,Preferred,Not Required,Required,Preferred,Required,Fully Furnished
U1170,Working Professional,Maharashtra,Navi Mumbai,LM0097,10800,13400,Shared,Triple,Girls,Not Required,Required,Required,Not Required,Required,Preferred,Required,Required,Fully Furnished
U1171,Working Professional,Gujarat,Jamnagar,LM0039,13700,17400,Private,Single,Boys,Required,Not Required,Required,Not Required,Not Required,Not Required,Required,Preferred,Semi Furnished
U1172,Working Professional,Maharashtra,Pune,LM0070,12900,16400,Private,Single,Girls,Required,Required,Required,Not Required,Not Required,Preferred,Preferred,Preferred,Semi Furnished
U1173,Working Professional,Maharashtra,Navi Mumbai,LM0097,11700,16800,Shared,Double,Boys,Not Required,Preferred,Preferred,Required,Required,Required,Required,Required,Semi Furnished
U1174,Working Professional,Maharashtra,Amravati,LM0101,3900,6100,Dormitory,Dormitory,Girls,Not Required,Required,Required,Required,Required,Preferred,Preferred,Required,Semi Furnished
U1175,Working Professional,Gujarat,Anand,LM0042,9200,13400,Private,Single,Boys,Preferred,Preferred,Preferred,Preferred,Required,Required,Preferred,Required,Fully Furnished
U1176,Student,Maharashtra,Nagpur,LM0076,8300,10000,Shared,Double,Coed,Not Required,Preferred,Required,Preferred,Required,Preferred,Not Required,Required,Unfurnished
U1177,Student,Gujarat,Ahmedabad,LM0008,11200,13800,Private,Single,Girls,Required,Preferred,Not Required,Not Required,Not Required,Preferred,Preferred,Required,Semi Furnished
U1178,Student,Gujarat,Surat,LM0017,4800,6900,Shared,Triple,Coed,Not Required,Preferred,Preferred,Required,Not Required,Required,Preferred,Preferred,Fully Furnished
U1179,Student,Maharashtra,Thane,LM0085,11100,16400,Private,Single,Girls,Preferred,Required,Required,Preferred,Not Required,Required,Required,Preferred,Semi Furnished
U1180,Student,Gujarat,Ahmedabad,LM0004,4400,10400,Dormitory,Dormitory,Boys,Preferred,Required,Required,Not Required,Not Required,Not Required,Preferred,Preferred,Fully Furnished
U1181,Working Professional,Maharashtra,Thane,LM0085,12100,17600,Private,Single,Boys,Required,Not Required,Required,Required,Required,Preferred,Required,Required,Any
U1182,Student,Maharashtra,Mumbai,LM0056,6400,11300,Shared,Triple,Girls,Preferred,Required,Required,Preferred,Not Required,Preferred,Preferred,Required,Semi Furnished
U1183,Working Professional,Gujarat,Rajkot,LM0027,9200,13400,Private,Single,Girls,Required,Required,Preferred,Required,Not Required,Required,Preferred,Required,Semi Furnished
U1184,Working Professional,Gujarat,Surat,LM0013,14800,20800,Shared,Double,Girls,Required,Not Required,Required,Required,Required,Preferred,Required,Preferred,Semi Furnished
U1185,Working Professional,Gujarat,Ahmedabad,LM0004,8800,12200,Private,Double,Boys,Required,Not Required,Preferred,Required,Preferred,Preferred,Required,Not Required,Fully Furnished
U1186,Working Professional,Maharashtra,Pune,LM0070,6400,11200,Dormitory,Dormitory,Boys,Required,Not Required,Required,Preferred,Not Required,Not Required,Not Required,Required,Semi Furnished
U1187,Student,Maharashtra,Mumbai,LM0051,12500,16100,Shared,Double,Girls,Not Required,Required,Not Required,Preferred,Not Required,Not Required,Required,Not Required,Fully Furnished
U1188,Working Professional,Gujarat,Vadodara,LM0025,6700,10700,Shared,Triple,Coed,Preferred,Preferred,Preferred,Preferred,Required,Required,Required,Required,Fully Furnished
U1189,Working Professional,Maharashtra,Pune,LM0065,5700,7200,Dormitory,Dormitory,Girls,Required,Required,Preferred,Preferred,Preferred,Preferred,Preferred,Required,Fully Furnished
U1190,Working Professional,Maharashtra,Thane,LM0085,6100,10800,Dormitory,Dormitory,Girls,Not Required,Required,Required,Required,Preferred,Required,Preferred,Required,Any
U1191,Student,Gujarat,Jamnagar,LM0037,7900,13900,Shared,Double,Boys,Required,Required,Required,Required,Preferred,Not Required,Required,Required,Semi Furnished
U1192,Student,Maharashtra,Kolhapur,LM0090,7900,12100,Private,Single,Girls,Preferred,Required,Preferred,Required,Not Required,Not Required,Required,Required,Unfurnished
U1193,Working Professional,Maharashtra,Nashik,LM0079,9100,14500,Shared,Double,Boys,Preferred,Required,Required,Preferred,Required,Preferred,Preferred,Preferred,Any
U1194,Student,Maharashtra,Navi Mumbai,LM0099,4400,9200,Dormitory,Dormitory,Coed,Required,Required,Preferred,Required,Not Required,Required,Required,Required,Unfurnished
U1195,Student,Gujarat,Rajkot,LM0028,4900,8900,Shared,Double,Girls,Preferred,Required,Required,Not Required,Not Required,Preferred,Preferred,Preferred,Semi Furnished
U1196,Working Professional,Gujarat,Ahmedabad,LM0009,9400,13500,Private,Double,Girls,Required,Preferred,Preferred,Not Required,Preferred,Preferred,Required,Preferred,Fully Furnished
U1197,Working Professional,Maharashtra,Pune,LM0070,19800,21400,Private,Double,Coed,Preferred,Not Required,Preferred,Required,Not Required,Preferred,Preferred,Required,Any
U1198,Student,Maharashtra,Mumbai,LM0055,12900,16900,Shared,Triple,Girls,Not Required,Required,Preferred,Preferred,Not Required,Preferred,Required,Required,Unfurnished
U1199,Student,Gujarat,Anand,LM0042,6800,12000,Shared,Double,Boys,Not Required,Required,Preferred,Preferred,Preferred,Preferred,Required,Required,Any
U1200,Student,Maharashtra,Pune,LM0063,11100,15900,Dormitory,Dormitory,Girls,Not Required,Required,Required,Not Required,Preferred,Required,Preferred,Required,Any
U1201,Working Professional,Maharashtra,Mumbai,LM0059,16300,17900,Shared,Double,Boys,Required,Preferred,Required,Not Required,Required,Required,Preferred,Required,Any
U1202,Student,Maharashtra,Mumbai,LM0058,16500,20000,Private,Single,Boys,Not Required,Preferred,Required,Required,Not Required,Not Required,Required,Required,Any
U1203,Student,Gujarat,Ahmedabad,LM0007,7500,10300,Shared,Triple,Girls,Preferred,Required,Preferred,Required,Not Required,Preferred,Preferred,Required,Semi Furnished
U1204,Student,Maharashtra,Pune,LM0070,9600,11300,Shared,Double,Girls,Required,Preferred,Required,Preferred,Preferred,Not Required,Required,Required,Fully Furnished
U1205,Student,Maharashtra,Mumbai,LM0060,28500,31600,Private,Single,Coed,Preferred,Required,Required,Required,Not Required,Not Required,Required,Required,Fully Furnished
U1206,Student,Gujarat,Mehsana,LM0044,6900,11100,Shared,Triple,Girls,Not Required,Preferred,Required,Required,Not Required,Required,Preferred,Required,Fully Furnished
U1207,Working Professional,Maharashtra,Nagpur,LM0076,22900,25200,Private,Single,Coed,Required,Required,Required,Required,Preferred,Required,Required,Required,Semi Furnished
U1208,Working Professional,Maharashtra,Pune,LM0065,15600,20400,Private,Single,Boys,Preferred,Preferred,Preferred,Required,Preferred,Preferred,Required,Required,Fully Furnished
U1209,Student,Maharashtra,Pune,LM0065,8500,13000,Private,Double,Boys,Not Required,Required,Required,Preferred,Not Required,Preferred,Preferred,Preferred,Semi Furnished
U1210,Student,Gujarat,Ahmedabad,LM0002,7600,11400,Shared,Triple,Girls,Required,Required,Preferred,Preferred,Not Required,Preferred,Required,Preferred,Semi Furnished
U1211,Student,Maharashtra,Pune,LM0065,8600,13600,Dormitory,Dormitory,Boys,Required,Required,Required,Required,Preferred,Preferred,Required,Required,Unfurnished
U1212,Student,Maharashtra,Mumbai,LM0054,16600,18900,Shared,Double,Boys,Preferred,Not Required,Preferred,Required,Required,Preferred,Required,Required,Fully Furnished
U1213,Student,Gujarat,Gandhinagar,LM0031,4500,8000,Shared,Triple,Boys,Preferred,Preferred,Preferred,Not Required,Not Required,Not Required,Preferred,Required,Any
U1214,Working Professional,Gujarat,Gandhinagar,LM0032,8300,13400,Shared,Double,Boys,Not Required,Preferred,Preferred,Not Required,Not Required,Preferred,Required,Not Required,Fully Furnished
U1215,Student,Gujarat,Jamnagar,LM0039,4500,6600,Dormitory,Dormitory,Boys,Required,Required,Preferred,Required,Preferred,Preferred,Preferred,Required,Semi Furnished
U1216,Student,Maharashtra,Mumbai,LM0050,11800,13800,Private,Double,Boys,Preferred,Required,Required,Preferred,Not Required,Required,Required,Required,Semi Furnished
U1217,Working Professional,Maharashtra,Pune,LM0062,24800,27000,Private,Single,Coed,Preferred,Required,Required,Required,Not Required,Required,Preferred,Required,Any
U1218,Student,Maharashtra,Nashik,LM0081,13000,18200,Shared,Double,Boys,Preferred,Required,Required,Required,Required,Required,Required,Preferred,Semi Furnished
U1219,Working Professional,Gujarat,Vadodara,LM0020,14700,17300,Private,Double,Girls,Required,Required,Preferred,Preferred,Not Required,Required,Required,Required,Any
U1220,Student,Maharashtra,Pune,LM0070,9400,14600,Shared,Triple,Girls,Required,Required,Preferred,Preferred,Not Required,Not Required,Required,Required,Semi Furnished
U1221,Working Professional,Maharashtra,Mumbai,LM0049,25600,31000,Private,Single,Boys,Required,Preferred,Required,Preferred,Required,Preferred,Required,Preferred,Fully Furnished
U1222,Student,Maharashtra,Mumbai,LM0059,20000,25300,Private,Single,Coed,Preferred,Preferred,Required,Not Required,Preferred,Preferred,Required,Required,Any
U1223,Student,Maharashtra,Solapur,LM0094,4900,9300,Shared,Triple,Girls,Preferred,Required,Required,Preferred,Not Required,Preferred,Required,Required,Any
U1224,Working Professional,Maharashtra,Mumbai,LM0056,11900,17300,Private,Double,Girls,Preferred,Required,Required,Not Required,Required,Preferred,Preferred,Required,Semi Furnished
U1225,Student,Gujarat,Surat,LM0017,11400,14800,Private,Double,Girls,Not Required,Preferred,Required,Required,Not Required,Preferred,Preferred,Required,Unfurnished
U1226,Working Professional,Gujarat,Ahmedabad,LM0011,8200,10100,Shared,Double,Coed,Preferred,Not Required,Required,Required,Required,Preferred,Required,Required,Fully Furnished
U1227,Working Professional,Gujarat,Ahmedabad,LM0004,11900,15800,Shared,Double,Girls,Preferred,Preferred,Required,Not Required,Preferred,Required,Preferred,Preferred,Any
U1228,Student,Gujarat,Rajkot,LM0028,4200,8800,Shared,Double,Boys,Not Required,Required,Required,Preferred,Not Required,Required,Preferred,Preferred,Any
U1229,Student,Maharashtra,Pune,LM0065,7200,11800,Shared,Double,Boys,Required,Required,Required,Preferred,Not Required,Preferred,Preferred,Required,Fully Furnished
U1230,Student,Maharashtra,Mumbai,LM0051,6700,11300,Dormitory,Dormitory,Boys,Required,Preferred,Required,Required,Required,Required,Required,Preferred,Any
U1231,Working Professional,Gujarat,Bhavnagar,LM0035,5100,7400,Shared,Triple,Coed,Required,Preferred,Required,Preferred,Not Required,Preferred,Preferred,Required,Any
U1232,Working Professional,Gujarat,Gandhinagar,LM0033,11200,16500,Private,Single,Boys,Preferred,Preferred,Preferred,Preferred,Required,Preferred,Required,Required,Semi Furnished
U1233,Student,Maharashtra,Pune,LM0062,13500,15200,Shared,Triple,Boys,Preferred,Required,Preferred,Preferred,Not Required,Preferred,Preferred,Required,Any
U1234,Working Professional,Maharashtra,Pune,LM0068,12200,16600,Shared,Triple,Girls,Preferred,Preferred,Required,Preferred,Not Required,Required,Required,Preferred,Fully Furnished
U1235,Student,Gujarat,Gandhinagar,LM0031,6400,8900,Private,Double,Boys,Required,Required,Preferred,Preferred,Preferred,Preferred,Required,Not Required,Semi Furnished
U1236,Student,Maharashtra,Pune,LM0071,17300,19700,Private,Single,Boys,Preferred,Required,Required,Not Required,Preferred,Not Required,Preferred,Not Required,Semi Furnished
U1237,Working Professional,Maharashtra,Pune,LM0072,28000,34000,Private,Single,Girls,Required,Not Required,Required,Required,Preferred,Required,Required,Required,Semi Furnished
U1238,Working Professional,Maharashtra,Thane,LM0085,13000,18300,Private,Single,Coed,Required,Preferred,Preferred,Preferred,Required,Not Required,Required,Preferred,Any
U1239,Working Professional,Gujarat,Rajkot,LM0028,6600,9700,Shared,Double,Girls,Preferred,Required,Required,Preferred,Required,Not Required,Required,Preferred,Fully Furnished
U1240,Working Professional,Gujarat,Ahmedabad,LM0001,5000,9900,Dormitory,Dormitory,Boys,Required,Preferred,Required,Required,Not Required,Not Required,Preferred,Required,Fully Furnished
U1241,Working Professional,Maharashtra,Pune,LM0070,6600,9100,Dormitory,Dormitory,Girls,Required,Required,Required,Required,Preferred,Required,Required,Required,Fully Furnished
U1242,Student,Maharashtra,Kolhapur,LM0090,3900,7400,Dormitory,Dormitory,Girls,Not Required,Required,Preferred,Preferred,Required,Not Required,Preferred,Required,Fully Furnished
U1243,Working Professional,Gujarat,Ahmedabad,LM0010,13000,15600,Private,Single,Boys,Not Required,Required,Required,Preferred,Not Required,Required,Required,Required,Semi Furnished
U1244,Working Professional,Maharashtra,Kolhapur,LM0090,8100,13500,Private,Single,Boys,Required,Not Required,Required,Required,Not Required,Preferred,Preferred,Required,Any
U1245,Student,Maharashtra,Nagpur,LM0073,5100,7000,Shared,Triple,Boys,Not Required,Required,Required,Required,Not Required,Required,Preferred,Preferred,Any
U1246,Student,Maharashtra,Mumbai,LM0051,6300,9100,Shared,Triple,Girls,Not Required,Required,Required,Not Required,Preferred,Preferred,Required,Required,Semi Furnished
U1247,Student,Gujarat,Ahmedabad,LM0011,10900,14300,Private,Double,Boys,Preferred,Required,Preferred,Preferred,Not Required,Preferred,Required,Required,Any
U1248,Student,Maharashtra,Mumbai,LM0051,6000,10400,Dormitory,Dormitory,Boys,Not Required,Preferred,Required,Not Required,Not Required,Required,Required,Required,Semi Furnished
U1249,Student,Maharashtra,Nagpur,LM0074,11400,17100,Private,Double,Coed,Not Required,Preferred,Required,Required,Not Required,Required,Required,Required,Semi Furnished
U1250,Student,Gujarat,Surat,LM0012,7400,11000,Shared,Double,Girls,Preferred,Required,Not Required,Not Required,Required,Preferred,Required,Preferred,Any
U1251,Working Professional,Gujarat,Vadodara,LM0020,9900,13900,Shared,Triple,Boys,Preferred,Required,Required,Not Required,Not Required,Preferred,Required,Required,Any
U1252,Working Professional,Maharashtra,Nagpur,LM0073,17800,19700,Private,Single,Coed,Preferred,Preferred,Required,Not Required,Preferred,Preferred,Required,Required,Any
U1253,Student,Maharashtra,Nagpur,LM0076,8700,12500,Shared,Double,Girls,Preferred,Preferred,Preferred,Required,Not Required,Preferred,Required,Required,Fully Furnished
U1254,Student,Maharashtra,Thane,LM0084,5700,9900,Private,Double,Girls,Preferred,Preferred,Required,Not Required,Not Required,Required,Preferred,Required,Any
U1255,Student,Maharashtra,Chhatrapati Sambhajinagar,LM0088,5200,7300,Shared,Triple,Girls,Not Required,Required,Required,Preferred,Preferred,Required,Preferred,Required,Any
U1256,Student,Maharashtra,Nagpur,LM0074,12600,15000,Shared,Double,Girls,Not Required,Required,Preferred,Not Required,Preferred,Preferred,Required,Required,Fully Furnished
U1257,Working Professional,Maharashtra,Navi Mumbai,LM0095,8100,12800,Private,Double,Boys,Not Required,Preferred,Preferred,Required,Preferred,Required,Preferred,Required,Semi Furnished
U1258,Student,Maharashtra,Pune,LM0065,17000,19400,Shared,Double,Girls,Preferred,Required,Required,Preferred,Not Required,Required,Required,Required,Any
U1259,Student,Maharashtra,Nashik,LM0081,7200,11800,Shared,Triple,Boys,Not Required,Preferred,Not Required,Required,Preferred,Preferred,Preferred,Required,Semi Furnished
U1260,Working Professional,Maharashtra,Mumbai,LM0049,5200,6700,Dormitory,Dormitory,Girls,Preferred,Preferred,Required,Preferred,Not Required,Required,Required,Required,Fully Furnished
U1261,Student,Maharashtra,Pune,LM0072,15800,19200,Private,Double,Boys,Preferred,Preferred,Preferred,Preferred,Required,Preferred,Required,Required,Any
U1262,Student,Gujarat,Gandhinagar,LM0030,7100,10400,Shared,Double,Boys,Required,Preferred,Required,Not Required,Not Required,Required,Preferred,Required,Semi Furnished
U1263,Working Professional,Gujarat,Mehsana,LM0043,6800,12300,Private,Single,Boys,Required,Not Required,Required,Preferred,Preferred,Preferred,Required,Required,Semi Furnished
U1264,Student,Gujarat,Anand,LM0041,3000,8300,Dormitory,Dormitory,Coed,Required,Preferred,Preferred,Required,Preferred,Required,Preferred,Required,Any
U1265,Working Professional,Maharashtra,Nagpur,LM0074,10200,14100,Shared,Triple,Girls,Preferred,Preferred,Not Required,Required,Preferred,Preferred,Required,Required,Fully Furnished
U1266,Student,Gujarat,Ahmedabad,LM0009,5800,7400,Shared,Double,Boys,Preferred,Preferred,Required,Preferred,Preferred,Preferred,Required,Required,Any
U1267,Student,Maharashtra,Nashik,LM0080,10400,14800,Private,Single,Girls,Required,Preferred,Required,Required,Preferred,Required,Preferred,Preferred,Any
U1268,Working Professional,Maharashtra,Chhatrapati Sambhajinagar,LM0087,12000,16400,Private,Single,Coed,Required,Not Required,Preferred,Required,Preferred,Preferred,Required,Not Required,Fully Furnished
U1269,Student,Maharashtra,Chhatrapati Sambhajinagar,LM0086,2400,5000,Dormitory,Dormitory,Coed,Preferred,Required,Preferred,Not Required,Not Required,Required,Not Required,Not Required,Unfurnished
U1270,Working Professional,Gujarat,Ahmedabad,LM0008,8000,13400,Dormitory,Dormitory,Boys,Not Required,Not Required,Required,Required,Required,Not Required,Required,Preferred,Semi Furnished
U1271,Student,Gujarat,Jamnagar,LM0038,4100,9100,Dormitory,Dormitory,Boys,Preferred,Not Required,Required,Not Required,Not Required,Preferred,Preferred,Required,Fully Furnished
U1272,Student,Maharashtra,Pune,LM0069,8900,11000,Shared,Double,Boys,Not Required,Required,Preferred,Preferred,Not Required,Required,Required,Required,Any
U1273,Working Professional,Gujarat,Gandhinagar,LM0031,5100,8900,Shared,Double,Boys,Required,Preferred,Required,Not Required,Required,Required,Preferred,Required,Any
U1274,Student,Gujarat,Rajkot,LM0028,8200,9800,Shared,Double,Coed,Required,Preferred,Required,Preferred,Not Required,Preferred,Required,Required,Any
U1275,Working Professional,Maharashtra,Pune,LM0068,14800,19200,Shared,Triple,Girls,Required,Required,Required,Not Required,Not Required,Not Required,Preferred,Preferred,Fully Furnished
U1276,Working Professional,Maharashtra,Pune,LM0071,27300,30600,Private,Single,Girls,Required,Preferred,Required,Preferred,Preferred,Required,Required,Preferred,Fully Furnished
U1277,Working Professional,Gujarat,Mehsana,LM0045,4800,9200,Shared,Triple,Boys,Required,Required,Required,Required,Required,Preferred,Preferred,Required,Fully Furnished
U1278,Student,Maharashtra,Mumbai,LM0049,6700,12600,Shared,Triple,Coed,Not Required,Required,Required,Required,Required,Preferred,Not Required,Preferred,Fully Furnished
U1279,Student,Maharashtra,Solapur,LM0093,6500,10500,Private,Double,Coed,Preferred,Not Required,Required,Preferred,Not Required,Not Required,Required,Preferred,Any
U1280,Student,Gujarat,Bhavnagar,LM0034,5700,10700,Shared,Double,Boys,Preferred,Required,Required,Required,Required,Required,Required,Required,Semi Furnished
U1281,Working Professional,Gujarat,Vadodara,LM0022,12300,13900,Shared,Double,Girls,Preferred,Not Required,Required,Required,Not Required,Not Required,Required,Required,Any
U1282,Student,Gujarat,Gandhinagar,LM0030,4800,9500,Shared,Triple,Boys,Required,Preferred,Preferred,Required,Not Required,Required,Required,Preferred,Any
U1283,Student,Gujarat,Gandhinagar,LM0031,3900,6600,Private,Double,Coed,Preferred,Required,Required,Preferred,Required,Required,Preferred,Required,Semi Furnished
U1284,Working Professional,Maharashtra,Pune,LM0071,7600,9600,Shared,Triple,Boys,Required,Not Required,Not Required,Preferred,Not Required,Not Required,Preferred,Required,Fully Furnished
U1285,Student,Gujarat,Jamnagar,LM0039,4400,7400,Shared,Triple,Boys,Required,Preferred,Preferred,Required,Not Required,Required,Required,Required,Any
U1286,Student,Maharashtra,Solapur,LM0093,8600,12500,Private,Double,Boys,Preferred,Required,Required,Not Required,Preferred,Not Required,Preferred,Required,Semi Furnished
U1287,Student,Maharashtra,Navi Mumbai,LM0097,7000,9900,Shared,Triple,Girls,Preferred,Required,Not Required,Not Required,Not Required,Preferred,Required,Preferred,Semi Furnished
U1288,Student,Maharashtra,Thane,LM0082,7600,9600,Private,Double,Coed,Preferred,Preferred,Required,Preferred,Not Required,Required,Preferred,Preferred,Semi Furnished
U1289,Working Professional,Maharashtra,Mumbai,LM0060,33400,35900,Private,Single,Girls,Required,Required,Not Required,Preferred,Required,Required,Required,Preferred,Unfurnished
U1290,Student,Gujarat,Ahmedabad,LM0011,6400,11700,Shared,Double,Boys,Preferred,Not Required,Required,Preferred,Not Required,Not Required,Not Required,Required,Semi Furnished
U1291,Working Professional,Gujarat,Gandhinagar,LM0032,9700,14000,Private,Double,Boys,Required,Not Required,Preferred,Not Required,Not Required,Preferred,Not Required,Required,Semi Furnished
U1292,Student,Gujarat,Rajkot,LM0026,8200,10300,Private,Single,Boys,Not Required,Required,Required,Preferred,Not Required,Not Required,Required,Required,Semi Furnished
U1293,Student,Maharashtra,Pune,LM0072,5400,11100,Dormitory,Dormitory,Coed,Preferred,Required,Preferred,Required,Not Required,Preferred,Required,Preferred,Any
U1294,Working Professional,Maharashtra,Pune,LM0064,10700,12900,Shared,Triple,Boys,Preferred,Required,Required,Preferred,Not Required,Not Required,Required,Not Required,Semi Furnished
U1295,Working Professional,Maharashtra,Mumbai,LM0056,19500,25400,Private,Double,Girls,Not Required,Required,Required,Not Required,Required,Required,Required,Preferred,Fully Furnished
U1296,Student,Gujarat,Jamnagar,LM0037,5200,9500,Shared,Triple,Coed,Not Required,Required,Required,Preferred,Not Required,Preferred,Required,Required,Semi Furnished
U1297,Student,Gujarat,Rajkot,LM0027,4900,7600,Shared,Double,Girls,Required,Preferred,Required,Not Required,Preferred,Required,Required,Preferred,Fully Furnished
U1298,Working Professional,Maharashtra,Mumbai,LM0050,17300,23200,Shared,Triple,Boys,Preferred,Preferred,Required,Not Required,Preferred,Not Required,Preferred,Required,Semi Furnished
U1299,Working Professional,Maharashtra,Mumbai,LM0049,11500,15100,Shared,Triple,Boys,Required,Preferred,Preferred,Not Required,Required,Preferred,Preferred,Required,Semi Furnished
U1300,Working Professional,Gujarat,Surat,LM0018,7700,11800,Dormitory,Dormitory,Coed,Preferred,Required,Required,Required,Required,Required,Preferred,Preferred,Any
U1301,Student,Gujarat,Ahmedabad,LM0004,5200,7300,Dormitory,Dormitory,Boys,Preferred,Preferred,Preferred,Not Required,Not Required,Required,Required,Required,Any
U1302,Student,Maharashtra,Mumbai,LM0059,8400,13600,Shared,Double,Boys,Required,Not Required,Required,Not Required,Required,Preferred,Preferred,Required,Any
U1303,Working Professional,Maharashtra,Thane,LM0083,10700,12500,Private,Single,Girls,Required,Required,Preferred,Preferred,Required,Preferred,Preferred,Required,Any
U1304,Student,Gujarat,Ahmedabad,LM0006,6100,9100,Dormitory,Dormitory,Boys,Required,Required,Required,Required,Not Required,Preferred,Required,Required,Semi Furnished
U1305,Working Professional,Gujarat,Rajkot,LM0027,5500,11300,Shared,Triple,Boys,Not Required,Required,Preferred,Required,Not Required,Required,Required,Required,Fully Furnished
U1306,Student,Maharashtra,Navi Mumbai,LM0099,4900,9900,Shared,Triple,Girls,Preferred,Required,Required,Preferred,Not Required,Required,Preferred,Required,Semi Furnished
U1307,Working Professional,Maharashtra,Nagpur,LM0076,19500,22400,Private,Single,Girls,Preferred,Preferred,Required,Preferred,Not Required,Preferred,Required,Preferred,Any
U1308,Student,Gujarat,Surat,LM0012,10100,15600,Private,Single,Girls,Preferred,Required,Required,Not Required,Not Required,Required,Required,Required,Semi Furnished
U1309,Student,Gujarat,Ahmedabad,LM0003,8400,10500,Shared,Double,Girls,Required,Not Required,Preferred,Preferred,Not Required,Preferred,Required,Preferred,Any
U1310,Working Professional,Maharashtra,Pune,LM0062,22500,28400,Shared,Double,Coed,Required,Not Required,Required,Required,Not Required,Required,Not Required,Preferred,Unfurnished
U1311,Student,Maharashtra,Nagpur,LM0073,10200,12000,Private,Single,Girls,Preferred,Required,Required,Required,Not Required,Not Required,Not Required,Preferred,Fully Furnished
U1312,Working Professional,Maharashtra,Mumbai,LM0051,17000,19400,Private,Single,Girls,Preferred,Not Required,Preferred,Required,Not Required,Preferred,Preferred,Required,Any
U1313,Working Professional,Gujarat,Surat,LM0017,13500,16000,Shared,Double,Girls,Not Required,Preferred,Preferred,Not Required,Not Required,Preferred,Required,Required,Fully Furnished
U1314,Working Professional,Maharashtra,Navi Mumbai,LM0096,7900,10800,Private,Double,Boys,Required,Preferred,Preferred,Required,Not Required,Required,Required,Preferred,Semi Furnished
U1315,Student,Maharashtra,Navi Mumbai,LM0096,14100,18800,Private,Single,Boys,Preferred,Required,Preferred,Preferred,Preferred,Preferred,Required,Required,Semi Furnished
U1316,Working Professional,Maharashtra,Thane,LM0085,11800,15500,Private,Double,Boys,Not Required,Preferred,Required,Not Required,Preferred,Preferred,Preferred,Required,Fully Furnished
U1317,Working Professional,Maharashtra,Pune,LM0065,22100,26800,Private,Single,Girls,Preferred,Required,Preferred,Required,Preferred,Preferred,Required,Preferred,Fully Furnished
U1318,Working Professional,Gujarat,Mehsana,LM0044,8100,11000,Private,Single,Girls,Required,Required,Preferred,Preferred,Required,Not Required,Required,Required,Fully Furnished
U1319,Working Professional,Maharashtra,Pune,LM0070,14600,17900,Shared,Triple,Coed,Preferred,Required,Required,Preferred,Preferred,Not Required,Required,Required,Any
U1320,Student,Maharashtra,Nagpur,LM0077,12500,14900,Private,Single,Girls,Not Required,Required,Required,Required,Not Required,Preferred,Required,Required,Semi Furnished
U1321,Working Professional,Gujarat,Vadodara,LM0025,7800,12500,Shared,Double,Coed,Preferred,Preferred,Required,Preferred,Preferred,Required,Preferred,Required,Semi Furnished
U1322,Student,Gujarat,Surat,LM0014,11400,15000,Shared,Double,Coed,Preferred,Not Required,Required,Required,Preferred,Required,Preferred,Required,Semi Furnished
U1323,Student,Gujarat,Surat,LM0013,7800,13000,Private,Double,Coed,Preferred,Preferred,Not Required,Preferred,Required,Preferred,Required,Required,Any
U1324,Student,Maharashtra,Thane,LM0083,16000,18700,Private,Single,Coed,Required,Required,Required,Preferred,Not Required,Not Required,Preferred,Preferred,Semi Furnished
U1325,Working Professional,Maharashtra,Navi Mumbai,LM0098,11900,16800,Private,Double,Boys,Required,Required,Preferred,Preferred,Not Required,Preferred,Required,Required,Any
U1326,Student,Maharashtra,Pune,LM0067,9400,15100,Shared,Triple,Girls,Preferred,Preferred,Required,Not Required,Preferred,Required,Required,Required,Any
U1327,Working Professional,Gujarat,Vadodara,LM0020,7200,11100,Dormitory,Dormitory,Coed,Required,Required,Preferred,Required,Not Required,Preferred,Required,Required,Any
U1328,Working Professional,Gujarat,Bhavnagar,LM0035,5100,11100,Private,Double,Coed,Not Required,Required,Required,Required,Required,Preferred,Required,Required,Any
U1329,Student,Maharashtra,Nashik,LM0080,18300,22600,Private,Single,Girls,Preferred,Required,Required,Required,Not Required,Required,Required,Not Required,Semi Furnished
U1330,Student,Gujarat,Surat,LM0016,5800,11400,Dormitory,Dormitory,Boys,Preferred,Preferred,Required,Preferred,Not Required,Preferred,Preferred,Preferred,Any
U1331,Student,Gujarat,Vadodara,LM0021,9600,13200,Private,Single,Girls,Preferred,Required,Required,Required,Preferred,Not Required,Preferred,Required,Semi Furnished
U1332,Student,Maharashtra,Solapur,LM0092,7500,9800,Private,Double,Boys,Required,Required,Required,Not Required,Not Required,Preferred,Preferred,Required,Semi Furnished
U1333,Student,Maharashtra,Nagpur,LM0073,7700,10900,Shared,Triple,Girls,Preferred,Required,Required,Not Required,Required,Required,Required,Required,Any
U1334,Working Professional,Maharashtra,Kolhapur,LM0090,8900,10500,Private,Single,Girls,Preferred,Preferred,Preferred,Not Required,Required,Preferred,Required,Required,Fully Furnished
U1335,Student,Gujarat,Rajkot,LM0026,4600,8400,Private,Double,Coed,Not Required,Preferred,Required,Required,Not Required,Not Required,Not Required,Required,Fully Furnished
U1336,Student,Gujarat,Surat,LM0015,13900,18400,Shared,Double,Boys,Required,Preferred,Preferred,Required,Not Required,Not Required,Required,Required,Unfurnished
U1337,Working Professional,Maharashtra,Navi Mumbai,LM0097,15200,19100,Shared,Double,Girls,Required,Required,Preferred,Preferred,Required,Preferred,Preferred,Preferred,Any
U1338,Working Professional,Maharashtra,Solapur,LM0092,12700,17500,Private,Single,Boys,Required,Required,Required,Preferred,Not Required,Not Required,Not Required,Required,Fully Furnished
U1339,Student,Gujarat,Ahmedabad,LM0004,5100,8300,Shared,Triple,Boys,Preferred,Not Required,Required,Preferred,Not Required,Preferred,Required,Required,Semi Furnished
U1340,Student,Gujarat,Rajkot,LM0028,3900,7600,Shared,Triple,Girls,Not Required,Required,Required,Preferred,Preferred,Preferred,Required,Required,Fully Furnished
U1341,Student,Maharashtra,Pune,LM0062,10000,11700,Private,Double,Coed,Required,Required,Preferred,Not Required,Not Required,Required,Not Required,Required,Semi Furnished
U1342,Student,Gujarat,Surat,LM0019,9000,14400,Shared,Double,Coed,Required,Preferred,Preferred,Required,Not Required,Required,Preferred,Required,Semi Furnished
U1343,Student,Gujarat,Ahmedabad,LM0003,8000,9600,Shared,Double,Boys,Not Required,Preferred,Required,Required,Required,Required,Required,Required,Semi Furnished
U1344,Student,Gujarat,Ahmedabad,LM0001,5800,10200,Shared,Triple,Girls,Preferred,Preferred,Preferred,Required,Not Required,Preferred,Required,Required,Any
U1345,Working Professional,Gujarat,Surat,LM0018,6200,8300,Shared,Triple,Girls,Required,Not Required,Preferred,Preferred,Required,Preferred,Preferred,Required,Semi Furnished
U1346,Student,Maharashtra,Thane,LM0083,17500,23300,Private,Single,Coed,Required,Required,Required,Preferred,Not Required,Required,Preferred,Required,Any
U1347,Student,Maharashtra,Mumbai,LM0059,7000,10300,Shared,Triple,Girls,Preferred,Required,Preferred,Preferred,Not Required,Preferred,Preferred,Required,Semi Furnished
U1348,Student,Gujarat,Bhavnagar,LM0036,2800,8300,Dormitory,Dormitory,Boys,Required,Required,Preferred,Required,Preferred,Preferred,Required,Required,Fully Furnished
U1349,Student,Maharashtra,Mumbai,LM0059,8900,10800,Shared,Double,Boys,Not Required,Preferred,Required,Preferred,Preferred,Required,Required,Not Required,Any
U1350,Working Professional,Maharashtra,Nagpur,LM0073,10900,13800,Shared,Double,Girls,Required,Not Required,Required,Required,Preferred,Required,Not Required,Preferred,Semi Furnished
U1351,Working Professional,Maharashtra,Nagpur,LM0076,8200,12900,Private,Double,Boys,Required,Not Required,Preferred,Required,Preferred,Preferred,Preferred,Preferred,Any
U1352,Working Professional,Gujarat,Surat,LM0017,13000,14700,Shared,Double,Girls,Preferred,Required,Required,Preferred,Not Required,Not Required,Required,Not Required,Any
U1353,Working Professional,Gujarat,Ahmedabad,LM0005,12300,15400,Shared,Double,Girls,Required,Preferred,Not Required,Required,Required,Preferred,Required,Preferred,Any
U1354,Student,Gujarat,Surat,LM0014,9700,15600,Shared,Triple,Boys,Required,Required,Not Required,Not Required,Not Required,Preferred,Required,Required,Semi Furnished
U1355,Working Professional,Maharashtra,Pune,LM0071,12600,17200,Shared,Triple,Girls,Preferred,Preferred,Preferred,Not Required,Preferred,Preferred,Required,Required,Fully Furnished
U1356,Working Professional,Gujarat,Vadodara,LM0020,20200,24800,Private,Single,Girls,Required,Not Required,Required,Not Required,Preferred,Required,Required,Preferred,Semi Furnished
U1357,Student,Maharashtra,Chhatrapati Sambhajinagar,LM0088,8300,12200,Private,Single,Boys,Preferred,Required,Required,Preferred,Preferred,Preferred,Not Required,Required,Any
U1358,Working Professional,Maharashtra,Pune,LM0069,8800,11100,Dormitory,Dormitory,Girls,Preferred,Not Required,Not Required,Preferred,Required,Not Required,Required,Preferred,Fully Furnished
U1359,Student,Gujarat,Gandhinagar,LM0032,12500,14300,Private,Single,Girls,Required,Preferred,Required,Not Required,Not Required,Required,Preferred,Required,Semi Furnished
U1360,Student,Gujarat,Nadiad,LM0046,3800,6100,Shared,Triple,Coed,Required,Required,Required,Preferred,Preferred,Preferred,Preferred,Preferred,Semi Furnished
U1361,Student,Maharashtra,Pune,LM0064,10700,14100,Shared,Triple,Girls,Not Required,Preferred,Required,Required,Preferred,Preferred,Preferred,Required,Semi Furnished
U1362,Working Professional,Gujarat,Surat,LM0017,14700,17300,Private,Single,Girls,Required,Not Required,Required,Required,Not Required,Preferred,Required,Not Required,Semi Furnished
U1363,Student,Maharashtra,Navi Mumbai,LM0096,10800,13100,Private,Double,Girls,Not Required,Preferred,Required,Required,Not Required,Preferred,Not Required,Required,Semi Furnished
U1364,Student,Maharashtra,Pune,LM0067,13800,19200,Private,Single,Girls,Not Required,Required,Required,Preferred,Preferred,Not Required,Preferred,Required,Any
U1365,Working Professional,Gujarat,Surat,LM0013,13600,17700,Shared,Double,Girls,Preferred,Not Required,Required,Required,Preferred,Preferred,Required,Required,Any
U1366,Student,Maharashtra,Amravati,LM0101,8300,12200,Shared,Double,Girls,Required,Preferred,Preferred,Not Required,Not Required,Required,Preferred,Preferred,Any
U1367,Student,Gujarat,Ahmedabad,LM0004,14100,18700,Shared,Double,Girls,Required,Not Required,Preferred,Not Required,Preferred,Preferred,Preferred,Required,Any
U1368,Student,Gujarat,Ahmedabad,LM0008,4800,9100,Shared,Triple,Girls,Required,Required,Required,Required,Preferred,Not Required,Preferred,Preferred,Fully Furnished
U1369,Student,Maharashtra,Nashik,LM0078,5700,7700,Shared,Triple,Boys,Required,Preferred,Required,Preferred,Not Required,Not Required,Required,Required,Fully Furnished
U1370,Student,Gujarat,Nadiad,LM0048,10100,13100,Private,Single,Girls,Preferred,Preferred,Required,Required,Not Required,Preferred,Required,Preferred,Any
U1371,Student,Maharashtra,Nagpur,LM0073,5300,8400,Shared,Triple,Boys,Required,Required,Preferred,Preferred,Not Required,Required,Required,Required,Semi Furnished
U1372,Working Professional,Gujarat,Vadodara,LM0021,17400,22400,Private,Single,Boys,Preferred,Required,Required,Not Required,Required,Not Required,Preferred,Not Required,Fully Furnished
U1373,Working Professional,Maharashtra,Mumbai,LM0050,11500,16600,Dormitory,Dormitory,Boys,Required,Preferred,Required,Preferred,Required,Not Required,Required,Preferred,Fully Furnished
U1374,Working Professional,Maharashtra,Mumbai,LM0060,15900,18000,Shared,Double,Girls,Required,Required,Required,Not Required,Not Required,Required,Required,Required,Fully Furnished
U1375,Student,Gujarat,Ahmedabad,LM0006,4800,6800,Dormitory,Dormitory,Coed,Preferred,Required,Required,Not Required,Not Required,Preferred,Preferred,Required,Any
U1376,Student,Maharashtra,Chhatrapati Sambhajinagar,LM0086,5800,9500,Shared,Double,Girls,Not Required,Required,Required,Required,Not Required,Preferred,Required,Required,Fully Furnished
U1377,Student,Gujarat,Surat,LM0014,3500,7400,Dormitory,Dormitory,Boys,Not Required,Preferred,Required,Preferred,Preferred,Preferred,Required,Required,Any
U1378,Student,Maharashtra,Pune,LM0067,18100,24000,Private,Single,Girls,Preferred,Required,Preferred,Not Required,Not Required,Not Required,Preferred,Required,Fully Furnished
U1379,Student,Maharashtra,Nashik,LM0081,11800,14000,Private,Single,Coed,Required,Preferred,Required,Not Required,Not Required,Required,Preferred,Required,Fully Furnished
U1380,Student,Maharashtra,Nagpur,LM0076,9200,11500,Shared,Triple,Boys,Not Required,Required,Required,Not Required,Not Required,Preferred,Preferred,Preferred,Semi Furnished
U1381,Working Professional,Maharashtra,Chhatrapati Sambhajinagar,LM0088,4400,7100,Dormitory,Dormitory,Girls,Required,Preferred,Required,Preferred,Preferred,Preferred,Preferred,Preferred,Fully Furnished
U1382,Working Professional,Gujarat,Jamnagar,LM0039,7400,10200,Private,Single,Coed,Required,Required,Not Required,Not Required,Required,Preferred,Required,Required,Fully Furnished
U1383,Student,Maharashtra,Pune,LM0062,10900,15500,Shared,Double,Girls,Preferred,Required,Preferred,Required,Preferred,Not Required,Required,Required,Any
U1384,Student,Gujarat,Jamnagar,LM0038,8600,13000,Shared,Double,Girls,Preferred,Required,Preferred,Not Required,Not Required,Preferred,Required,Required,Fully Furnished
U1385,Student,Maharashtra,Nashik,LM0081,11900,16300,Private,Double,Girls,Preferred,Required,Required,Required,Preferred,Required,Preferred,Required,Semi Furnished
U1386,Student,Maharashtra,Kolhapur,LM0089,4500,6500,Shared,Triple,Girls,Required,Preferred,Preferred,Required,Preferred,Preferred,Preferred,Preferred,Semi Furnished
U1387,Working Professional,Gujarat,Anand,LM0041,9300,12300,Shared,Double,Girls,Required,Required,Preferred,Required,Required,Preferred,Required,Preferred,Any
U1388,Student,Maharashtra,Solapur,LM0094,4700,10000,Private,Double,Boys,Preferred,Preferred,Required,Not Required,Not Required,Preferred,Preferred,Required,Semi Furnished
U1389,Working Professional,Gujarat,Vadodara,LM0025,11500,14700,Shared,Double,Coed,Preferred,Not Required,Required,Required,Not Required,Required,Preferred,Preferred,Fully Furnished
U1390,Student,Maharashtra,Pune,LM0061,6900,9800,Shared,Triple,Girls,Not Required,Preferred,Required,Not Required,Required,Not Required,Preferred,Preferred,Fully Furnished
U1391,Working Professional,Maharashtra,Pune,LM0068,10000,13800,Shared,Double,Coed,Not Required,Preferred,Preferred,Not Required,Preferred,Preferred,Required,Preferred,Fully Furnished
U1392,Student,Gujarat,Ahmedabad,LM0010,11700,16800,Private,Double,Boys,Required,Not Required,Preferred,Not Required,Not Required,Required,Preferred,Required,Semi Furnished
U1393,Student,Maharashtra,Mumbai,LM0050,18500,21900,Private,Double,Girls,Preferred,Not Required,Required,Preferred,Preferred,Required,Required,Required,Any
U1394,Student,Gujarat,Jamnagar,LM0037,8500,12600,Private,Single,Boys,Not Required,Not Required,Required,Required,Not Required,Preferred,Required,Required,Any
U1395,Student,Gujarat,Surat,LM0016,5700,9300,Private,Double,Boys,Preferred,Preferred,Required,Required,Preferred,Not Required,Required,Required,Fully Furnished
U1396,Student,Maharashtra,Nashik,LM0079,12200,17300,Private,Single,Girls,Preferred,Required,Required,Required,Preferred,Preferred,Required,Preferred,Fully Furnished
U1397,Working Professional,Maharashtra,Solapur,LM0094,6300,8000,Shared,Double,Girls,Required,Required,Required,Preferred,Required,Required,Required,Preferred,Semi Furnished
U1398,Student,Maharashtra,Nagpur,LM0077,6000,10000,Shared,Triple,Coed,Required,Preferred,Required,Required,Not Required,Preferred,Required,Required,Any
U1399,Working Professional,Maharashtra,Navi Mumbai,LM0096,14700,17800,Private,Single,Coed,Preferred,Preferred,Required,Required,Preferred,Not Required,Required,Preferred,Semi Furnished
U1400,Student,Maharashtra,Thane,LM0084,6400,12300,Shared,Triple,Coed,Preferred,Required,Required,Required,Not Required,Required,Preferred,Required,Any
U1401,Student,Gujarat,Vadodara,LM0024,6700,9200,Shared,Double,Girls,Required,Required,Required,Preferred,Not Required,Preferred,Preferred,Required,Fully Furnished
U1402,Student,Maharashtra,Pune,LM0064,18300,22800,Private,Single,Boys,Preferred,Required,Required,Preferred,Not Required,Required,Not Required,Required,Unfurnished
U1403,Student,Maharashtra,Navi Mumbai,LM0096,9200,13500,Private,Double,Boys,Preferred,Required,Preferred,Required,Preferred,Required,Required,Not Required,Semi Furnished
U1404,Student,Maharashtra,Mumbai,LM0050,7500,11700,Shared,Double,Girls,Preferred,Required,Not Required,Preferred,Preferred,Required,Required,Required,Fully Furnished
U1405,Working Professional,Maharashtra,Pune,LM0064,8900,12900,Shared,Double,Girls,Required,Not Required,Required,Required,Not Required,Preferred,Not Required,Required,Fully Furnished
U1406,Student,Gujarat,Rajkot,LM0029,5900,10400,Private,Single,Coed,Preferred,Preferred,Required,Required,Preferred,Preferred,Required,Required,Semi Furnished
U1407,Working Professional,Gujarat,Vadodara,LM0025,12700,17700,Private,Single,Coed,Required,Required,Required,Preferred,Required,Preferred,Preferred,Preferred,Unfurnished
U1408,Student,Gujarat,Ahmedabad,LM0006,12600,17700,Shared,Double,Boys,Preferred,Preferred,Required,Preferred,Not Required,Required,Required,Required,Any
U1409,Working Professional,Gujarat,Ahmedabad,LM0009,8100,9600,Shared,Triple,Coed,Not Required,Required,Required,Preferred,Preferred,Not Required,Preferred,Required,Semi Furnished
U1410,Student,Maharashtra,Navi Mumbai,LM0097,10100,14600,Shared,Triple,Girls,Preferred,Required,Required,Required,Not Required,Not Required,Preferred,Preferred,Any
U1411,Working Professional,Maharashtra,Mumbai,LM0056,14600,20400,Shared,Triple,Girls,Required,Not Required,Preferred,Preferred,Preferred,Required,Required,Preferred,Any
U1412,Working Professional,Maharashtra,Thane,LM0083,11600,15300,Shared,Double,Boys,Required,Not Required,Preferred,Not Required,Preferred,Required,Required,Preferred,Fully Furnished
U1413,Working Professional,Maharashtra,Pune,LM0063,21200,23600,Shared,Double,Girls,Required,Preferred,Required,Not Required,Required,Preferred,Required,Required,Semi Furnished
U1414,Working Professional,Maharashtra,Navi Mumbai,LM0096,8000,13200,Shared,Triple,Girls,Required,Required,Preferred,Required,Required,Preferred,Not Required,Required,Fully Furnished
U1415,Working Professional,Maharashtra,Chhatrapati Sambhajinagar,LM0088,4900,8200,Private,Double,Girls,Required,Preferred,Required,Preferred,Required,Required,Not Required,Preferred,Semi Furnished
U1416,Student,Maharashtra,Nagpur,LM0076,3300,5600,Dormitory,Dormitory,Coed,Preferred,Required,Required,Preferred,Not Required,Required,Required,Not Required,Any
U1417,Working Professional,Maharashtra,Nagpur,LM0076,14500,17000,Shared,Double,Coed,Required,Preferred,Required,Required,Preferred,Preferred,Preferred,Required,Fully Furnished
U1418,Student,Maharashtra,Pune,LM0071,7200,10700,Shared,Triple,Girls,Required,Required,Required,Preferred,Preferred,Preferred,Required,Preferred,Any
U1419,Working Professional,Gujarat,Ahmedabad,LM0005,13500,18000,Private,Double,Boys,Required,Preferred,Required,Required,Preferred,Required,Required,Not Required,Semi Furnished
U1420,Working Professional,Gujarat,Vadodara,LM0025,10800,13100,Shared,Double,Coed,Required,Not Required,Not Required,Required,Not Required,Preferred,Required,Required,Fully Furnished
U1421,Working Professional,Maharashtra,Mumbai,LM0059,28600,32900,Private,Single,Boys,Required,Preferred,Required,Not Required,Required,Preferred,Required,Preferred,Fully Furnished
U1422,Working Professional,Gujarat,Surat,LM0014,9500,15000,Private,Double,Boys,Required,Required,Preferred,Not Required,Preferred,Not Required,Required,Required,Any
U1423,Student,Maharashtra,Mumbai,LM0050,18500,22900,Private,Single,Coed,Preferred,Required,Preferred,Preferred,Not Required,Required,Preferred,Not Required,Fully Furnished
U1424,Student,Gujarat,Gandhinagar,LM0031,3800,9100,Shared,Double,Boys,Preferred,Required,Required,Required,Not Required,Required,Required,Required,Any
U1425,Student,Gujarat,Ahmedabad,LM0006,8000,12400,Shared,Triple,Boys,Required,Required,Preferred,Required,Preferred,Required,Preferred,Required,Fully Furnished
U1426,Working Professional,Gujarat,Surat,LM0019,10000,12600,Shared,Triple,Boys,Preferred,Required,Required,Preferred,Not Required,Required,Required,Required,Fully Furnished
U1427,Student,Gujarat,Rajkot,LM0026,7300,9500,Shared,Double,Girls,Preferred,Preferred,Required,Required,Required,Not Required,Preferred,Required,Semi Furnished
U1428,Student,Gujarat,Rajkot,LM0028,5800,10100,Shared,Double,Boys,Required,Required,Preferred,Not Required,Not Required,Required,Not Required,Required,Any
U1429,Student,Maharashtra,Pune,LM0068,18100,23000,Private,Double,Boys,Not Required,Preferred,Required,Not Required,Not Required,Not Required,Required,Required,Fully Furnished
U1430,Student,Gujarat,Ahmedabad,LM0004,13100,16600,Shared,Double,Boys,Preferred,Required,Required,Required,Required,Preferred,Preferred,Required,Semi Furnished
U1431,Working Professional,Gujarat,Surat,LM0017,6900,10800,Private,Double,Girls,Preferred,Required,Required,Required,Preferred,Required,Required,Required,Semi Furnished
U1432,Student,Gujarat,Ahmedabad,LM0003,12400,14400,Private,Double,Boys,Not Required,Preferred,Required,Required,Not Required,Preferred,Preferred,Preferred,Any
U1433,Working Professional,Maharashtra,Kolhapur,LM0090,2400,5100,Dormitory,Dormitory,Girls,Required,Preferred,Not Required,Required,Preferred,Not Required,Required,Preferred,Any
U1434,Student,Gujarat,Ahmedabad,LM0002,8900,13600,Shared,Double,Coed,Preferred,Not Required,Required,Preferred,Preferred,Preferred,Required,Preferred,Any
U1435,Student,Maharashtra,Kolhapur,LM0091,6200,11000,Private,Single,Boys,Required,Required,Preferred,Preferred,Not Required,Preferred,Not Required,Preferred,Any
U1436,Working Professional,Maharashtra,Navi Mumbai,LM0096,9600,13100,Private,Double,Boys,Required,Not Required,Preferred,Required,Preferred,Required,Required,Required,Semi Furnished
U1437,Student,Maharashtra,Nashik,LM0081,8900,11000,Shared,Triple,Boys,Preferred,Preferred,Required,Required,Required,Required,Preferred,Preferred,Fully Furnished
U1438,Working Professional,Maharashtra,Chhatrapati Sambhajinagar,LM0086,10800,15000,Private,Single,Coed,Not Required,Not Required,Preferred,Not Required,Preferred,Preferred,Required,Required,Semi Furnished
U1439,Student,Maharashtra,Nashik,LM0078,5800,9800,Shared,Triple,Girls,Required,Required,Required,Required,Not Required,Required,Preferred,Required,Any
U1440,Working Professional,Maharashtra,Pune,LM0068,14900,20500,Shared,Double,Boys,Required,Preferred,Required,Preferred,Not Required,Not Required,Preferred,Required,Any
U1441,Student,Maharashtra,Mumbai,LM0057,12800,16300,Shared,Triple,Boys,Not Required,Required,Required,Preferred,Not Required,Preferred,Not Required,Required,Semi Furnished
U1442,Student,Gujarat,Jamnagar,LM0039,7600,9800,Shared,Double,Boys,Not Required,Required,Required,Required,Not Required,Preferred,Required,Required,Any
U1443,Student,Gujarat,Ahmedabad,LM0005,4400,8500,Dormitory,Dormitory,Girls,Preferred,Preferred,Preferred,Required,Preferred,Required,Preferred,Required,Any
U1444,Working Professional,Maharashtra,Amravati,LM0100,11100,14900,Private,Single,Coed,Preferred,Not Required,Required,Not Required,Not Required,Preferred,Required,Not Required,Any
U1445,Student,Gujarat,Surat,LM0019,7300,10200,Shared,Triple,Coed,Required,Preferred,Required,Required,Preferred,Preferred,Required,Required,Semi Furnished
U1446,Working Professional,Maharashtra,Thane,LM0082,16900,18900,Shared,Double,Girls,Preferred,Not Required,Required,Preferred,Preferred,Preferred,Required,Not Required,Fully Furnished
U1447,Student,Maharashtra,Mumbai,LM0056,15600,20200,Shared,Double,Girls,Preferred,Required,Required,Preferred,Not Required,Required,Required,Required,Any
U1448,Student,Maharashtra,Solapur,LM0094,8000,11800,Private,Double,Boys,Not Required,Preferred,Required,Required,Preferred,Preferred,Required,Not Required,Any
U1449,Student,Maharashtra,Thane,LM0084,3300,5800,Dormitory,Dormitory,Boys,Not Required,Required,Required,Not Required,Not Required,Preferred,Required,Preferred,Fully Furnished
U1450,Working Professional,Gujarat,Vadodara,LM0025,21900,25100,Private,Single,Girls,Not Required,Required,Required,Required,Required,Required,Required,Preferred,Semi Furnished
U1451,Student,Gujarat,Surat,LM0013,8100,11200,Private,Double,Girls,Not Required,Required,Required,Not Required,Not Required,Required,Required,Not Required,Any
U1452,Student,Gujarat,Ahmedabad,LM0004,6100,11600,Shared,Triple,Girls,Not Required,Not Required,Required,Required,Not Required,Not Required,Required,Preferred,Any
U1453,Student,Maharashtra,Amravati,LM0100,3700,6700,Private,Double,Boys,Preferred,Required,Required,Preferred,Required,Preferred,Preferred,Required,Any
U1454,Student,Maharashtra,Navi Mumbai,LM0095,8100,10100,Shared,Double,Boys,Preferred,Preferred,Required,Required,Not Required,Required,Required,Preferred,Any
U1455,Student,Gujarat,Surat,LM0015,6400,10500,Dormitory,Dormitory,Boys,Not Required,Required,Preferred,Required,Preferred,Not Required,Not Required,Required,Semi Furnished
U1456,Student,Gujarat,Ahmedabad,LM0010,10400,13000,Private,Double,Boys,Required,Preferred,Preferred,Preferred,Not Required,Required,Required,Preferred,Unfurnished
U1457,Student,Gujarat,Ahmedabad,LM0002,11600,17200,Shared,Double,Girls,Preferred,Required,Required,Preferred,Preferred,Not Required,Required,Not Required,Semi Furnished
U1458,Student,Maharashtra,Pune,LM0071,13000,16700,Shared,Double,Girls,Preferred,Required,Preferred,Preferred,Not Required,Preferred,Required,Required,Unfurnished
U1459,Student,Maharashtra,Thane,LM0082,2600,7700,Dormitory,Dormitory,Coed,Preferred,Required,Required,Preferred,Not Required,Preferred,Preferred,Required,Any
U1460,Student,Maharashtra,Pune,LM0063,8900,14200,Shared,Triple,Boys,Not Required,Required,Required,Preferred,Required,Preferred,Not Required,Required,Semi Furnished
U1461,Student,Maharashtra,Nagpur,LM0077,7900,13600,Private,Double,Girls,Required,Required,Required,Required,Required,Required,Preferred,Preferred,Any
U1462,Student,Gujarat,Rajkot,LM0027,6200,10000,Private,Double,Girls,Not Required,Preferred,Preferred,Required,Not Required,Preferred,Preferred,Preferred,Fully Furnished
U1463,Student,Maharashtra,Solapur,LM0093,6100,10200,Private,Double,Boys,Preferred,Preferred,Required,Required,Preferred,Preferred,Required,Required,Semi Furnished
U1464,Student,Gujarat,Ahmedabad,LM0004,10400,15100,Private,Double,Boys,Preferred,Not Required,Required,Required,Not Required,Preferred,Required,Preferred,Semi Furnished
U1465,Student,Gujarat,Surat,LM0012,6800,8400,Shared,Triple,Girls,Not Required,Preferred,Preferred,Not Required,Not Required,Not Required,Required,Preferred,Any
U1466,Student,Gujarat,Surat,LM0014,8600,14400,Shared,Double,Girls,Not Required,Preferred,Required,Preferred,Preferred,Not Required,Preferred,Required,Any
U1467,Student,Maharashtra,Nagpur,LM0073,10900,16000,Private,Single,Boys,Preferred,Required,Required,Required,Not Required,Required,Required,Required,Semi Furnished
U1468,Student,Gujarat,Rajkot,LM0029,4500,9400,Dormitory,Dormitory,Girls,Preferred,Preferred,Required,Required,Not Required,Preferred,Required,Required,Semi Furnished
U1469,Working Professional,Maharashtra,Mumbai,LM0060,19200,21200,Shared,Double,Boys,Preferred,Not Required,Required,Required,Not Required,Preferred,Required,Required,Any
U1470,Working Professional,Gujarat,Surat,LM0018,10400,15700,Private,Double,Boys,Required,Preferred,Required,Required,Not Required,Preferred,Preferred,Preferred,Semi Furnished
U1471,Student,Maharashtra,Pune,LM0072,19600,22300,Private,Double,Boys,Preferred,Preferred,Preferred,Not Required,Not Required,Required,Required,Preferred,Any
U1472,Working Professional,Maharashtra,Mumbai,LM0057,19100,24200,Private,Double,Girls,Preferred,Preferred,Preferred,Required,Required,Required,Required,Not Required,Semi Furnished
U1473,Student,Maharashtra,Nashik,LM0079,10600,13200,Private,Single,Coed,Required,Not Required,Required,Preferred,Preferred,Preferred,Preferred,Required,Fully Furnished
U1474,Student,Maharashtra,Thane,LM0084,14600,20200,Private,Single,Girls,Not Required,Required,Not Required,Not Required,Preferred,Preferred,Required,Required,Any
U1475,Working Professional,Gujarat,Surat,LM0018,6500,10000,Shared,Double,Boys,Preferred,Required,Preferred,Required,Preferred,Required,Required,Required,Fully Furnished
U1476,Working Professional,Gujarat,Vadodara,LM0022,19100,21100,Private,Single,Boys,Required,Not Required,Preferred,Required,Not Required,Preferred,Not Required,Preferred,Fully Furnished
U1477,Working Professional,Maharashtra,Nashik,LM0078,7100,8800,Dormitory,Dormitory,Boys,Required,Preferred,Preferred,Required,Not Required,Not Required,Required,Required,Fully Furnished
U1478,Student,Maharashtra,Nagpur,LM0077,6500,9000,Shared,Double,Boys,Required,Preferred,Required,Required,Not Required,Not Required,Preferred,Required,Semi Furnished
U1479,Working Professional,Gujarat,Anand,LM0042,9900,13100,Private,Double,Girls,Required,Not Required,Required,Preferred,Preferred,Required,Required,Required,Semi Furnished
U1480,Student,Gujarat,Ahmedabad,LM0008,5500,8100,Shared,Triple,Coed,Preferred,Required,Required,Not Required,Not Required,Not Required,Required,Preferred,Any
U1481,Working Professional,Gujarat,Surat,LM0013,8800,10300,Shared,Triple,Boys,Preferred,Preferred,Preferred,Preferred,Required,Preferred,Preferred,Required,Fully Furnished
U1482,Student,Maharashtra,Mumbai,LM0049,7000,9700,Shared,Triple,Boys,Not Required,Preferred,Required,Preferred,Not Required,Required,Preferred,Required,Any
U1483,Working Professional,Gujarat,Jamnagar,LM0039,8300,10000,Private,Double,Boys,Not Required,Not Required,Not Required,Required,Preferred,Required,Required,Required,Any
U1484,Student,Maharashtra,Mumbai,LM0058,16200,18000,Shared,Double,Boys,Preferred,Required,Preferred,Preferred,Not Required,Required,Required,Preferred,Any
U1485,Working Professional,Maharashtra,Chhatrapati Sambhajinagar,LM0086,6900,9000,Shared,Triple,Girls,Required,Preferred,Not Required,Preferred,Preferred,Required,Preferred,Preferred,Semi Furnished
U1486,Working Professional,Gujarat,Surat,LM0015,21500,27200,Private,Single,Coed,Preferred,Required,Not Required,Required,Preferred,Required,Required,Required,Any
U1487,Working Professional,Gujarat,Vadodara,LM0020,19900,22700,Private,Single,Girls,Required,Required,Required,Not Required,Preferred,Required,Preferred,Required,Any
U1488,Student,Maharashtra,Navi Mumbai,LM0095,5700,9700,Dormitory,Dormitory,Coed,Required,Preferred,Required,Required,Not Required,Required,Required,Required,Semi Furnished
U1489,Working Professional,Maharashtra,Mumbai,LM0060,19200,21700,Private,Double,Girls,Required,Preferred,Not Required,Not Required,Not Required,Required,Preferred,Required,Fully Furnished
U1490,Student,Gujarat,Ahmedabad,LM0011,18000,21500,Private,Single,Girls,Preferred,Required,Required,Preferred,Not Required,Required,Not Required,Required,Semi Furnished
U1491,Working Professional,Maharashtra,Chhatrapati Sambhajinagar,LM0088,6100,9400,Shared,Triple,Boys,Preferred,Not Required,Required,Required,Not Required,Required,Required,Required,Fully Furnished
U1492,Working Professional,Maharashtra,Mumbai,LM0052,12300,16200,Shared,Triple,Boys,Not Required,Preferred,Required,Required,Required,Required,Not Required,Required,Fully Furnished
U1493,Working Professional,Maharashtra,Nagpur,LM0074,18400,22900,Private,Single,Girls,Required,Required,Required,Preferred,Not Required,Preferred,Not Required,Required,Fully Furnished
U1494,Student,Gujarat,Ahmedabad,LM0011,4600,10200,Shared,Triple,Girls,Preferred,Preferred,Preferred,Not Required,Not Required,Required,Required,Required,Semi Furnished
U1495,Student,Maharashtra,Thane,LM0082,6800,9600,Shared,Double,Girls,Preferred,Required,Required,Preferred,Not Required,Required,Preferred,Preferred,Semi Furnished
U1496,Student,Gujarat,Surat,LM0012,7300,12300,Shared,Double,Boys,Not Required,Required,Required,Preferred,Preferred,Preferred,Not Required,Required,Any
U1497,Student,Maharashtra,Navi Mumbai,LM0097,6200,11200,Shared,Double,Girls,Preferred,Required,Required,Not Required,Preferred,Required,Preferred,Required,Fully Furnished
U1498,Student,Maharashtra,Pune,LM0064,11800,16600,Shared,Triple,Girls,Required,Preferred,Required,Not Required,Preferred,Required,Required,Preferred,Any
U1499,Student,Gujarat,Bhavnagar,LM0034,5900,10300,Shared,Triple,Boys,Not Required,Required,Required,Required,Preferred,Not Required,Required,Preferred,Any
U1500,Student,Gujarat,Surat,LM0018,9100,12100,Private,Double,Girls,Required,Required,Required,Preferred,Not Required,Required,Preferred,Not Required,Fully Furnished
