user_id,user_role,state,city,landmark_id,budget_min,budget_max,preferred_room_type,preferred_sharing_type,preferred_gender,ac_preference,food_preference,wifi_preference,bike_parking_preference,car_parking_preference,laundry_preference,power_backup_preference,geyser_preference,furnished_preference
U0001,Student,Maharashtra,Mumbai,LM0055,5400,9900,Dormitory,Dormitory,Coed,Preferred,Required,Required,Required,Not Required,Not Required,Required,Required,Any
U0002,Student,Maharashtra,Mumbai,LM0026,5300,8900,Dormitory,Dormitory,Girls,Preferred,Not Required,Required,Required,Not Required,Preferred,Required,Preferred,Semi Furnished
U0003,Student,Maharashtra,Mumbai,LM0022,6700,11600,Shared,Double,Girls,Not Required,Preferred,Required,Preferred,Not Required,Not Required,Required,Required,Fully Furnished
U0004,Working Professional,Maharashtra,Mumbai,LM0060,11400,19200,Private,Double,Girls,Required,Required,Required,Required,Not Required,Preferred,Required,Required,Any
U0005,Working Professional,Maharashtra,Mumbai,LM0064,11900,18700,Private,Double,Girls,Required,Required,Not Required,Not Required,Required,Required,Preferred,Required,Semi Furnished
U0006,Student,Maharashtra,Mumbai,LM0012,8000,14000,Shared,Double,Coed,Not Required,Preferred,Preferred,Preferred,Not Required,Preferred,Required,Required,Fully Furnished
U0007,Student,Maharashtra,Mumbai,LM0008,7300,10300,Shared,Double,Girls,Required,Required,Required,Not Required,Not Required,Preferred,Preferred,Required,Semi Furnished
U0008,Student,Maharashtra,Mumbai,LM0021,6700,10700,Private,Double,Boys,Required,Required,Required,Required,Not Required,Required,Not Required,Required,Fully Furnished
U0009,Working Professional,Maharashtra,Mumbai,LM0009,13100,21800,Shared,Triple,Boys,Required,Required,Required,Required,Required,Not Required,Required,Required,Fully Furnished
U0010,Student,Maharashtra,Mumbai,LM0047,7800,13400,Dormitory,Dormitory,Girls,Preferred,Required,Required,Preferred,Not Required,Preferred,Not Required,Not Required,Any
U0011,Student,Maharashtra,Mumbai,LM0047,6500,12400,Shared,Triple,Girls,Preferred,Required,Required,Required,Not Required,Required,Required,Preferred,Unfurnished
U0012,Student,Maharashtra,Mumbai,LM0045,7600,12500,Shared,Double,Girls,Required,Required,Required,Preferred,Preferred,Preferred,Required,Required,Unfurnished
U0013,Student,Maharashtra,Mumbai,LM0055,5400,10000,Shared,Triple,Girls,Preferred,Required,Required,Preferred,Not Required,Required,Required,Not Required,Semi Furnished
U0014,Working Professional,Maharashtra,Mumbai,LM0034,14500,22700,Private,Double,Coed,Required,Required,Preferred,Required,Required,Required,Not Required,Not Required,Fully Furnished
U0015,Working Professional,Maharashtra,Mumbai,LM0054,15000,24300,Shared,Double,Boys,Required,Preferred,Required,Required,Not Required,Preferred,Not Required,Required,Semi Furnished
U0016,Working Professional,Maharashtra,Mumbai,LM0055,10700,16100,Shared,Double,Boys,Preferred,Required,Required,Required,Preferred,Preferred,Not Required,Required,Any
U0017,Working Professional,Maharashtra,Mumbai,LM0052,11900,16900,Private,Single,Boys,Required,Preferred,Required,Preferred,Not Required,Preferred,Required,Required,Any
U0018,Student,Maharashtra,Mumbai,LM0051,8000,14000,Shared,Triple,Boys,Preferred,Preferred,Required,Required,Preferred,Preferred,Preferred,Required,Semi Furnished
U0019,Working Professional,Maharashtra,Mumbai,LM0037,12200,21700,Shared,Double,Girls,Required,Required,Required,Required,Required,Preferred,Preferred,Required,Fully Furnished
U0020,Working Professional,Maharashtra,Mumbai,LM0021,13200,18600,Private,Single,Coed,Preferred,Required,Required,Required,Preferred,Preferred,Required,Not Required,Fully Furnished
U0021,Working Professional,Maharashtra,Mumbai,LM0063,11600,16800,Private,Single,Girls,Required,Required,Preferred,Preferred,Required,Required,Preferred,Required,Any
U0022,Working Professional,Maharashtra,Mumbai,LM0002,13500,22700,Private,Double,Girls,Required,Preferred,Preferred,Required,Preferred,Preferred,Not Required,Preferred,Fully Furnished
U0023,Student,Maharashtra,Mumbai,LM0064,6800,9800,Dormitory,Dormitory,Coed,Required,Preferred,Preferred,Preferred,Preferred,Required,Required,Required,Fully Furnished
U0024,Student,Maharashtra,Mumbai,LM0061,7200,10100,Dormitory,Dormitory,Boys,Preferred,Preferred,Preferred,Required,Not Required,Required,Preferred,Required,Any
U0025,Student,Maharashtra,Mumbai,LM0019,8000,13000,Shared,Double,Girls,Required,Not Required,Required,Preferred,Not Required,Required,Not Required,Preferred,Any
U0026,Student,Maharashtra,Mumbai,LM0056,7000,9600,Shared,Triple,Girls,Not Required,Required,Preferred,Not Required,Not Required,Required,Required,Required,Semi Furnished
U0027,Student,Maharashtra,Mumbai,LM0032,5300,11000,Shared,Double,Boys,Preferred,Preferred,Not Required,Required,Not Required,Required,Preferred,Preferred,Fully Furnished
U0028,Student,Maharashtra,Mumbai,LM0008,5700,9400,Private,Double,Boys,Not Required,Preferred,Required,Not Required,Not Required,Preferred,Preferred,Required,Fully Furnished
U0029,Working Professional,Maharashtra,Mumbai,LM0047,11200,16100,Shared,Triple,Girls,Required,Required,Preferred,Required,Not Required,Preferred,Required,Preferred,Fully Furnished
U0030,Student,Maharashtra,Mumbai,LM0009,6300,9600,Shared,Double,Boys,Preferred,Preferred,Required,Required,Not Required,Preferred,Required,Required,Semi Furnished
U0031,Working Professional,Maharashtra,Mumbai,LM0054,12800,17600,Private,Double,Girls,Preferred,Required,Preferred,Preferred,Not Required,Preferred,Required,Preferred,Semi Furnished
U0032,Student,Maharashtra,Mumbai,LM0057,6000,11700,Private,Double,Boys,Not Required,Preferred,Required,Preferred,Not Required,Preferred,Required,Preferred,Semi Furnished
U0033,Student,Maharashtra,Mumbai,LM0021,5500,9400,Shared,Double,Boys,Required,Required,Required,Preferred,Not Required,Preferred,Required,Preferred,Semi Furnished
U0034,Working Professional,Maharashtra,Mumbai,LM0023,13000,18200,Shared,Double,Girls,Preferred,Preferred,Required,Required,Required,Required,Preferred,Required,Fully Furnished
U0035,Student,Maharashtra,Mumbai,LM0011,7100,11100,Shared,Double,Girls,Not Required,Not Required,Required,Required,Not Required,Required,Preferred,Required,Semi Furnished
U0036,Student,Maharashtra,Mumbai,LM0055,5100,7800,Shared,Double,Coed,Preferred,Required,Required,Not Required,Not Required,Not Required,Preferred,Not Required,Any
U0037,Student,Maharashtra,Mumbai,LM0019,5500,8500,Private,Double,Boys,Not Required,Required,Preferred,Required,Not Required,Required,Preferred,Required,Unfurnished
U0038,Student,Maharashtra,Mumbai,LM0007,7200,12200,Shared,Triple,Boys,Not Required,Required,Required,Required,Preferred,Required,Not Required,Required,Semi Furnished
U0039,Working Professional,Maharashtra,Mumbai,LM0042,10100,18300,Private,Single,Boys,Preferred,Required,Required,Preferred,Not Required,Not Required,Required,Required,Fully Furnished
U0040,Student,Maharashtra,Mumbai,LM0006,5600,8300,Shared,Triple,Girls,Preferred,Required,Preferred,Not Required,Not Required,Preferred,Required,Required,Semi Furnished
U0041,Student,Maharashtra,Mumbai,LM0033,6100,10500,Private,Single,Boys,Required,Required,Required,Not Required,Not Required,Preferred,Required,Not Required,Unfurnished
U0042,Student,Maharashtra,Mumbai,LM0021,6400,12000,Dormitory,Dormitory,Girls,Not Required,Preferred,Required,Required,Not Required,Required,Required,Preferred,Any
U0043,Working Professional,Maharashtra,Mumbai,LM0061,11700,20500,Shared,Double,Boys,Required,Required,Preferred,Required,Required,Preferred,Preferred,Not Required,Semi Furnished
U0044,Working Professional,Maharashtra,Mumbai,LM0048,12600,18600,Private,Single,Girls,Required,Required,Preferred,Required,Preferred,Preferred,Preferred,Not Required,Semi Furnished
U0045,Working Professional,Maharashtra,Mumbai,LM0060,10400,19500,Shared,Double,Boys,Required,Required,Preferred,Preferred,Required,Required,Required,Required,Fully Furnished
U0046,Student,Maharashtra,Mumbai,LM0042,6900,12800,Shared,Triple,Coed,Required,Not Required,Required,Required,Not Required,Preferred,Required,Required,Any
U0047,Student,Maharashtra,Mumbai,LM0041,5200,9200,Dormitory,Dormitory,Girls,Required,Required,Required,Preferred,Not Required,Required,Required,Preferred,Semi Furnished
U0048,Student,Maharashtra,Mumbai,LM0045,5300,11200,Shared,Double,Boys,Not Required,Not Required,Preferred,Preferred,Preferred,Not Required,Required,Required,Any
U0049,Student,Maharashtra,Mumbai,LM0021,6400,10500,Private,Double,Boys,Required,Preferred,Required,Required,Not Required,Required,Required,Not Required,Semi Furnished
U0050,Working Professional,Maharashtra,Mumbai,LM0064,12500,16900,Shared,Double,Girls,Required,Required,Required,Not Required,Preferred,Preferred,Preferred,Preferred,Semi Furnished
U0051,Student,Maharashtra,Mumbai,LM0007,7400,10100,Private,Single,Girls,Not Required,Preferred,Required,Required,Not Required,Required,Required,Not Required,Semi Furnished
U0052,Student,Maharashtra,Mumbai,LM0004,7800,13400,Private,Double,Boys,Not Required,Preferred,Required,Required,Not Required,Required,Preferred,Required,Any
U0053,Student,Maharashtra,Mumbai,LM0035,7500,11400,Private,Single,Coed,Not Required,Preferred,Required,Required,Not Required,Preferred,Required,Not Required,Any
U0054,Working Professional,Maharashtra,Mumbai,LM0025,13800,18500,Private,Double,Boys,Required,Required,Required,Preferred,Not Required,Required,Required,Required,Semi Furnished
U0055,Working Professional,Maharashtra,Mumbai,LM0038,13500,22500,Private,Double,Boys,Required,Not Required,Preferred,Required,Preferred,Preferred,Preferred,Required,Fully Furnished
U0056,Student,Maharashtra,Mumbai,LM0056,6600,12000,Shared,Double,Coed,Required,Preferred,Required,Preferred,Not Required,Required,Preferred,Preferred,Unfurnished
U0057,Student,Maharashtra,Mumbai,LM0061,6700,11700,Shared,Triple,Coed,Preferred,Preferred,Required,Required,Preferred,Preferred,Required,Required,Unfurnished
U0058,Student,Maharashtra,Mumbai,LM0044,7800,12100,Private,Single,Coed,Preferred,Preferred,Required,Required,Not Required,Required,Preferred,Not Required,Semi Furnished
U0059,Student,Maharashtra,Mumbai,LM0064,6500,9300,Shared,Double,Girls,Not Required,Required,Preferred,Required,Preferred,Preferred,Preferred,Required,Semi Furnished
U0060,Student,Maharashtra,Mumbai,LM0031,7400,12800,Dormitory,Dormitory,Boys,Preferred,Required,Preferred,Preferred,Not Required,Required,Required,Required,Semi Furnished
U0061,Student,Maharashtra,Mumbai,LM0062,7900,11000,Private,Single,Boys,Preferred,Preferred,Required,Required,Not Required,Required,Preferred,Required,Unfurnished
U0062,Working Professional,Maharashtra,Mumbai,LM0041,13000,22800,Private,Double,Boys,Required,Preferred,Required,Preferred,Required,Preferred,Preferred,Required,Fully Furnished
U0063,Student,Maharashtra,Mumbai,LM0026,5500,8000,Dormitory,Dormitory,Coed,Required,Required,Required,Required,Not Required,Not Required,Preferred,Required,Semi Furnished
U0064,Student,Maharashtra,Mumbai,LM0059,6900,9900,Shared,Double,Boys,Preferred,Required,Required,Preferred,Preferred,Required,Required,Required,Semi Furnished
U0065,Working Professional,Maharashtra,Mumbai,LM0055,10700,16900,Private,Single,Girls,Required,Required,Required,Required,Preferred,Preferred,Required,Required,Semi Furnished
U0066,Student,Maharashtra,Mumbai,LM0056,6100,10100,Shared,Double,Girls,Required,Required,Required,Preferred,Preferred,Preferred,Required,Required,Unfurnished
U0067,Student,Maharashtra,Mumbai,LM0010,5500,8300,Shared,Triple,Boys,Preferred,Required,Preferred,Preferred,Not Required,Preferred,Required,Preferred,Semi Furnished
U0068,Working Professional,Maharashtra,Mumbai,LM0009,13500,21200,Private,Single,Boys,Not Required,Preferred,Required,Required,Preferred,Preferred,Required,Preferred,Fully Furnished
U0069,Student,Maharashtra,Mumbai,LM0011,7300,12100,Shared,Double,Boys,Preferred,Required,Preferred,Required,Not Required,Preferred,Preferred,Required,Unfurnished
U0070,Student,Maharashtra,Mumbai,LM0061,6400,9900,Shared,Triple,Coed,Not Required,Required,Required,Not Required,Not Required,Preferred,Preferred,Not Required,Fully Furnished
U0071,Working Professional,Maharashtra,Mumbai,LM0006,11300,20800,Private,Single,Boys,Required,Preferred,Not Required,Preferred,Preferred,Required,Required,Not Required,Fully Furnished
U0072,Student,Maharashtra,Mumbai,LM0049,5600,11000,Shared,Triple,Coed,Required,Not Required,Preferred,Required,Required,Not Required,Not Required,Required,Fully Furnished
U0073,Student,Maharashtra,Mumbai,LM0030,7900,10700,Shared,Triple,Boys,Preferred,Preferred,Required,Preferred,Not Required,Required,Preferred,Required,Semi Furnished
U0074,Student,Maharashtra,Mumbai,LM0029,6700,11100,Private,Double,Coed,Preferred,Preferred,Required,Preferred,Not Required,Preferred,Required,Preferred,Semi Furnished
U0075,Working Professional,Maharashtra,Mumbai,LM0015,10300,17500,Private,Single,Girls,Required,Preferred,Required,Preferred,Required,Required,Required,Required,Semi Furnished
U0076,Working Professional,Maharashtra,Mumbai,LM0051,11200,20300,Shared,Double,Boys,Required,Required,Required,Required,Required,Required,Required,Required,Fully Furnished
U0077,Student,Maharashtra,Mumbai,LM0003,7300,11500,Dormitory,Dormitory,Boys,Not Required,Required,Required,Preferred,Preferred,Required,Required,Required,Any
U0078,Student,Maharashtra,Mumbai,LM0061,7800,10400,Private,Double,Girls,Not Required,Required,Required,Preferred,Preferred,Required,Required,Required,Any
U0079,Student,Maharashtra,Mumbai,LM0016,7200,10000,Shared,Double,Girls,Preferred,Required,Preferred,Required,Not Required,Preferred,Preferred,Required,Unfurnished
U0080,Student,Maharashtra,Mumbai,LM0029,7000,10800,Dormitory,Dormitory,Coed,Preferred,Preferred,Required,Required,Preferred,Preferred,Required,Required,Semi Furnished
U0081,Working Professional,Maharashtra,Mumbai,LM0037,14700,19600,Shared,Double,Girls,Preferred,Required,Preferred,Preferred,Required,Required,Required,Preferred,Semi Furnished
U0082,Student,Maharashtra,Mumbai,LM0013,6500,12100,Dormitory,Dormitory,Girls,Preferred,Required,Required,Required,Preferred,Preferred,Preferred,Preferred,Semi Furnished
U0083,Student,Maharashtra,Mumbai,LM0011,7200,11700,Dormitory,Dormitory,Boys,Required,Required,Preferred,Preferred,Not Required,Not Required,Required,Preferred,Any
U0084,Student,Maharashtra,Mumbai,LM0018,6500,10800,Shared,Triple,Girls,Not Required,Required,Required,Preferred,Preferred,Required,Required,Required,Semi Furnished
U0085,Student,Maharashtra,Mumbai,LM0011,5800,9500,Shared,Triple,Boys,Not Required,Not Required,Preferred,Required,Not Required,Required,Required,Required,Fully Furnished
U0086,Student,Maharashtra,Mumbai,LM0030,5600,10900,Shared,Triple,Girls,Required,Preferred,Preferred,Required,Not Required,Required,Required,Required,Semi Furnished
U0087,Working Professional,Maharashtra,Mumbai,LM0010,10500,20000,Private,Double,Boys,Required,Required,Preferred,Required,Required,Not Required,Preferred,Required,Any
U0088,Student,Maharashtra,Mumbai,LM0062,5300,10000,Shared,Double,Boys,Preferred,Required,Preferred,Preferred,Not Required,Required,Required,Required,Unfurnished
U0089,Working Professional,Maharashtra,Mumbai,LM0040,10600,19200,Shared,Double,Girls,Required,Preferred,Required,Not Required,Required,Preferred,Required,Required,Fully Furnished
U0090,Working Professional,Maharashtra,Mumbai,LM0059,11100,20000,Shared,Double,Coed,Preferred,Required,Required,Not Required,Preferred,Not Required,Preferred,Preferred,Semi Furnished
U0091,Student,Maharashtra,Mumbai,LM0001,7300,9900,Private,Double,Girls,Preferred,Not Required,Preferred,Preferred,Not Required,Preferred,Not Required,Required,Any
U0092,Student,Maharashtra,Mumbai,LM0022,6900,12100,Shared,Triple,Girls,Not Required,Required,Preferred,Required,Preferred,Preferred,Required,Not Required,Fully Furnished
U0093,Student,Maharashtra,Mumbai,LM0017,6900,10800,Shared,Double,Boys,Preferred,Not Required,Preferred,Preferred,Not Required,Preferred,Preferred,Preferred,Any
U0094,Working Professional,Maharashtra,Mumbai,LM0026,10900,18500,Shared,Double,Girls,Not Required,Required,Required,Preferred,Not Required,Required,Required,Required,Fully Furnished
U0095,Working Professional,Maharashtra,Mumbai,LM0038,14100,22800,Shared,Double,Boys,Not Required,Required,Required,Not Required,Not Required,Preferred,Required,Required,Semi Furnished
U0096,Student,Maharashtra,Mumbai,LM0002,5000,9100,Shared,Triple,Coed,Required,Preferred,Preferred,Required,Required,Preferred,Required,Required,Fully Furnished
U0097,Student,Maharashtra,Mumbai,LM0003,7900,11100,Shared,Double,Girls,Preferred,Required,Preferred,Preferred,Not Required,Required,Preferred,Preferred,Fully Furnished
U0098,Student,Maharashtra,Mumbai,LM0054,5400,8000,Shared,Double,Girls,Preferred,Required,Required,Preferred,Not Required,Preferred,Required,Not Required,Semi Furnished
U0099,Working Professional,Maharashtra,Mumbai,LM0001,14600,24400,Shared,Triple,Girls,Required,Required,Preferred,Required,Not Required,Required,Required,Preferred,Fully Furnished
U0100,Student,Maharashtra,Mumbai,LM0052,7500,11500,Private,Double,Boys,Required,Required,Preferred,Preferred,Required,Preferred,Required,Required,Semi Furnished
U0101,Student,Maharashtra,Mumbai,LM0042,7200,10500,Shared,Double,Girls,Preferred,Required,Required,Required,Not Required,Required,Required,Required,Unfurnished
U0102,Working Professional,Maharashtra,Mumbai,LM0048,10200,18200,Shared,Double,Girls,Preferred,Not Required,Preferred,Preferred,Not Required,Required,Preferred,Preferred,Semi Furnished
U0103,Working Professional,Maharashtra,Mumbai,LM0002,14000,18400,Private,Double,Boys,Preferred,Required,Required,Required,Preferred,Required,Preferred,Required,Semi Furnished
U0104,Student,Maharashtra,Mumbai,LM0034,6600,10500,Shared,Double,Boys,Preferred,Preferred,Preferred,Preferred,Required,Required,Not Required,Required,Any
U0105,Working Professional,Maharashtra,Mumbai,LM0044,12600,17400,Private,Double,Coed,Preferred,Required,Required,Required,Preferred,Required,Preferred,Not Required,Fully Furnished
U0106,Student,Maharashtra,Mumbai,LM0001,6100,11500,Private,Double,Boys,Not Required,Preferred,Required,Required,Not Required,Required,Required,Required,Fully Furnished
U0107,Student,Maharashtra,Mumbai,LM0031,8000,12400,Shared,Double,Boys,Preferred,Required,Required,Required,Preferred,Preferred,Preferred,Preferred,Any
U0108,Student,Maharashtra,Mumbai,LM0051,7000,12100,Shared,Double,Girls,Not Required,Preferred,Preferred,Not Required,Not Required,Preferred,Required,Required,Semi Furnished
U0109,Working Professional,Maharashtra,Mumbai,LM0049,14600,24500,Private,Double,Girls,Preferred,Not Required,Required,Preferred,Preferred,Preferred,Required,Required,Fully Furnished
U0110,Student,Maharashtra,Mumbai,LM0059,7100,11000,Dormitory,Dormitory,Girls,Preferred,Preferred,Required,Required,Not Required,Required,Preferred,Required,Fully Furnished
U0111,Student,Maharashtra,Mumbai,LM0007,5300,9500,Shared,Double,Boys,Required,Required,Required,Preferred,Not Required,Required,Required,Preferred,Any
U0112,Student,Maharashtra,Mumbai,LM0041,5500,10300,Private,Single,Boys,Not Required,Required,Required,Required,Not Required,Required,Preferred,Required,Any
U0113,Working Professional,Maharashtra,Mumbai,LM0025,10200,15300,Private,Single,Girls,Preferred,Required,Required,Required,Preferred,Required,Required,Required,Any
U0114,Student,Maharashtra,Mumbai,LM0044,6100,8600,Private,Single,Boys,Not Required,Required,Required,Required,Not Required,Preferred,Required,Required,Semi Furnished
U0115,Working Professional,Maharashtra,Mumbai,LM0049,11400,21200,Private,Double,Boys,Preferred,Required,Required,Not Required,Preferred,Required,Preferred,Not Required,Fully Furnished
U0116,Working Professional,Maharashtra,Mumbai,LM0062,10200,15200,Shared,Triple,Girls,Preferred,Preferred,Required,Preferred,Required,Preferred,Required,Required,Fully Furnished
U0117,Student,Maharashtra,Mumbai,LM0045,5200,9900,Shared,Double,Girls,Preferred,Preferred,Required,Preferred,Not Required,Preferred,Not Required,Not Required,Fully Furnished
U0118,Working Professional,Maharashtra,Mumbai,LM0028,12200,22000,Private,Single,Girls,Required,Required,Required,Required,Not Required,Required,Preferred,Required,Fully Furnished
U0119,Student,Maharashtra,Mumbai,LM0057,6300,10400,Private,Single,Boys,Preferred,Preferred,Required,Required,Not Required,Preferred,Preferred,Required,Semi Furnished
U0120,Student,Maharashtra,Mumbai,LM0009,7000,10900,Shared,Double,Boys,Required,Required,Preferred,Required,Not Required,Required,Preferred,Preferred,Semi Furnished
U0121,Student,Maharashtra,Mumbai,LM0034,7200,13200,Dormitory,Dormitory,Girls,Required,Required,Required,Required,Not Required,Preferred,Required,Preferred,Semi Furnished
U0122,Working Professional,Maharashtra,Mumbai,LM0011,14600,22000,Private,Single,Boys,Not Required,Preferred,Required,Required,Not Required,Preferred,Required,Preferred,Fully Furnished
U0123,Student,Maharashtra,Mumbai,LM0036,5800,9600,Shared,Double,Girls,Preferred,Preferred,Required,Required,Not Required,Required,Not Required,Preferred,Fully Furnished
U0124,Student,Maharashtra,Mumbai,LM0060,5900,11000,Private,Double,Girls,Preferred,Preferred,Not Required,Required,Not Required,Required,Preferred,Required,Semi Furnished
U0125,Working Professional,Maharashtra,Mumbai,LM0018,11700,20800,Private,Single,Boys,Required,Required,Preferred,Required,Preferred,Required,Required,Required,Semi Furnished
U0126,Student,Maharashtra,Mumbai,LM0051,7400,10000,Private,Single,Girls,Required,Preferred,Required,Not Required,Not Required,Preferred,Required,Preferred,Fully Furnished
U0127,Student,Maharashtra,Mumbai,LM0040,7100,11000,Shared,Triple,Boys,Preferred,Required,Not Required,Required,Not Required,Required,Required,Required,Fully Furnished
U0128,Working Professional,Maharashtra,Mumbai,LM0018,12500,20300,Private,Double,Boys,Not Required,Required,Required,Not Required,Not Required,Required,Required,Required,Any
U0129,Student,Maharashtra,Mumbai,LM0016,5600,11500,Shared,Triple,Boys,Preferred,Required,Preferred,Preferred,Not Required,Not Required,Preferred,Preferred,Fully Furnished
U0130,Working Professional,Maharashtra,Mumbai,LM0058,14800,19600,Private,Single,Girls,Required,Not Required,Required,Preferred,Required,Preferred,Required,Required,Fully Furnished
U0131,Student,Maharashtra,Mumbai,LM0051,6900,11900,Shared,Double,Coed,Preferred,Required,Required,Required,Not Required,Preferred,Preferred,Required,Fully Furnished
U0132,Student,Maharashtra,Mumbai,LM0017,5300,9900,Shared,Double,Boys,Not Required,Required,Preferred,Preferred,Preferred,Required,Required,Not Required,Fully Furnished
U0133,Student,Maharashtra,Mumbai,LM0058,6900,12400,Shared,Double,Boys,Not Required,Preferred,Preferred,Required,Not Required,Preferred,Required,Required,Semi Furnished
U0134,Student,Maharashtra,Mumbai,LM0040,5700,10700,Dormitory,Dormitory,Boys,Preferred,Preferred,Preferred,Required,Not Required,Preferred,Preferred,Required,Fully Furnished
U0135,Student,Maharashtra,Mumbai,LM0001,6300,10800,Shared,Triple,Boys,Not Required,Required,Preferred,Preferred,Not Required,Required,Preferred,Required,Semi Furnished
U0136,Working Professional,Maharashtra,Mumbai,LM0008,14400,20900,Shared,Double,Girls,Preferred,Required,Required,Required,Preferred,Preferred,Required,Preferred,Fully Furnished
U0137,Student,Maharashtra,Mumbai,LM0005,7800,11900,Dormitory,Dormitory,Coed,Not Required,Preferred,Required,Required,Preferred,Preferred,Required,Not Required,Semi Furnished
U0138,Student,Maharashtra,Mumbai,LM0003,6300,12000,Shared,Triple,Boys,Required,Not Required,Preferred,Required,Not Required,Required,Preferred,Required,Semi Furnished
U0139,Student,Maharashtra,Mumbai,LM0059,5400,9500,Shared,Triple,Coed,Preferred,Preferred,Preferred,Preferred,Not Required,Preferred,Preferred,Required,Any
U0140,Student,Maharashtra,Mumbai,LM0015,7700,12900,Dormitory,Dormitory,Boys,Preferred,Not Required,Required,Required,Preferred,Required,Not Required,Preferred,Semi Furnished
U0141,Student,Maharashtra,Mumbai,LM0035,6200,11700,Private,Single,Boys,Preferred,Required,Required,Required,Preferred,Preferred,Preferred,Required,Any
U0142,Working Professional,Maharashtra,Mumbai,LM0061,11200,18500,Shared,Triple,Coed,Required,Preferred,Not Required,Required,Preferred,Required,Required,Required,Any
U0143,Working Professional,Maharashtra,Mumbai,LM0054,14100,18500,Private,Single,Girls,Required,Required,Required,Required,Preferred,Preferred,Preferred,Required,Any
U0144,Student,Maharashtra,Mumbai,LM0029,5400,10600,Private,Single,Boys,Required,Preferred,Required,Not Required,Not Required,Preferred,Preferred,Not Required,Fully Furnished
U0145,Student,Maharashtra,Mumbai,LM0011,5300,8500,Shared,Double,Boys,Preferred,Preferred,Required,Not Required,Not Required,Required,Required,Preferred,Any
U0146,Student,Maharashtra,Mumbai,LM0061,6800,11400,Dormitory,Dormitory,Boys,Required,Required,Required,Not Required,Not Required,Preferred,Required,Preferred,Semi Furnished
U0147,Working Professional,Maharashtra,Mumbai,LM0007,10000,19200,Private,Double,Girls,Required,Preferred,Required,Required,Not Required,Required,Preferred,Not Required,Semi Furnished
U0148,Student,Maharashtra,Mumbai,LM0059,6500,12100,Shared,Triple,Girls,Not Required,Preferred,Required,Not Required,Not Required,Preferred,Not Required,Required,Semi Furnished
U0149,Working Professional,Maharashtra,Mumbai,LM0009,10300,14600,Private,Double,Boys,Required,Not Required,Required,Required,Preferred,Required,Preferred,Not Required,Semi Furnished
U0150,Student,Maharashtra,Mumbai,LM0048,6000,10700,Private,Double,Boys,Preferred,Required,Required,Not Required,Not Required,Not Required,Preferred,Required,Any
U0151,Working Professional,Maharashtra,Mumbai,LM0037,14600,23500,Private,Single,Coed,Required,Required,Preferred,Preferred,Required,Required,Required,Preferred,Any
U0152,Student,Maharashtra,Mumbai,LM0010,5400,11000,Private,Double,Coed,Preferred,Required,Required,Preferred,Not Required,Required,Required,Required,Fully Furnished
U0153,Student,Maharashtra,Mumbai,LM0008,5200,9700,Shared,Double,Girls,Preferred,Not Required,Required,Required,Not Required,Required,Required,Required,Unfurnished
U0154,Working Professional,Maharashtra,Mumbai,LM0058,10200,19000,Shared,Double,Girls,Preferred,Preferred,Required,Preferred,Required,Preferred,Required,Not Required,Fully Furnished
U0155,Student,Maharashtra,Mumbai,LM0050,6300,9500,Shared,Triple,Coed,Not Required,Required,Required,Preferred,Preferred,Not Required,Preferred,Preferred,Any
U0156,Working Professional,Maharashtra,Mumbai,LM0008,12000,19100,Private,Single,Boys,Preferred,Preferred,Preferred,Required,Required,Not Required,Preferred,Preferred,Semi Furnished
U0157,Student,Maharashtra,Mumbai,LM0012,5300,8600,Shared,Triple,Boys,Preferred,Preferred,Preferred,Required,Not Required,Required,Required,Not Required,Semi Furnished
U0158,Student,Maharashtra,Mumbai,LM0048,7800,10600,Shared,Double,Girls,Required,Required,Required,Required,Not Required,Not Required,Not Required,Required,Any
U0159,Working Professional,Maharashtra,Mumbai,LM0057,14900,19100,Private,Single,Girls,Preferred,Required,Required,Preferred,Preferred,Preferred,Preferred,Required,Any
U0160,Working Professional,Maharashtra,Mumbai,LM0003,12700,18200,Private,Single,Boys,Not Required,Preferred,Required,Required,Not Required,Required,Preferred,Not Required,Semi Furnished
U0161,Working Professional,Maharashtra,Mumbai,LM0055,10400,20400,Private,Double,Coed,Required,Preferred,Preferred,Required,Required,Required,Preferred,Required,Any
U0162,Working Professional,Maharashtra,Mumbai,LM0059,12800,22400,Private,Single,Coed,Required,Required,Preferred,Preferred,Required,Preferred,Preferred,Required,Fully Furnished
U0163,Student,Maharashtra,Mumbai,LM0056,7400,12000,Shared,Triple,Boys,Preferred,Preferred,Required,Preferred,Not Required,Required,Preferred,Required,Semi Furnished
U0164,Student,Maharashtra,Mumbai,LM0021,8000,13700,Dormitory,Dormitory,Boys,Required,Preferred,Required,Preferred,Preferred,Preferred,Preferred,Required,Unfurnished
U0165,Working Professional,Maharashtra,Mumbai,LM0020,12300,17000,Private,Single,Girls,Required,Required,Required,Preferred,Required,Preferred,Preferred,Required,Semi Furnished
U0166,Student,Maharashtra,Mumbai,LM0042,5900,9600,Dormitory,Dormitory,Girls,Required,Required,Required,Required,Required,Required,Required,Preferred,Fully Furnished
U0167,Working Professional,Maharashtra,Mumbai,LM0059,12400,21800,Shared,Double,Girls,Required,Not Required,Not Required,Preferred,Not Required,Required,Preferred,Preferred,Semi Furnished
U0168,Student,Maharashtra,Mumbai,LM0030,5600,11500,Private,Single,Boys,Required,Required,Preferred,Required,Not Required,Required,Required,Preferred,Unfurnished
U0169,Working Professional,Maharashtra,Mumbai,LM0051,10300,14300,Shared,Triple,Boys,Preferred,Preferred,Required,Preferred,Preferred,Preferred,Preferred,Not Required,Fully Furnished
U0170,Student,Maharashtra,Mumbai,LM0060,5700,11000,Shared,Triple,Girls,Not Required,Preferred,Required,Required,Not Required,Required,Required,Required,Any
U0171,Working Professional,Maharashtra,Mumbai,LM0063,13400,21400,Private,Double,Boys,Required,Preferred,Required,Required,Not Required,Preferred,Preferred,Required,Fully Furnished
U0172,Student,Maharashtra,Mumbai,LM0041,6200,12200,Shared,Double,Girls,Required,Preferred,Preferred,Required,Required,Required,Required,Not Required,Semi Furnished
U0173,Student,Maharashtra,Mumbai,LM0053,5000,9600,Shared,Double,Boys,Preferred,Required,Required,Preferred,Not Required,Preferred,Preferred,Not Required,Semi Furnished
U0174,Working Professional,Maharashtra,Mumbai,LM0028,13400,18300,Private,Double,Boys,Required,Not Required,Preferred,Required,Preferred,Required,Preferred,Preferred,Fully Furnished
U0175,Working Professional,Maharashtra,Mumbai,LM0024,11400,15700,Shared,Triple,Girls,Required,Required,Preferred,Required,Not Required,Required,Preferred,Required,Any
U0176,Working Professional,Maharashtra,Mumbai,LM0006,13700,20000,Private,Double,Girls,Required,Required,Required,Required,Preferred,Preferred,Preferred,Required,Fully Furnished
U0177,Student,Maharashtra,Mumbai,LM0013,5900,11400,Dormitory,Dormitory,Boys,Preferred,Not Required,Required,Preferred,Not Required,Preferred,Preferred,Required,Fully Furnished
U0178,Student,Maharashtra,Mumbai,LM0016,6700,10300,Private,Single,Boys,Not Required,Required,Required,Preferred,Preferred,Required,Not Required,Required,Fully Furnished
U0179,Student,Maharashtra,Mumbai,LM0023,7100,10100,Private,Single,Boys,Not Required,Required,Required,Required,Not Required,Preferred,Preferred,Preferred,Semi Furnished
U0180,Working Professional,Maharashtra,Mumbai,LM0009,14200,21300,Shared,Triple,Boys,Required,Required,Required,Not Required,Not Required,Preferred,Required,Required,Fully Furnished
U0181,Student,Maharashtra,Mumbai,LM0049,6600,11700,Shared,Triple,Girls,Not Required,Required,Required,Required,Preferred,Preferred,Required,Required,Fully Furnished
U0182,Student,Maharashtra,Mumbai,LM0009,5700,10300,Shared,Double,Boys,Preferred,Preferred,Required,Required,Not Required,Required,Required,Required,Semi Furnished
U0183,Student,Maharashtra,Mumbai,LM0011,7200,13000,Shared,Double,Coed,Preferred,Required,Required,Not Required,Not Required,Required,Preferred,Required,Any
U0184,Working Professional,Maharashtra,Mumbai,LM0006,12100,21500,Private,Single,Girls,Preferred,Required,Required,Required,Not Required,Required,Required,Required,Fully Furnished
U0185,Student,Maharashtra,Mumbai,LM0012,6100,9100,Shared,Triple,Girls,Required,Required,Preferred,Required,Not Required,Not Required,Preferred,Required,Semi Furnished
U0186,Student,Maharashtra,Mumbai,LM0046,5400,9700,Shared,Double,Girls,Preferred,Preferred,Required,Preferred,Not Required,Not Required,Preferred,Required,Any
U0187,Student,Maharashtra,Mumbai,LM0014,7900,13000,Dormitory,Dormitory,Coed,Not Required,Preferred,Required,Preferred,Not Required,Preferred,Required,Required,Semi Furnished
U0188,Student,Maharashtra,Mumbai,LM0034,6700,10600,Shared,Triple,Boys,Preferred,Required,Preferred,Not Required,Required,Preferred,Preferred,Preferred,Semi Furnished
U0189,Working Professional,Maharashtra,Mumbai,LM0058,11600,20500,Private,Single,Girls,Required,Required,Required,Preferred,Not Required,Required,Not Required,Preferred,Semi Furnished
U0190,Working Professional,Maharashtra,Mumbai,LM0005,13600,23000,Private,Double,Boys,Required,Preferred,Required,Required,Required,Preferred,Preferred,Required,Any
U0191,Student,Maharashtra,Mumbai,LM0012,6000,8900,Dormitory,Dormitory,Coed,Required,Preferred,Required,Required,Not Required,Required,Required,Preferred,Semi Furnished
U0192,Student,Maharashtra,Mumbai,LM0050,5100,10000,Shared,Triple,Boys,Not Required,Preferred,Required,Not Required,Not Required,Required,Preferred,Required,Any
U0193,Student,Maharashtra,Mumbai,LM0053,7500,12500,Shared,Triple,Girls,Preferred,Preferred,Not Required,Preferred,Not Required,Preferred,Required,Preferred,Semi Furnished
U0194,Working Professional,Maharashtra,Mumbai,LM0004,12900,20500,Shared,Double,Boys,Required,Preferred,Required,Preferred,Preferred,Preferred,Required,Required,Any
U0195,Student,Maharashtra,Mumbai,LM0047,7600,10200,Shared,Double,Boys,Required,Required,Required,Preferred,Preferred,Preferred,Preferred,Required,Any
U0196,Working Professional,Maharashtra,Mumbai,LM0001,12100,17900,Private,Single,Boys,Required,Preferred,Preferred,Preferred,Not Required,Preferred,Required,Required,Semi Furnished
U0197,Working Professional,Maharashtra,Mumbai,LM0044,11800,17800,Private,Double,Girls,Required,Required,Preferred,Required,Required,Required,Required,Preferred,Fully Furnished
U0198,Student,Maharashtra,Mumbai,LM0064,7900,10500,Dormitory,Dormitory,Girls,Required,Preferred,Not Required,Required,Preferred,Preferred,Preferred,Required,Any
U0199,Student,Maharashtra,Mumbai,LM0044,5600,10300,Dormitory,Dormitory,Boys,Not Required,Preferred,Preferred,Not Required,Not Required,Required,Preferred,Not Required,Unfurnished
U0200,Working Professional,Maharashtra,Mumbai,LM0018,11800,17400,Private,Double,Boys,Required,Required,Not Required,Required,Not Required,Required,Preferred,Required,Fully Furnished
U0201,Student,Maharashtra,Mumbai,LM0036,6500,10300,Dormitory,Dormitory,Coed,Required,Preferred,Preferred,Required,Preferred,Required,Preferred,Required,Semi Furnished
U0202,Working Professional,Maharashtra,Mumbai,LM0036,14300,18700,Private,Double,Boys,Required,Preferred,Preferred,Not Required,Preferred,Preferred,Required,Required,Fully Furnished
U0203,Working Professional,Maharashtra,Mumbai,LM0021,14100,22600,Shared,Triple,Boys,Required,Preferred,Required,Required,Preferred,Required,Preferred,Preferred,Semi Furnished
U0204,Student,Maharashtra,Mumbai,LM0055,7300,11600,Private,Single,Boys,Required,Preferred,Preferred,Required,Not Required,Preferred,Required,Required,Fully Furnished
U0205,Working Professional,Maharashtra,Mumbai,LM0005,13000,18500,Private,Single,Girls,Required,Not Required,Required,Required,Required,Preferred,Required,Required,Semi Furnished
U0206,Working Professional,Maharashtra,Mumbai,LM0011,11600,20600,Private,Double,Girls,Required,Required,Required,Preferred,Not Required,Not Required,Preferred,Not Required,Fully Furnished
U0207,Student,Maharashtra,Mumbai,LM0002,6400,9900,Private,Double,Girls,Preferred,Required,Required,Preferred,Not Required,Required,Required,Required,Fully Furnished
U0208,Student,Maharashtra,Mumbai,LM0016,7700,11700,Private,Single,Girls,Not Required,Preferred,Preferred,Preferred,Not Required,Preferred,Required,Required,Any
U0209,Student,Maharashtra,Mumbai,LM0048,7100,11500,Shared,Triple,Boys,Not Required,Required,Required,Required,Not Required,Not Required,Preferred,Not Required,Semi Furnished
U0210,Working Professional,Maharashtra,Mumbai,LM0017,10800,19800,Private,Double,Girls,Not Required,Preferred,Required,Required,Required,Required,Not Required,Required,Fully Furnished
U0211,Working Professional,Maharashtra,Mumbai,LM0039,12400,20300,Shared,Double,Coed,Required,Required,Required,Preferred,Required,Preferred,Required,Required,Any
U0212,Student,Maharashtra,Mumbai,LM0049,5900,9300,Private,Double,Boys,Required,Required,Required,Preferred,Not Required,Required,Required,Required,Fully Furnished
U0213,Student,Maharashtra,Mumbai,LM0013,7200,12700,Shared,Triple,Girls,Not Required,Not Required,Required,Preferred,Preferred,Required,Preferred,Required,Any
U0214,Student,Maharashtra,Mumbai,LM0014,5400,10900,Private,Single,Boys,Required,Preferred,Required,Required,Preferred,Not Required,Preferred,Required,Semi Furnished
U0215,Working Professional,Maharashtra,Mumbai,LM0058,12100,18200,Private,Single,Girls,Preferred,Required,Required,Preferred,Preferred,Preferred,Required,Not Required,Any
U0216,Student,Maharashtra,Mumbai,LM0042,7800,10800,Shared,Triple,Boys,Required,Required,Required,Required,Preferred,Required,Required,Not Required,Semi Furnished
U0217,Student,Maharashtra,Mumbai,LM0007,5200,11000,Shared,Double,Girls,Preferred,Not Required,Required,Required,Not Required,Not Required,Preferred,Not Required,Fully Furnished
U0218,Working Professional,Maharashtra,Mumbai,LM0050,11400,18000,Private,Single,Boys,Required,Required,Required,Required,Preferred,Preferred,Required,Required,Any
U0219,Working Professional,Maharashtra,Mumbai,LM0053,10900,18800,Shared,Double,Boys,Preferred,Required,Required,Preferred,Not Required,Preferred,Required,Required,Fully Furnished
U0220,Working Professional,Maharashtra,Mumbai,LM0018,11700,15900,Private,Double,Boys,Required,Required,Preferred,Preferred,Required,Required,Preferred,Preferred,Any
U0221,Student,Maharashtra,Mumbai,LM0029,7600,11800,Dormitory,Dormitory,Girls,Preferred,Required,Not Required,Required,Not Required,Required,Preferred,Preferred,Semi Furnished
U0222,Student,Maharashtra,Mumbai,LM0002,7000,12600,Dormitory,Dormitory,Coed,Not Required,Preferred,Required,Required,Not Required,Preferred,Preferred,Preferred,Any
U0223,Student,Maharashtra,Mumbai,LM0033,7100,12200,Private,Single,Coed,Required,Required,Required,Not Required,Preferred,Preferred,Preferred,Required,Semi Furnished
U0224,Student,Maharashtra,Mumbai,LM0040,5100,8100,Shared,Double,Boys,Preferred,Preferred,Preferred,Required,Preferred,Preferred,Required,Preferred,Semi Furnished
U0225,Student,Maharashtra,Mumbai,LM0030,6100,11300,Shared,Double,Girls,Preferred,Required,Required,Preferred,Not Required,Required,Preferred,Preferred,Any
U0226,Student,Maharashtra,Mumbai,LM0046,7900,11600,Shared,Double,Girls,Preferred,Preferred,Preferred,Required,Not Required,Not Required,Required,Required,Semi Furnished
U0227,Working Professional,Maharashtra,Mumbai,LM0007,12700,20800,Private,Single,Girls,Required,Required,Required,Required,Not Required,Required,Preferred,Required,Any
U0228,Working Professional,Maharashtra,Mumbai,LM0044,14400,21400,Private,Single,Girls,Required,Required,Preferred,Required,Required,Not Required,Required,Preferred,Semi Furnished
U0229,Student,Maharashtra,Mumbai,LM0031,5700,8700,Shared,Triple,Boys,Preferred,Not Required,Required,Preferred,Not Required,Preferred,Preferred,Not Required,Semi Furnished
U0230,Student,Maharashtra,Mumbai,LM0002,7000,10900,Private,Single,Girls,Preferred,Preferred,Required,Preferred,Preferred,Preferred,Required,Required,Any
U0231,Student,Maharashtra,Mumbai,LM0050,7200,11600,Shared,Triple,Girls,Preferred,Preferred,Required,Required,Preferred,Preferred,Preferred,Required,Any
U0232,Student,Maharashtra,Mumbai,LM0041,7900,13500,Shared,Double,Girls,Required,Required,Required,Not Required,Not Required,Required,Not Required,Preferred,Fully Furnished
U0233,Student,Maharashtra,Mumbai,LM0017,5700,11400,Shared,Double,Girls,Not Required,Required,Required,Not Required,Preferred,Preferred,Preferred,Preferred,Semi Furnished
U0234,Working Professional,Maharashtra,Mumbai,LM0033,10600,18300,Private,Double,Boys,Required,Preferred,Required,Required,Required,Preferred,Required,Required,Fully Furnished
U0235,Student,Maharashtra,Mumbai,LM0062,6900,12500,Dormitory,Dormitory,Boys,Required,Required,Preferred,Not Required,Not Required,Required,Preferred,Preferred,Any
U0236,Student,Maharashtra,Mumbai,LM0064,5200,9900,Private,Double,Boys,Required,Preferred,Required,Preferred,Not Required,Preferred,Preferred,Preferred,Unfurnished
U0237,Working Professional,Maharashtra,Mumbai,LM0022,10900,19600,Private,Single,Girls,Required,Preferred,Required,Preferred,Required,Required,Required,Not Required,Fully Furnished
U0238,Working Professional,Maharashtra,Mumbai,LM0013,11700,21700,Shared,Triple,Coed,Preferred,Required,Preferred,Preferred,Not Required,Required,Preferred,Not Required,Fully Furnished
U0239,Student,Maharashtra,Mumbai,LM0032,5400,8900,Shared,Double,Girls,Required,Preferred,Required,Not Required,Preferred,Required,Required,Required,Unfurnished
U0240,Student,Maharashtra,Mumbai,LM0054,6100,10100,Shared,Triple,Coed,Required,Required,Preferred,Required,Not Required,Required,Required,Required,Fully Furnished
U0241,Student,Maharashtra,Mumbai,LM0016,5400,8800,Shared,Triple,Boys,Required,Required,Required,Preferred,Not Required,Required,Required,Required,Any
U0242,Student,Maharashtra,Mumbai,LM0046,5400,8200,Shared,Double,Girls,Not Required,Required,Required,Required,Not Required,Preferred,Preferred,Preferred,Unfurnished
U0243,Student,Maharashtra,Mumbai,LM0029,5500,10600,Shared,Triple,Boys,Preferred,Required,Required,Preferred,Not Required,Required,Required,Required,Any
U0244,Working Professional,Maharashtra,Mumbai,LM0012,13400,18100,Private,Single,Coed,Preferred,Preferred,Required,Required,Preferred,Required,Required,Required,Fully Furnished
U0245,Student,Maharashtra,Mumbai,LM0004,5900,11700,Private,Single,Girls,Required,Required,Required,Preferred,Not Required,Preferred,Required,Required,Any
U0246,Working Professional,Maharashtra,Mumbai,LM0018,13600,22300,Private,Double,Girls,Required,Required,Required,Preferred,Preferred,Required,Preferred,Preferred,Semi Furnished
U0247,Working Professional,Maharashtra,Mumbai,LM0039,12700,18900,Private,Double,Boys,Required,Required,Required,Required,Preferred,Preferred,Preferred,Required,Fully Furnished
U0248,Student,Maharashtra,Mumbai,LM0034,7300,11900,Shared,Triple,Boys,Not Required,Preferred,Preferred,Preferred,Not Required,Required,Required,Required,Fully Furnished
U0249,Student,Maharashtra,Mumbai,LM0056,5500,10800,Shared,Double,Boys,Preferred,Preferred,Required,Required,Preferred,Preferred,Preferred,Not Required,Any
U0250,Student,Maharashtra,Mumbai,LM0027,7100,10200,Private,Double,Girls,Required,Preferred,Required,Required,Not Required,Required,Required,Required,Semi Furnished
U0251,Student,Maharashtra,Mumbai,LM0014,7800,13000,Shared,Double,Girls,Preferred,Required,Required,Required,Not Required,Not Required,Preferred,Required,Fully Furnished
U0252,Student,Maharashtra,Mumbai,LM0028,5800,10500,Dormitory,Dormitory,Girls,Not Required,Required,Required,Preferred,Not Required,Required,Not Required,Preferred,Unfurnished
U0253,Working Professional,Maharashtra,Mumbai,LM0020,14400,19200,Shared,Triple,Boys,Required,Required,Preferred,Preferred,Preferred,Required,Preferred,Required,Any
U0254,Student,Maharashtra,Mumbai,LM0030,6200,10600,Shared,Triple,Boys,Not Required,Not Required,Preferred,Required,Preferred,Preferred,Required,Required,Semi Furnished
U0255,Student,Maharashtra,Mumbai,LM0058,7100,10200,Private,Single,Coed,Preferred,Required,Required,Not Required,Not Required,Required,Preferred,Preferred,Fully Furnished
U0256,Working Professional,Maharashtra,Mumbai,LM0025,14500,20900,Private,Single,Girls,Not Required,Required,Preferred,Required,Preferred,Required,Preferred,Not Required,Semi Furnished
U0257,Working Professional,Maharashtra,Mumbai,LM0061,11300,15400,Private,Double,Boys,Required,Preferred,Preferred,Required,Preferred,Preferred,Required,Required,Any
U0258,Student,Maharashtra,Mumbai,LM0016,5300,10700,Private,Double,Boys,Required,Required,Preferred,Required,Not Required,Preferred,Preferred,Required,Any
U0259,Working Professional,Maharashtra,Mumbai,LM0027,12700,17600,Shared,Double,Boys,Preferred,Preferred,Preferred,Required,Preferred,Required,Required,Required,Any
U0260,Working Professional,Maharashtra,Mumbai,LM0032,13400,20700,Private,Double,Girls,Preferred,Required,Preferred,Required,Required,Preferred,Preferred,Preferred,Fully Furnished
U0261,Student,Maharashtra,Mumbai,LM0044,7300,10500,Private,Single,Girls,Not Required,Required,Preferred,Preferred,Not Required,Required,Required,Required,Semi Furnished
U0262,Working Professional,Maharashtra,Mumbai,LM0060,13900,19400,Private,Single,Girls,Not Required,Required,Required,Preferred,Required,Required,Preferred,Required,Fully Furnished
U0263,Working Professional,Maharashtra,Mumbai,LM0018,10900,16400,Private,Single,Coed,Preferred,Preferred,Required,Required,Not Required,Not Required,Required,Preferred,Semi Furnished
U0264,Student,Maharashtra,Mumbai,LM0030,6000,10300,Shared,Triple,Girls,Not Required,Required,Required,Preferred,Preferred,Required,Not Required,Required,Semi Furnished
U0265,Student,Maharashtra,Mumbai,LM0053,6500,10400,Shared,Double,Boys,Not Required,Required,Required,Required,Preferred,Preferred,Required,Preferred,Fully Furnished
U0266,Student,Maharashtra,Mumbai,LM0006,7900,13600,Shared,Triple,Coed,Not Required,Required,Required,Required,Preferred,Preferred,Preferred,Preferred,Fully Furnished
U0267,Working Professional,Maharashtra,Mumbai,LM0003,14600,23300,Shared,Triple,Girls,Required,Required,Required,Required,Not Required,Not Required,Preferred,Required,Fully Furnished
U0268,Student,Maharashtra,Mumbai,LM0043,6400,12000,Private,Single,Girls,Required,Required,Required,Required,Required,Preferred,Required,Required,Fully Furnished
U0269,Student,Maharashtra,Mumbai,LM0037,5200,9700,Shared,Triple,Girls,Required,Not Required,Required,Required,Preferred,Not Required,Preferred,Required,Fully Furnished
U0270,Working Professional,Maharashtra,Mumbai,LM0011,13500,21000,Shared,Triple,Girls,Required,Preferred,Not Required,Preferred,Not Required,Required,Preferred,Preferred,Fully Furnished
U0271,Student,Maharashtra,Mumbai,LM0010,6900,12800,Shared,Triple,Girls,Not Required,Required,Required,Preferred,Not Required,Preferred,Not Required,Required,Semi Furnished
U0272,Student,Maharashtra,Mumbai,LM0007,6400,11100,Dormitory,Dormitory,Boys,Not Required,Required,Preferred,Preferred,Not Required,Not Required,Required,Required,Semi Furnished
U0273,Student,Maharashtra,Mumbai,LM0042,7500,12600,Private,Single,Girls,Required,Preferred,Required,Preferred,Not Required,Required,Required,Required,Semi Furnished
U0274,Student,Maharashtra,Mumbai,LM0031,6400,11900,Shared,Triple,Boys,Required,Not Required,Required,Preferred,Not Required,Required,Not Required,Preferred,Any
U0275,Student,Maharashtra,Mumbai,LM0014,7400,11700,Shared,Double,Boys,Preferred,Required,Required,Required,Not Required,Required,Required,Required,Any
U0276,Working Professional,Maharashtra,Pune,LM0077,14400,22300,Private,Double,Boys,Required,Required,Required,Preferred,Not Required,Preferred,Required,Required,Fully Furnished
U0277,Student,Maharashtra,Pune,LM0075,6500,12400,Shared,Triple,Coed,Required,Required,Preferred,Required,Not Required,Required,Not Required,Required,Semi Furnished
U0278,Student,Maharashtra,Pune,LM0112,6200,9900,Shared,Triple,Boys,Required,Preferred,Required,Preferred,Not Required,Required,Preferred,Not Required,Any
U0279,Student,Maharashtra,Pune,LM0085,5100,7900,Shared,Double,Boys,Required,Required,Required,Required,Not Required,Preferred,Preferred,Preferred,Semi Furnished
U0280,Student,Maharashtra,Pune,LM0074,5200,9700,Shared,Double,Boys,Preferred,Required,Required,Preferred,Not Required,Required,Preferred,Required,Semi Furnished
U0281,Student,Maharashtra,Pune,LM0098,5600,9400,Shared,Triple,Boys,Not Required,Required,Required,Required,Not Required,Preferred,Preferred,Required,Semi Furnished
U0282,Student,Maharashtra,Pune,LM0101,5800,8400,Shared,Triple,Boys,Preferred,Required,Required,Required,Not Required,Required,Required,Required,Fully Furnished
U0283,Student,Maharashtra,Pune,LM0105,7400,12900,Shared,Double,Girls,Preferred,Preferred,Required,Required,Preferred,Required,Required,Required,Semi Furnished
U0284,Working Professional,Maharashtra,Pune,LM0098,13300,18000,Private,Double,Coed,Preferred,Required,Preferred,Required,Preferred,Required,Preferred,Required,Fully Furnished
U0285,Working Professional,Maharashtra,Pune,LM0077,14000,19000,Shared,Double,Girls,Required,Required,Required,Preferred,Required,Required,Preferred,Required,Any
U0286,Student,Maharashtra,Pune,LM0115,6700,10000,Shared,Triple,Boys,Required,Not Required,Preferred,Not Required,Preferred,Not Required,Preferred,Preferred,Semi Furnished
U0287,Student,Maharashtra,Pune,LM0087,5400,8800,Shared,Double,Girls,Not Required,Preferred,Required,Required,Not Required,Preferred,Required,Preferred,Any
U0288,Student,Maharashtra,Pune,LM0088,5100,10800,Private,Single,Coed,Preferred,Required,Preferred,Preferred,Preferred,Required,Preferred,Required,Semi Furnished
U0289,Working Professional,Maharashtra,Pune,LM0065,10900,19400,Private,Double,Coed,Required,Required,Required,Preferred,Not Required,Preferred,Required,Required,Fully Furnished
U0290,Student,Maharashtra,Pune,LM0111,6400,9100,Shared,Triple,Boys,Preferred,Required,Preferred,Required,Not Required,Preferred,Required,Preferred,Fully Furnished
U0291,Working Professional,Maharashtra,Pune,LM0089,13800,23300,Shared,Double,Boys,Required,Required,Preferred,Required,Preferred,Required,Required,Required,Fully Furnished
U0292,Student,Maharashtra,Pune,LM0099,6000,12000,Dormitory,Dormitory,Girls,Preferred,Required,Preferred,Preferred,Not Required,Required,Preferred,Required,Semi Furnished
U0293,Working Professional,Maharashtra,Pune,LM0118,10900,16200,Shared,Double,Girls,Preferred,Required,Required,Preferred,Preferred,Required,Preferred,Required,Fully Furnished
U0294,Working Professional,Maharashtra,Pune,LM0110,12200,18100,Private,Single,Coed,Preferred,Required,Required,Preferred,Not Required,Preferred,Preferred,Required,Fully Furnished
U0295,Student,Maharashtra,Pune,LM0090,7600,10500,Shared,Double,Girls,Required,Not Required,Preferred,Not Required,Not Required,Preferred,Preferred,Preferred,Semi Furnished
U0296,Student,Maharashtra,Pune,LM0085,6400,10400,Shared,Double,Boys,Preferred,Not Required,Required,Not Required,Not Required,Required,Required,Required,Fully Furnished
U0297,Student,Maharashtra,Pune,LM0098,6500,9100,Shared,Triple,Girls,Preferred,Required,Required,Not Required,Not Required,Preferred,Preferred,Preferred,Semi Furnished
U0298,Student,Maharashtra,Pune,LM0098,6100,9400,Shared,Triple,Boys,Preferred,Not Required,Preferred,Required,Preferred,Preferred,Required,Not Required,Semi Furnished
U0299,Working Professional,Maharashtra,Pune,LM0103,11200,20500,Shared,Double,Coed,Preferred,Required,Required,Preferred,Not Required,Not Required,Required,Required,Fully Furnished
U0300,Working Professional,Maharashtra,Pune,LM0096,11400,16200,Private,Single,Girls,Required,Required,Preferred,Preferred,Required,Required,Required,Not Required,Any
U0301,Student,Maharashtra,Pune,LM0100,5600,9000,Dormitory,Dormitory,Coed,Not Required,Not Required,Required,Required,Not Required,Preferred,Preferred,Required,Semi Furnished
U0302,Working Professional,Maharashtra,Pune,LM0100,11900,18900,Private,Double,Boys,Required,Required,Preferred,Not Required,Not Required,Preferred,Required,Required,Any
U0303,Student,Maharashtra,Pune,LM0091,8000,11600,Shared,Double,Boys,Preferred,Required,Required,Required,Not Required,Required,Not Required,Required,Fully Furnished
U0304,Working Professional,Maharashtra,Pune,LM0101,12200,18600,Private,Double,Girls,Required,Required,Preferred,Preferred,Preferred,Required,Required,Required,Fully Furnished
U0305,Working Professional,Maharashtra,Pune,LM0089,12000,17500,Private,Single,Girls,Not Required,Not Required,Not Required,Required,Required,Preferred,Preferred,Preferred,Any
U0306,Working Professional,Maharashtra,Pune,LM0081,10300,18000,Shared,Double,Boys,Required,Required,Preferred,Not Required,Not Required,Not Required,Required,Preferred,Any
U0307,Student,Maharashtra,Pune,LM0115,7400,10500,Dormitory,Dormitory,Boys,Preferred,Required,Required,Preferred,Not Required,Required,Preferred,Not Required,Semi Furnished
U0308,Student,Maharashtra,Pune,LM0077,6700,11200,Private,Double,Coed,Required,Not Required,Preferred,Required,Not Required,Preferred,Preferred,Required,Semi Furnished
U0309,Student,Maharashtra,Pune,LM0085,7200,9800,Private,Single,Boys,Preferred,Required,Required,Not Required,Not Required,Required,Preferred,Required,Any
U0310,Working Professional,Maharashtra,Pune,LM0079,14400,21700,Private,Double,Coed,Required,Required,Required,Required,Not Required,Preferred,Required,Not Required,Semi Furnished
U0311,Working Professional,Maharashtra,Pune,LM0114,11000,20200,Private,Single,Boys,Required,Required,Preferred,Required,Required,Preferred,Preferred,Required,Fully Furnished
U0312,Working Professional,Maharashtra,Pune,LM0104,12700,21300,Private,Single,Boys,Required,Required,Required,Preferred,Required,Required,Required,Not Required,Fully Furnished
U0313,Student,Maharashtra,Pune,LM0095,6300,9500,Shared,Triple,Boys,Required,Required,Preferred,Required,Not Required,Preferred,Preferred,Required,Fully Furnished
U0314,Student,Maharashtra,Pune,LM0073,5200,9800,Private,Single,Coed,Preferred,Required,Not Required,Required,Not Required,Required,Preferred,Required,Fully Furnished
U0315,Working Professional,Maharashtra,Pune,LM0065,11400,17500,Private,Single,Coed,Required,Required,Required,Required,Not Required,Not Required,Required,Required,Any
U0316,Student,Maharashtra,Pune,LM0067,5300,9700,Shared,Double,Coed,Preferred,Required,Required,Required,Not Required,Preferred,Required,Required,Any
U0317,Student,Maharashtra,Pune,LM0077,7400,13200,Private,Double,Girls,Required,Preferred,Required,Required,Not Required,Required,Required,Required,Fully Furnished
U0318,Student,Maharashtra,Pune,LM0080,5500,10600,Private,Double,Boys,Required,Preferred,Required,Required,Not Required,Preferred,Required,Required,Semi Furnished
U0319,Student,Maharashtra,Pune,LM0113,6700,10000,Shared,Triple,Boys,Preferred,Required,Preferred,Required,Preferred,Preferred,Preferred,Required,Semi Furnished
U0320,Student,Maharashtra,Pune,LM0118,6800,10600,Shared,Triple,Girls,Required,Required,Preferred,Preferred,Not Required,Required,Preferred,Preferred,Semi Furnished
U0321,Student,Maharashtra,Pune,LM0100,8000,11800,Shared,Double,Boys,Not Required,Required,Required,Required,Not Required,Not Required,Preferred,Preferred,Fully Furnished
U0322,Working Professional,Maharashtra,Pune,LM0072,13700,18600,Shared,Triple,Girls,Required,Preferred,Required,Preferred,Preferred,Required,Required,Preferred,Fully Furnished
U0323,Working Professional,Maharashtra,Pune,LM0093,11200,20700,Shared,Triple,Girls,Required,Required,Required,Required,Preferred,Required,Preferred,Preferred,Any
U0324,Student,Maharashtra,Pune,LM0106,6800,12400,Dormitory,Dormitory,Coed,Required,Preferred,Required,Required,Not Required,Required,Required,Required,Semi Furnished
U0325,Student,Maharashtra,Pune,LM0076,5700,10800,Shared,Triple,Girls,Preferred,Not Required,Required,Preferred,Preferred,Preferred,Required,Required,Semi Furnished
U0326,Working Professional,Maharashtra,Pune,LM0066,14200,19100,Private,Double,Boys,Required,Preferred,Required,Preferred,Preferred,Required,Preferred,Required,Any
U0327,Student,Maharashtra,Pune,LM0079,8000,13700,Shared,Triple,Girls,Not Required,Required,Preferred,Required,Not Required,Preferred,Required,Required,Fully Furnished
U0328,Student,Maharashtra,Pune,LM0102,8000,13100,Dormitory,Dormitory,Coed,Not Required,Required,Required,Required,Not Required,Required,Preferred,Preferred,Semi Furnished
U0329,Student,Maharashtra,Pune,LM0074,6600,12600,Shared,Triple,Boys,Not Required,Preferred,Not Required,Preferred,Not Required,Required,Required,Required,Fully Furnished
U0330,Student,Maharashtra,Pune,LM0120,5700,8600,Shared,Triple,Boys,Required,Preferred,Preferred,Preferred,Not Required,Not Required,Required,Required,Semi Furnished
U0331,Working Professional,Maharashtra,Pune,LM0121,11700,17100,Private,Single,Coed,Required,Preferred,Required,Preferred,Preferred,Required,Required,Preferred,Fully Furnished
U0332,Student,Maharashtra,Pune,LM0117,7800,12900,Shared,Triple,Boys,Required,Not Required,Required,Preferred,Preferred,Required,Preferred,Required,Fully Furnished
U0333,Working Professional,Maharashtra,Pune,LM0100,11100,20900,Private,Single,Boys,Required,Not Required,Required,Required,Preferred,Preferred,Preferred,Preferred,Fully Furnished
U0334,Student,Maharashtra,Pune,LM0103,7600,10300,Dormitory,Dormitory,Coed,Preferred,Not Required,Required,Required,Not Required,Not Required,Required,Required,Semi Furnished
U0335,Working Professional,Maharashtra,Pune,LM0089,13100,17300,Private,Double,Girls,Required,Not Required,Required,Required,Required,Preferred,Not Required,Required,Any
U0336,Working Professional,Maharashtra,Pune,LM0093,12500,19400,Shared,Triple,Girls,Not Required,Preferred,Preferred,Not Required,Preferred,Required,Preferred,Preferred,Semi Furnished
U0337,Student,Maharashtra,Pune,LM0099,7700,10300,Private,Single,Coed,Preferred,Preferred,Required,Required,Not Required,Not Required,Preferred,Required,Fully Furnished
U0338,Working Professional,Maharashtra,Pune,LM0084,10700,18500,Private,Single,Coed,Required,Preferred,Required,Required,Preferred,Not Required,Required,Required,Any
U0339,Working Professional,Maharashtra,Pune,LM0119,13800,22000,Shared,Double,Boys,Required,Required,Required,Required,Preferred,Preferred,Preferred,Required,Any
U0340,Working Professional,Maharashtra,Pune,LM0071,10000,14100,Shared,Triple,Boys,Preferred,Required,Required,Required,Preferred,Preferred,Preferred,Preferred,Fully Furnished
U0341,Working Professional,Maharashtra,Pune,LM0088,12900,22400,Shared,Triple,Coed,Preferred,Preferred,Required,Required,Preferred,Required,Preferred,Not Required,Fully Furnished
U0342,Student,Maharashtra,Pune,LM0085,6600,9400,Dormitory,Dormitory,Girls,Not Required,Required,Required,Preferred,Not Required,Required,Preferred,Required,Any
U0343,Student,Maharashtra,Pune,LM0112,5300,9200,Private,Double,Girls,Required,Not Required,Required,Preferred,Not Required,Preferred,Required,Preferred,Semi Furnished
U0344,Student,Maharashtra,Pune,LM0092,7300,12200,Shared,Double,Girls,Preferred,Required,Preferred,Required,Preferred,Required,Preferred,Preferred,Any
U0345,Working Professional,Maharashtra,Pune,LM0074,11700,15900,Shared,Double,Boys,Preferred,Preferred,Required,Preferred,Preferred,Preferred,Preferred,Preferred,Semi Furnished
U0346,Student,Maharashtra,Pune,LM0089,6500,9000,Shared,Double,Girls,Preferred,Required,Required,Required,Not Required,Required,Required,Not Required,Unfurnished
U0347,Student,Maharashtra,Pune,LM0111,7500,12500,Private,Double,Coed,Preferred,Preferred,Required,Preferred,Not Required,Required,Preferred,Preferred,Fully Furnished
U0348,Working Professional,Maharashtra,Pune,LM0123,14900,24400,Shared,Triple,Girls,Required,Preferred,Required,Preferred,Preferred,Required,Preferred,Preferred,Fully Furnished
U0349,Working Professional,Maharashtra,Pune,LM0117,10400,19100,Private,Single,Boys,Not Required,Required,Not Required,Required,Preferred,Not Required,Preferred,Preferred,Fully Furnished
U0350,Working Professional,Maharashtra,Pune,LM0099,14400,19700,Shared,Double,Girls,Required,Preferred,Preferred,Required,Required,Preferred,Not Required,Required,Semi Furnished
U0351,Student,Maharashtra,Pune,LM0068,7800,10700,Shared,Double,Girls,Not Required,Not Required,Not Required,Preferred,Not Required,Required,Preferred,Required,Any
U0352,Working Professional,Maharashtra,Pune,LM0068,11700,20300,Shared,Double,Girls,Preferred,Required,Required,Not Required,Not Required,Preferred,Preferred,Preferred,Fully Furnished
U0353,Working Professional,Maharashtra,Pune,LM0069,10600,17100,Shared,Triple,Boys,Preferred,Required,Preferred,Preferred,Required,Required,Preferred,Required,Any
U0354,Working Professional,Maharashtra,Pune,LM0088,13100,21600,Shared,Double,Boys,Required,Required,Required,Preferred,Preferred,Required,Preferred,Required,Semi Furnished
U0355,Student,Maharashtra,Pune,LM0102,5800,10900,Private,Single,Girls,Preferred,Preferred,Required,Preferred,Not Required,Preferred,Preferred,Required,Semi Furnished
U0356,Student,Maharashtra,Pune,LM0107,6700,10400,Private,Single,Girls,Required,Preferred,Not Required,Required,Not Required,Preferred,Preferred,Required,Fully Furnished
U0357,Working Professional,Maharashtra,Pune,LM0117,13500,19200,Private,Double,Boys,Preferred,Preferred,Required,Preferred,Required,Preferred,Not Required,Required,Semi Furnished
U0358,Student,Maharashtra,Pune,LM0083,6600,12100,Private,Single,Girls,Not Required,Preferred,Required,Required,Not Required,Required,Not Required,Required,Any
U0359,Student,Maharashtra,Pune,LM0108,7200,11700,Shared,Triple,Boys,Preferred,Required,Preferred,Required,Preferred,Required,Preferred,Preferred,Fully Furnished
U0360,Student,Maharashtra,Pune,LM0117,5900,11600,Shared,Double,Boys,Not Required,Preferred,Not Required,Required,Preferred,Preferred,Preferred,Required,Semi Furnished
U0361,Student,Maharashtra,Pune,LM0102,7100,10300,Private,Double,Boys,Preferred,Preferred,Preferred,Required,Not Required,Preferred,Required,Required,Fully Furnished
U0362,Student,Maharashtra,Pune,LM0116,5800,10300,Private,Double,Girls,Preferred,Preferred,Required,Preferred,Not Required,Required,Preferred,Preferred,Fully Furnished
U0363,Student,Maharashtra,Pune,LM0110,7600,13300,Private,Single,Girls,Preferred,Preferred,Required,Required,Not Required,Preferred,Preferred,Preferred,Fully Furnished
U0364,Student,Maharashtra,Pune,LM0090,7600,10300,Shared,Triple,Boys,Preferred,Preferred,Preferred,Preferred,Not Required,Required,Preferred,Preferred,Any
U0365,Student,Maharashtra,Pune,LM0066,7200,11100,Shared,Double,Girls,Not Required,Preferred,Required,Not Required,Not Required,Not Required,Preferred,Preferred,Any
U0366,Working Professional,Maharashtra,Pune,LM0122,14400,23600,Private,Single,Boys,Required,Required,Required,Preferred,Required,Preferred,Required,Preferred,Any
U0367,Working Professional,Maharashtra,Pune,LM0075,13400,20600,Shared,Triple,Boys,Preferred,Required,Required,Preferred,Required,Required,Preferred,Required,Semi Furnished
U0368,Student,Maharashtra,Pune,LM0086,6600,12000,Dormitory,Dormitory,Boys,Preferred,Required,Required,Preferred,Preferred,Preferred,Preferred,Not Required,Semi Furnished
U0369,Student,Maharashtra,Pune,LM0109,5800,10000,Private,Double,Boys,Not Required,Required,Preferred,Required,Preferred,Required,Not Required,Required,Semi Furnished
U0370,Working Professional,Maharashtra,Pune,LM0070,14200,23900,Private,Double,Boys,Required,Required,Required,Required,Not Required,Required,Preferred,Preferred,Semi Furnished
U0371,Working Professional,Maharashtra,Pune,LM0078,11900,20600,Private,Single,Girls,Required,Required,Required,Preferred,Not Required,Required,Preferred,Preferred,Fully Furnished
U0372,Working Professional,Maharashtra,Pune,LM0109,13500,22700,Shared,Triple,Girls,Preferred,Required,Preferred,Preferred,Not Required,Not Required,Preferred,Required,Semi Furnished
U0373,Student,Maharashtra,Pune,LM0098,6500,12100,Private,Double,Coed,Not Required,Preferred,Required,Required,Preferred,Preferred,Required,Required,Semi Furnished
U0374,Student,Maharashtra,Pune,LM0076,6700,11000,Dormitory,Dormitory,Boys,Preferred,Required,Preferred,Preferred,Not Required,Required,Required,Required,Semi Furnished
U0375,Working Professional,Maharashtra,Pune,LM0074,13700,18200,Shared,Triple,Girls,Preferred,Preferred,Preferred,Preferred,Preferred,Preferred,Preferred,Preferred,Fully Furnished
U0376,Student,Maharashtra,Pune,LM0093,5600,10400,Shared,Triple,Girls,Required,Not Required,Required,Not Required,Not Required,Preferred,Preferred,Required,Semi Furnished
U0377,Student,Maharashtra,Pune,LM0097,5200,8300,Shared,Double,Boys,Required,Preferred,Required,Required,Not Required,Not Required,Required,Required,Unfurnished
U0378,Working Professional,Maharashtra,Pune,LM0068,14800,22100,Shared,Triple,Girls,Required,Required,Required,Required,Required,Required,Required,Preferred,Semi Furnished
U0379,Student,Maharashtra,Pune,LM0071,6200,9900,Shared,Triple,Boys,Preferred,Required,Required,Required,Preferred,Required,Required,Required,Semi Furnished
U0380,Student,Maharashtra,Pune,LM0105,5000,9600,Dormitory,Dormitory,Girls,Preferred,Preferred,Required,Required,Preferred,Required,Required,Preferred,Semi Furnished
U0381,Student,Maharashtra,Pune,LM0115,6200,9100,Shared,Triple,Boys,Preferred,Required,Required,Preferred,Not Required,Preferred,Preferred,Required,Fully Furnished
U0382,Working Professional,Maharashtra,Pune,LM0105,10000,14100,Private,Double,Coed,Preferred,Preferred,Preferred,Required,Not Required,Required,Required,Required,Semi Furnished
U0383,Student,Maharashtra,Pune,LM0082,7700,13400,Shared,Double,Coed,Not Required,Preferred,Required,Required,Not Required,Preferred,Preferred,Required,Semi Furnished
U0384,Student,Maharashtra,Pune,LM0105,8000,12300,Private,Single,Girls,Not Required,Required,Required,Preferred,Not Required,Preferred,Required,Required,Semi Furnished
U0385,Student,Maharashtra,Pune,LM0067,7600,10200,Shared,Triple,Girls,Required,Not Required,Required,Required,Not Required,Preferred,Required,Required,Semi Furnished
U0386,Working Professional,Maharashtra,Pune,LM0119,12500,19600,Shared,Triple,Girls,Required,Not Required,Required,Preferred,Preferred,Preferred,Not Required,Required,Fully Furnished
U0387,Student,Maharashtra,Pune,LM0070,6600,11200,Dormitory,Dormitory,Girls,Preferred,Required,Required,Required,Not Required,Preferred,Preferred,Preferred,Any
U0388,Student,Maharashtra,Pune,LM0122,5800,8700,Shared,Double,Girls,Preferred,Required,Preferred,Required,Preferred,Preferred,Preferred,Required,Unfurnished
U0389,Student,Maharashtra,Pune,LM0094,7000,9800,Private,Double,Coed,Not Required,Required,Preferred,Preferred,Not Required,Preferred,Required,Preferred,Semi Furnished
U0390,Student,Maharashtra,Pune,LM0122,5600,8600,Shared,Double,Girls,Not Required,Preferred,Required,Required,Not Required,Required,Preferred,Not Required,Semi Furnished
U0391,Student,Maharashtra,Pune,LM0123,5700,10700,Shared,Double,Girls,Preferred,Required,Required,Required,Preferred,Not Required,Preferred,Not Required,Semi Furnished
U0392,Student,Maharashtra,Pune,LM0104,7900,10700,Shared,Triple,Girls,Preferred,Required,Required,Preferred,Not Required,Preferred,Required,Required,Semi Furnished
U0393,Working Professional,Maharashtra,Pune,LM0067,14500,20300,Shared,Double,Coed,Preferred,Required,Required,Preferred,Not Required,Preferred,Preferred,Required,Fully Furnished
U0394,Student,Maharashtra,Pune,LM0118,5500,10500,Private,Double,Boys,Required,Required,Required,Required,Required,Not Required,Preferred,Required,Any
U0395,Student,Maharashtra,Pune,LM0099,5300,11200,Shared,Double,Girls,Not Required,Required,Required,Preferred,Not Required,Preferred,Preferred,Required,Fully Furnished
U0396,Working Professional,Maharashtra,Pune,LM0068,10400,17900,Private,Double,Boys,Required,Required,Not Required,Not Required,Preferred,Required,Required,Required,Fully Furnished
U0397,Student,Maharashtra,Pune,LM0100,6400,9300,Shared,Double,Girls,Preferred,Not Required,Required,Required,Not Required,Required,Required,Not Required,Semi Furnished
U0398,Student,Maharashtra,Pune,LM0121,5800,9100,Private,Double,Boys,Preferred,Required,Preferred,Required,Not Required,Required,Preferred,Preferred,Fully Furnished
U0399,Student,Maharashtra,Pune,LM0106,6700,11800,Private,Single,Boys,Required,Required,Not Required,Preferred,Not Required,Required,Preferred,Preferred,Semi Furnished
U0400,Working Professional,Maharashtra,Pune,LM0099,12100,20100,Private,Double,Boys,Required,Required,Preferred,Required,Required,Required,Not Required,Required,Any
U0401,Student,Maharashtra,Pune,LM0088,6700,12000,Shared,Double,Boys,Required,Preferred,Required,Preferred,Not Required,Not Required,Preferred,Preferred,Semi Furnished
U0402,Student,Maharashtra,Pune,LM0071,5600,9600,Shared,Double,Coed,Not Required,Not Required,Required,Required,Not Required,Preferred,Preferred,Required,Any
U0403,Student,Maharashtra,Pune,LM0119,5700,10200,Dormitory,Dormitory,Girls,Required,Required,Required,Preferred,Not Required,Preferred,Preferred,Required,Unfurnished
U0404,Student,Maharashtra,Pune,LM0107,7300,12900,Shared,Triple,Boys,Required,Required,Required,Preferred,Not Required,Required,Preferred,Required,Fully Furnished
U0405,Student,Maharashtra,Pune,LM0070,6500,9200,Shared,Triple,Boys,Required,Preferred,Preferred,Required,Not Required,Preferred,Required,Not Required,Any
U0406,Working Professional,Maharashtra,Pune,LM0076,12900,21500,Private,Single,Girls,Required,Required,Required,Preferred,Preferred,Required,Preferred,Not Required,Fully Furnished
U0407,Working Professional,Maharashtra,Pune,LM0077,14000,18800,Private,Single,Boys,Preferred,Required,Required,Not Required,Required,Not Required,Preferred,Required,Semi Furnished
U0408,Student,Maharashtra,Pune,LM0106,7000,11200,Private,Single,Girls,Preferred,Preferred,Required,Preferred,Not Required,Preferred,Required,Preferred,Any
U0409,Student,Maharashtra,Pune,LM0116,7200,11700,Shared,Double,Boys,Preferred,Preferred,Preferred,Required,Not Required,Preferred,Preferred,Required,Semi Furnished
U0410,Student,Maharashtra,Pune,LM0069,7000,11300,Dormitory,Dormitory,Coed,Required,Required,Required,Preferred,Preferred,Required,Required,Required,Any
U0411,Student,Maharashtra,Pune,LM0111,7800,10600,Dormitory,Dormitory,Girls,Not Required,Preferred,Required,Preferred,Not Required,Required,Preferred,Preferred,Unfurnished
U0412,Student,Maharashtra,Pune,LM0080,6200,11700,Shared,Double,Girls,Not Required,Preferred,Required,Required,Required,Required,Not Required,Required,Fully Furnished
U0413,Working Professional,Maharashtra,Pune,LM0073,14700,21400,Private,Single,Boys,Required,Preferred,Required,Preferred,Required,Required,Preferred,Required,Semi Furnished
U0414,Working Professional,Maharashtra,Pune,LM0119,13500,23400,Private,Double,Girls,Preferred,Required,Preferred,Preferred,Preferred,Preferred,Preferred,Required,Fully Furnished
U0415,Working Professional,Maharashtra,Pune,LM0069,11100,20400,Private,Double,Boys,Preferred,Required,Required,Required,Required,Required,Required,Preferred,Semi Furnished
U0416,Working Professional,Maharashtra,Pune,LM0079,13800,23100,Private,Double,Boys,Required,Required,Required,Required,Not Required,Required,Required,Required,Semi Furnished
U0417,Working Professional,Maharashtra,Pune,LM0066,10800,19400,Private,Double,Boys,Required,Required,Required,Required,Not Required,Preferred,Required,Preferred,Fully Furnished
U0418,Working Professional,Maharashtra,Pune,LM0082,11200,18100,Private,Double,Girls,Required,Required,Required,Required,Required,Required,Preferred,Not Required,Fully Furnished
U0419,Student,Maharashtra,Pune,LM0079,7800,12500,Shared,Triple,Girls,Preferred,Preferred,Required,Required,Preferred,Not Required,Required,Required,Semi Furnished
U0420,Student,Maharashtra,Pune,LM0096,6100,10000,Dormitory,Dormitory,Boys,Required,Required,Required,Preferred,Not Required,Preferred,Required,Not Required,Fully Furnished
U0421,Student,Maharashtra,Pune,LM0110,7300,12300,Shared,Double,Girls,Preferred,Required,Preferred,Preferred,Not Required,Preferred,Preferred,Preferred,Any
U0422,Student,Maharashtra,Pune,LM0108,5700,8200,Private,Single,Boys,Not Required,Required,Required,Required,Preferred,Preferred,Preferred,Required,Fully Furnished
U0423,Student,Maharashtra,Pune,LM0122,6100,10600,Shared,Double,Coed,Preferred,Required,Required,Preferred,Not Required,Preferred,Preferred,Required,Fully Furnished
U0424,Working Professional,Maharashtra,Pune,LM0100,12600,17600,Private,Single,Boys,Preferred,Required,Required,Required,Preferred,Required,Required,Required,Fully Furnished
U0425,Working Professional,Maharashtra,Pune,LM0089,14300,19200,Shared,Triple,Boys,Required,Required,Required,Required,Required,Preferred,Preferred,Required,Fully Furnished
U0426,Student,Maharashtra,Pune,LM0070,7900,10900,Shared,Double,Girls,Preferred,Preferred,Required,Required,Not Required,Not Required,Required,Required,Any
U0427,Student,Maharashtra,Pune,LM0079,6200,10200,Shared,Triple,Girls,Not Required,Required,Required,Preferred,Not Required,Preferred,Required,Required,Semi Furnished
U0428,Student,Maharashtra,Pune,LM0123,6900,9500,Dormitory,Dormitory,Coed,Preferred,Required,Preferred,Required,Preferred,Required,Not Required,Preferred,Fully Furnished
U0429,Student,Maharashtra,Pune,LM0101,6900,11600,Shared,Double,Boys,Required,Required,Required,Required,Not Required,Preferred,Preferred,Required,Semi Furnished
U0430,Working Professional,Maharashtra,Pune,LM0076,11400,19700,Shared,Double,Boys,Required,Preferred,Preferred,Required,Not Required,Preferred,Preferred,Preferred,Fully Furnished
U0431,Working Professional,Maharashtra,Pune,LM0109,10400,16900,Private,Double,Girls,Preferred,Required,Required,Preferred,Required,Preferred,Preferred,Required,Any
U0432,Student,Maharashtra,Pune,LM0100,6400,11100,Shared,Double,Girls,Preferred,Preferred,Required,Required,Not Required,Preferred,Preferred,Required,Any
U0433,Student,Maharashtra,Pune,LM0092,5600,9800,Shared,Triple,Girls,Preferred,Required,Required,Preferred,Not Required,Preferred,Required,Required,Fully Furnished
U0434,Student,Maharashtra,Pune,LM0107,7200,10500,Shared,Double,Coed,Preferred,Required,Preferred,Preferred,Not Required,Preferred,Preferred,Required,Fully Furnished
U0435,Working Professional,Maharashtra,Pune,LM0110,13100,18200,Shared,Triple,Boys,Required,Not Required,Required,Required,Required,Preferred,Required,Preferred,Semi Furnished
U0436,Student,Maharashtra,Pune,LM0075,5200,8900,Shared,Double,Boys,Not Required,Required,Required,Required,Not Required,Required,Preferred,Preferred,Unfurnished
U0437,Working Professional,Maharashtra,Pune,LM0103,14500,22000,Shared,Double,Boys,Required,Required,Not Required,Preferred,Required,Preferred,Required,Not Required,Fully Furnished
U0438,Student,Maharashtra,Pune,LM0102,5900,10200,Shared,Double,Boys,Not Required,Required,Required,Preferred,Not Required,Required,Preferred,Required,Fully Furnished
U0439,Student,Maharashtra,Pune,LM0090,8000,10900,Dormitory,Dormitory,Boys,Preferred,Required,Required,Not Required,Preferred,Not Required,Preferred,Not Required,Any
U0440,Working Professional,Maharashtra,Pune,LM0074,13800,22300,Shared,Triple,Boys,Required,Preferred,Required,Required,Required,Required,Preferred,Required,Fully Furnished
U0441,Student,Maharashtra,Pune,LM0067,6700,11100,Dormitory,Dormitory,Girls,Required,Required,Required,Required,Not Required,Required,Preferred,Preferred,Semi Furnished
U0442,Working Professional,Maharashtra,Pune,LM0096,10600,20500,Shared,Triple,Girls,Preferred,Required,Required,Required,Preferred,Preferred,Required,Not Required,Semi Furnished
U0443,Student,Maharashtra,Pune,LM0107,6000,8600,Private,Double,Coed,Preferred,Required,Required,Required,Not Required,Preferred,Preferred,Preferred,Unfurnished
U0444,Working Professional,Maharashtra,Pune,LM0103,10900,18700,Private,Single,Girls,Not Required,Required,Preferred,Required,Not Required,Preferred,Required,Required,Any
U0445,Student,Maharashtra,Pune,LM0072,5300,8300,Dormitory,Dormitory,Boys,Not Required,Required,Preferred,Preferred,Not Required,Required,Preferred,Preferred,Unfurnished
U0446,Student,Maharashtra,Pune,LM0066,5800,10300,Private,Single,Girls,Required,Preferred,Required,Required,Preferred,Preferred,Preferred,Required,Unfurnished
U0447,Student,Maharashtra,Pune,LM0093,5200,9200,Shared,Triple,Girls,Required,Required,Preferred,Required,Preferred,Not Required,Required,Preferred,Fully Furnished
U0448,Student,Maharashtra,Pune,LM0067,6000,9000,Shared,Triple,Boys,Preferred,Required,Required,Not Required,Not Required,Required,Preferred,Not Required,Fully Furnished
U0449,Working Professional,Maharashtra,Pune,LM0085,12700,17800,Private,Double,Boys,Preferred,Required,Required,Preferred,Preferred,Preferred,Preferred,Preferred,Fully Furnished
U0450,Student,Maharashtra,Pune,LM0067,5800,11000,Shared,Double,Boys,Required,Not Required,Required,Preferred,Preferred,Required,Preferred,Required,Semi Furnished
U0451,Student,Maharashtra,Pune,LM0107,5800,9800,Shared,Double,Coed,Not Required,Required,Required,Required,Not Required,Preferred,Required,Preferred,Fully Furnished
U0452,Student,Maharashtra,Pune,LM0103,7200,11800,Shared,Triple,Girls,Preferred,Required,Required,Preferred,Not Required,Preferred,Not Required,Required,Fully Furnished
U0453,Student,Maharashtra,Pune,LM0065,6900,10900,Shared,Double,Coed,Preferred,Preferred,Preferred,Required,Required,Preferred,Required,Required,Any
U0454,Student,Maharashtra,Pune,LM0085,6000,10200,Shared,Triple,Boys,Preferred,Required,Required,Not Required,Not Required,Preferred,Required,Required,Fully Furnished
U0455,Working Professional,Maharashtra,Pune,LM0088,14300,23300,Private,Double,Girls,Required,Preferred,Required,Required,Not Required,Required,Preferred,Preferred,Semi Furnished
U0456,Student,Maharashtra,Pune,LM0103,6500,9000,Shared,Triple,Girls,Not Required,Required,Required,Required,Preferred,Preferred,Preferred,Preferred,Semi Furnished
U0457,Working Professional,Maharashtra,Pune,LM0090,12300,21200,Private,Double,Coed,Preferred,Required,Required,Required,Preferred,Preferred,Required,Required,Any
U0458,Student,Maharashtra,Pune,LM0100,6600,9400,Dormitory,Dormitory,Girls,Required,Preferred,Required,Preferred,Not Required,Required,Preferred,Preferred,Fully Furnished
U0459,Student,Maharashtra,Pune,LM0115,5600,9200,Shared,Triple,Coed,Not Required,Required,Preferred,Preferred,Not Required,Preferred,Required,Preferred,Any
U0460,Working Professional,Maharashtra,Pune,LM0077,10900,17100,Shared,Triple,Girls,Required,Preferred,Required,Required,Required,Required,Preferred,Preferred,Semi Furnished
U0461,Student,Maharashtra,Pune,LM0113,7100,9800,Private,Double,Girls,Required,Preferred,Preferred,Required,Not Required,Not Required,Not Required,Preferred,Semi Furnished
U0462,Working Professional,Maharashtra,Pune,LM0100,12900,17400,Shared,Triple,Coed,Preferred,Required,Preferred,Preferred,Required,Required,Required,Required,Fully Furnished
U0463,Working Professional,Maharashtra,Pune,LM0075,14700,22000,Shared,Double,Boys,Required,Required,Required,Required,Preferred,Preferred,Required,Preferred,Semi Furnished
U0464,Student,Maharashtra,Pune,LM0094,5700,10300,Shared,Triple,Boys,Required,Preferred,Required,Preferred,Not Required,Preferred,Preferred,Required,Semi Furnished
U0465,Working Professional,Maharashtra,Pune,LM0115,14900,20000,Private,Double,Coed,Required,Required,Preferred,Preferred,Preferred,Required,Preferred,Required,Fully Furnished
U0466,Student,Maharashtra,Pune,LM0087,5100,11000,Shared,Double,Boys,Not Required,Preferred,Preferred,Required,Not Required,Preferred,Required,Required,Any
U0467,Student,Maharashtra,Pune,LM0103,7400,11300,Private,Single,Boys,Preferred,Preferred,Required,Preferred,Preferred,Preferred,Preferred,Required,Fully Furnished
U0468,Student,Maharashtra,Pune,LM0122,7500,10300,Dormitory,Dormitory,Girls,Required,Preferred,Preferred,Required,Not Required,Preferred,Required,Required,Any
U0469,Student,Maharashtra,Pune,LM0066,6100,10600,Shared,Double,Boys,Preferred,Required,Required,Preferred,Preferred,Required,Preferred,Not Required,Fully Furnished
U0470,Working Professional,Maharashtra,Pune,LM0066,10900,20100,Private,Double,Boys,Required,Preferred,Required,Required,Not Required,Preferred,Required,Preferred,Fully Furnished
U0471,Working Professional,Maharashtra,Pune,LM0071,12100,21900,Shared,Double,Girls,Preferred,Required,Required,Preferred,Preferred,Required,Preferred,Preferred,Fully Furnished
U0472,Student,Maharashtra,Pune,LM0097,7800,10500,Shared,Triple,Boys,Not Required,Required,Preferred,Preferred,Not Required,Preferred,Required,Not Required,Unfurnished
U0473,Student,Maharashtra,Pune,LM0123,5100,10400,Dormitory,Dormitory,Boys,Required,Preferred,Required,Required,Preferred,Not Required,Preferred,Required,Semi Furnished
U0474,Student,Maharashtra,Pune,LM0084,6400,11400,Shared,Double,Boys,Not Required,Required,Required,Preferred,Preferred,Preferred,Required,Required,Semi Furnished
U0475,Student,Maharashtra,Pune,LM0103,7800,11000,Shared,Triple,Girls,Not Required,Required,Required,Preferred,Not Required,Preferred,Required,Required,Fully Furnished
U0476,Student,Maharashtra,Pune,LM0104,6100,9700,Shared,Double,Coed,Preferred,Preferred,Required,Preferred,Not Required,Preferred,Preferred,Required,Any
U0477,Working Professional,Maharashtra,Pune,LM0097,13500,20700,Shared,Triple,Boys,Required,Required,Required,Required,Not Required,Required,Required,Required,Semi Furnished
U0478,Working Professional,Maharashtra,Pune,LM0107,11400,18200,Private,Single,Coed,Required,Preferred,Required,Required,Not Required,Required,Preferred,Preferred,Any
U0479,Working Professional,Maharashtra,Pune,LM0071,13400,19700,Private,Single,Boys,Required,Preferred,Preferred,Preferred,Not Required,Preferred,Required,Not Required,Fully Furnished
U0480,Working Professional,Maharashtra,Pune,LM0068,12200,18300,Shared,Double,Girls,Preferred,Required,Required,Required,Required,Preferred,Preferred,Required,Semi Furnished
U0481,Student,Maharashtra,Pune,LM0116,7900,11400,Private,Double,Girls,Preferred,Required,Required,Required,Preferred,Preferred,Required,Required,Semi Furnished
U0482,Student,Maharashtra,Pune,LM0067,5600,8600,Shared,Double,Girls,Preferred,Required,Preferred,Required,Required,Required,Preferred,Preferred,Semi Furnished
U0483,Working Professional,Maharashtra,Pune,LM0117,10900,16700,Shared,Triple,Girls,Preferred,Required,Required,Required,Preferred,Required,Required,Required,Semi Furnished
U0484,Student,Maharashtra,Pune,LM0122,5800,11600,Shared,Triple,Boys,Preferred,Preferred,Preferred,Required,Preferred,Preferred,Required,Required,Any
U0485,Working Professional,Maharashtra,Pune,LM0068,12200,18000,Shared,Triple,Boys,Required,Preferred,Required,Preferred,Not Required,Preferred,Not Required,Preferred,Semi Furnished
U0486,Working Professional,Maharashtra,Pune,LM0120,14300,23500,Shared,Double,Boys,Required,Required,Required,Preferred,Preferred,Not Required,Required,Required,Semi Furnished
U0487,Working Professional,Maharashtra,Pune,LM0094,14300,20200,Private,Single,Girls,Preferred,Preferred,Required,Preferred,Required,Not Required,Required,Required,Semi Furnished
U0488,Student,Maharashtra,Pune,LM0094,6600,12200,Shared,Triple,Girls,Not Required,Required,Not Required,Preferred,Not Required,Required,Required,Required,Semi Furnished
U0489,Working Professional,Maharashtra,Pune,LM0066,12500,18300,Private,Double,Girls,Required,Preferred,Required,Required,Not Required,Required,Not Required,Required,Any
U0490,Student,Maharashtra,Pune,LM0104,5300,8800,Private,Single,Girls,Required,Required,Required,Required,Not Required,Not Required,Required,Required,Semi Furnished
U0491,Student,Maharashtra,Pune,LM0065,6800,10200,Shared,Double,Coed,Preferred,Not Required,Required,Required,Not Required,Required,Required,Preferred,Semi Furnished
U0492,Working Professional,Maharashtra,Pune,LM0074,13700,18000,Private,Double,Girls,Required,Not Required,Preferred,Not Required,Preferred,Preferred,Required,Required,Semi Furnished
U0493,Student,Maharashtra,Pune,LM0066,7400,12400,Dormitory,Dormitory,Girls,Preferred,Required,Preferred,Preferred,Preferred,Required,Required,Preferred,Any
U0494,Student,Maharashtra,Pune,LM0111,6100,11200,Shared,Double,Coed,Required,Required,Required,Preferred,Not Required,Preferred,Preferred,Required,Semi Furnished
U0495,Student,Maharashtra,Pune,LM0105,5000,10900,Private,Single,Boys,Preferred,Preferred,Required,Preferred,Preferred,Preferred,Not Required,Required,Semi Furnished
U0496,Student,Maharashtra,Pune,LM0090,6500,10200,Private,Single,Girls,Preferred,Required,Preferred,Required,Not Required,Preferred,Required,Required,Fully Furnished
U0497,Student,Maharashtra,Pune,LM0093,5900,11700,Private,Single,Boys,Not Required,Required,Required,Not Required,Not Required,Preferred,Required,Not Required,Semi Furnished
U0498,Working Professional,Maharashtra,Pune,LM0076,13100,19300,Private,Double,Boys,Preferred,Required,Preferred,Required,Preferred,Preferred,Required,Preferred,Any
U0499,Student,Maharashtra,Pune,LM0077,5300,8700,Dormitory,Dormitory,Girls,Preferred,Required,Required,Required,Not Required,Required,Preferred,Required,Fully Furnished
U0500,Student,Maharashtra,Pune,LM0117,5500,9100,Shared,Double,Boys,Preferred,Required,Required,Not Required,Not Required,Not Required,Required,Required,Semi Furnished
U0501,Student,Maharashtra,Pune,LM0117,7000,12500,Dormitory,Dormitory,Boys,Required,Preferred,Not Required,Required,Not Required,Preferred,Preferred,Required,Any
U0502,Student,Maharashtra,Pune,LM0123,7800,12900,Shared,Triple,Girls,Preferred,Not Required,Preferred,Preferred,Preferred,Required,Preferred,Required,Fully Furnished
U0503,Student,Maharashtra,Pune,LM0123,7700,12400,Dormitory,Dormitory,Girls,Not Required,Required,Required,Required,Not Required,Preferred,Required,Preferred,Fully Furnished
U0504,Student,Maharashtra,Pune,LM0111,5300,9400,Shared,Triple,Girls,Not Required,Required,Preferred,Required,Not Required,Not Required,Required,Required,Semi Furnished
U0505,Student,Maharashtra,Pune,LM0090,5200,10100,Private,Single,Girls,Preferred,Preferred,Required,Preferred,Not Required,Preferred,Required,Preferred,Any
U0506,Student,Maharashtra,Pune,LM0072,5100,9400,Shared,Double,Boys,Required,Preferred,Required,Preferred,Preferred,Preferred,Required,Required,Fully Furnished
U0507,Student,Maharashtra,Pune,LM0073,5400,10300,Private,Double,Girls,Required,Required,Required,Preferred,Not Required,Not Required,Required,Required,Fully Furnished
U0508,Student,Maharashtra,Pune,LM0069,7800,13200,Shared,Triple,Girls,Required,Preferred,Required,Preferred,Not Required,Required,Preferred,Required,Any
U0509,Student,Maharashtra,Pune,LM0120,6600,11500,Private,Double,Boys,Preferred,Required,Required,Not Required,Not Required,Preferred,Preferred,Required,Unfurnished
U0510,Student,Maharashtra,Pune,LM0087,5700,9700,Dormitory,Dormitory,Boys,Not Required,Required,Preferred,Required,Not Required,Not Required,Not Required,Required,Fully Furnished
U0511,Student,Maharashtra,Pune,LM0088,5500,10900,Shared,Double,Boys,Preferred,Required,Not Required,Not Required,Not Required,Preferred,Preferred,Required,Fully Furnished
U0512,Working Professional,Maharashtra,Pune,LM0078,11500,21300,Private,Double,Boys,Required,Required,Preferred,Required,Not Required,Not Required,Preferred,Required,Semi Furnished
U0513,Student,Maharashtra,Pune,LM0109,5700,8800,Shared,Triple,Boys,Required,Required,Required,Required,Not Required,Required,Required,Not Required,Semi Furnished
U0514,Working Professional,Maharashtra,Pune,LM0085,12700,21900,Private,Double,Coed,Required,Preferred,Required,Required,Required,Required,Preferred,Required,Fully Furnished
U0515,Student,Maharashtra,Pune,LM0075,5200,10300,Dormitory,Dormitory,Coed,Preferred,Required,Required,Required,Not Required,Required,Preferred,Preferred,Fully Furnished
U0516,Student,Maharashtra,Pune,LM0100,6800,12600,Private,Single,Boys,Preferred,Preferred,Required,Preferred,Not Required,Required,Required,Required,Fully Furnished
U0517,Student,Maharashtra,Pune,LM0088,6800,10100,Shared,Double,Girls,Not Required,Preferred,Required,Preferred,Not Required,Preferred,Preferred,Required,Semi Furnished
U0518,Student,Maharashtra,Pune,LM0071,5600,10200,Private,Double,Coed,Required,Required,Required,Required,Not Required,Required,Required,Not Required,Semi Furnished
U0519,Student,Maharashtra,Pune,LM0088,6600,11200,Shared,Triple,Coed,Required,Required,Preferred,Required,Not Required,Preferred,Preferred,Required,Semi Furnished
U0520,Working Professional,Maharashtra,Pune,LM0066,12600,21800,Shared,Triple,Boys,Required,Required,Preferred,Required,Required,Preferred,Not Required,Required,Semi Furnished
U0521,Working Professional,Maharashtra,Pune,LM0119,13400,22200,Shared,Triple,Boys,Required,Required,Not Required,Preferred,Preferred,Preferred,Required,Required,Semi Furnished
U0522,Student,Maharashtra,Pune,LM0123,5300,8800,Shared,Double,Girls,Required,Preferred,Preferred,Preferred,Not Required,Required,Preferred,Preferred,Fully Furnished
U0523,Student,Maharashtra,Pune,LM0111,7800,10600,Shared,Triple,Girls,Not Required,Required,Required,Required,Not Required,Not Required,Preferred,Required,Semi Furnished
U0524,Student,Maharashtra,Pune,LM0074,6300,10300,Shared,Triple,Girls,Required,Required,Preferred,Not Required,Not Required,Not Required,Preferred,Preferred,Fully Furnished
U0525,Student,Maharashtra,Pune,LM0080,6100,10700,Private,Double,Coed,Preferred,Preferred,Required,Not Required,Not Required,Required,Required,Required,Semi Furnished
U0526,Student,Maharashtra,Pune,LM0109,6700,10400,Private,Single,Boys,Required,Required,Not Required,Preferred,Not Required,Preferred,Required,Required,Unfurnished
U0527,Student,Maharashtra,Pune,LM0116,5200,11100,Shared,Triple,Girls,Not Required,Required,Required,Required,Not Required,Required,Preferred,Not Required,Semi Furnished
U0528,Working Professional,Maharashtra,Pune,LM0092,12600,21200,Private,Double,Coed,Preferred,Required,Required,Preferred,Preferred,Required,Required,Required,Fully Furnished
U0529,Student,Maharashtra,Pune,LM0073,5500,8100,Private,Double,Coed,Preferred,Required,Preferred,Required,Not Required,Preferred,Preferred,Preferred,Fully Furnished
U0530,Student,Maharashtra,Pune,LM0117,5600,9200,Private,Double,Girls,Not Required,Required,Preferred,Required,Preferred,Preferred,Required,Preferred,Semi Furnished
U0531,Working Professional,Gujarat,Ahmedabad,LM0156,8900,15000,Shared,Triple,Boys,Required,Preferred,Required,Required,Preferred,Required,Not Required,Required,Fully Furnished
U0532,Working Professional,Gujarat,Ahmedabad,LM0163,9500,16600,Shared,Double,Boys,Required,Required,Required,Required,Not Required,Required,Required,Required,Fully Furnished
U0533,Working Professional,Gujarat,Ahmedabad,LM0164,8900,14300,Private,Double,Boys,Preferred,Preferred,Required,Preferred,Required,Preferred,Preferred,Preferred,Fully Furnished
U0534,Student,Gujarat,Ahmedabad,LM0127,5600,10000,Private,Single,Boys,Preferred,Preferred,Required,Not Required,Not Required,Not Required,Required,Required,Semi Furnished
U0535,Student,Gujarat,Ahmedabad,LM0139,4400,9600,Shared,Double,Boys,Preferred,Required,Required,Required,Not Required,Required,Required,Required,Any
U0536,Student,Gujarat,Ahmedabad,LM0163,5600,10300,Shared,Triple,Girls,Preferred,Required,Required,Required,Preferred,Preferred,Required,Required,Fully Furnished
U0537,Student,Gujarat,Ahmedabad,LM0130,6100,8800,Shared,Triple,Coed,Preferred,Preferred,Required,Preferred,Not Required,Required,Required,Not Required,Any
U0538,Working Professional,Gujarat,Ahmedabad,LM0129,11400,15600,Private,Double,Coed,Required,Required,Required,Required,Preferred,Required,Preferred,Required,Fully Furnished
U0539,Student,Gujarat,Ahmedabad,LM0161,4700,10500,Dormitory,Dormitory,Boys,Preferred,Not Required,Required,Preferred,Not Required,Preferred,Required,Required,Unfurnished
U0540,Working Professional,Gujarat,Ahmedabad,LM0133,10300,16200,Private,Double,Boys,Required,Required,Preferred,Not Required,Preferred,Preferred,Preferred,Not Required,Fully Furnished
U0541,Student,Gujarat,Ahmedabad,LM0146,4600,7300,Shared,Triple,Coed,Required,Preferred,Preferred,Preferred,Not Required,Preferred,Required,Required,Any
U0542,Working Professional,Gujarat,Ahmedabad,LM0142,7500,14600,Private,Single,Girls,Preferred,Required,Required,Preferred,Preferred,Preferred,Preferred,Preferred,Semi Furnished
U0543,Student,Gujarat,Ahmedabad,LM0132,3700,9300,Shared,Double,Girls,Required,Required,Required,Preferred,Not Required,Required,Preferred,Not Required,Any
U0544,Working Professional,Gujarat,Ahmedabad,LM0170,11900,17400,Private,Double,Girls,Required,Required,Required,Preferred,Preferred,Preferred,Preferred,Preferred,Semi Furnished
U0545,Student,Gujarat,Ahmedabad,LM0175,3800,9500,Shared,Triple,Girls,Preferred,Preferred,Not Required,Preferred,Not Required,Required,Required,Preferred,Semi Furnished
U0546,Working Professional,Gujarat,Ahmedabad,LM0150,8400,12700,Private,Double,Boys,Required,Required,Preferred,Required,Preferred,Preferred,Required,Preferred,Semi Furnished
U0547,Student,Gujarat,Ahmedabad,LM0129,3800,8600,Shared,Double,Boys,Preferred,Preferred,Required,Required,Not Required,Preferred,Preferred,Required,Fully Furnished
U0548,Working Professional,Gujarat,Ahmedabad,LM0173,9100,14800,Shared,Triple,Coed,Required,Preferred,Preferred,Required,Not Required,Preferred,Required,Required,Semi Furnished
U0549,Student,Gujarat,Ahmedabad,LM0145,4200,7300,Shared,Double,Girls,Required,Required,Preferred,Preferred,Not Required,Required,Preferred,Required,Semi Furnished
U0550,Working Professional,Gujarat,Ahmedabad,LM0173,11200,16200,Private,Single,Girls,Required,Required,Preferred,Required,Not Required,Preferred,Not Required,Required,Semi Furnished
U0551,Working Professional,Gujarat,Ahmedabad,LM0136,7000,13900,Private,Single,Boys,Required,Preferred,Preferred,Required,Required,Not Required,Required,Required,Fully Furnished
U0552,Student,Gujarat,Ahmedabad,LM0171,6400,12200,Shared,Triple,Boys,Not Required,Preferred,Preferred,Required,Not Required,Required,Preferred,Not Required,Any
U0553,Student,Gujarat,Ahmedabad,LM0148,4500,8200,Shared,Double,Girls,Required,Required,Required,Not Required,Not Required,Required,Not Required,Required,Fully Furnished
U0554,Student,Gujarat,Ahmedabad,LM0132,6400,10700,Private,Double,Girls,Required,Required,Preferred,Preferred,Not Required,Required,Required,Required,Semi Furnished
U0555,Student,Gujarat,Ahmedabad,LM0171,4400,9000,Shared,Triple,Boys,Preferred,Required,Required,Required,Not Required,Preferred,Required,Required,Any
U0556,Student,Gujarat,Ahmedabad,LM0132,5100,8300,Private,Double,Girls,Preferred,Required,Preferred,Preferred,Not Required,Preferred,Preferred,Preferred,Any
U0557,Working Professional,Gujarat,Ahmedabad,LM0167,9600,18800,Private,Double,Boys,Preferred,Required,Required,Preferred,Not Required,Required,Preferred,Not Required,Semi Furnished
U0558,Working Professional,Gujarat,Ahmedabad,LM0154,10000,15300,Shared,Triple,Boys,Required,Required,Preferred,Preferred,Required,Required,Required,Required,Any
U0559,Working Professional,Gujarat,Ahmedabad,LM0162,11000,19200,Private,Single,Coed,Required,Required,Preferred,Preferred,Not Required,Not Required,Required,Required,Any
U0560,Student,Gujarat,Ahmedabad,LM0175,6200,9400,Shared,Triple,Girls,Required,Required,Required,Required,Not Required,Preferred,Preferred,Not Required,Semi Furnished
U0561,Student,Gujarat,Ahmedabad,LM0171,4600,8200,Shared,Triple,Girls,Required,Preferred,Required,Preferred,Not Required,Preferred,Required,Required,Semi Furnished
U0562,Working Professional,Gujarat,Ahmedabad,LM0134,11300,18400,Shared,Triple,Girls,Preferred,Required,Preferred,Preferred,Preferred,Preferred,Preferred,Preferred,Semi Furnished
U0563,Student,Gujarat,Ahmedabad,LM0127,5300,8200,Shared,Double,Boys,Not Required,Preferred,Required,Required,Not Required,Preferred,Required,Required,Fully Furnished
U0564,Working Professional,Gujarat,Ahmedabad,LM0170,10500,17600,Shared,Double,Boys,Required,Required,Required,Required,Not Required,Preferred,Preferred,Required,Semi Furnished
U0565,Student,Gujarat,Ahmedabad,LM0169,5100,10300,Shared,Triple,Boys,Not Required,Required,Preferred,Required,Preferred,Preferred,Preferred,Required,Semi Furnished
U0566,Student,Gujarat,Ahmedabad,LM0152,3700,7600,Shared,Double,Boys,Preferred,Preferred,Required,Preferred,Not Required,Preferred,Preferred,Required,Fully Furnished
U0567,Working Professional,Gujarat,Ahmedabad,LM0136,11900,18500,Private,Double,Boys,Preferred,Required,Not Required,Preferred,Preferred,Not Required,Required,Required,Fully Furnished
U0568,Working Professional,Gujarat,Ahmedabad,LM0147,11900,18100,Private,Double,Girls,Required,Required,Required,Required,Preferred,Required,Required,Not Required,Fully Furnished
U0569,Student,Gujarat,Ahmedabad,LM0129,5200,9800,Shared,Double,Boys,Preferred,Not Required,Required,Required,Required,Preferred,Preferred,Required,Unfurnished
U0570,Student,Gujarat,Ahmedabad,LM0124,5800,11700,Private,Double,Girls,Preferred,Not Required,Preferred,Required,Not Required,Required,Required,Required,Fully Furnished
U0571,Student,Gujarat,Ahmedabad,LM0139,5400,9400,Private,Single,Boys,Preferred,Preferred,Preferred,Preferred,Not Required,Required,Required,Preferred,Any
U0572,Student,Gujarat,Ahmedabad,LM0134,4100,8900,Shared,Triple,Boys,Not Required,Preferred,Preferred,Required,Preferred,Required,Required,Required,Semi Furnished
U0573,Student,Gujarat,Ahmedabad,LM0130,6100,8900,Shared,Triple,Coed,Not Required,Required,Not Required,Not Required,Preferred,Preferred,Required,Preferred,Semi Furnished
U0574,Student,Gujarat,Ahmedabad,LM0140,4200,8200,Private,Single,Girls,Not Required,Preferred,Required,Required,Not Required,Required,Required,Preferred,Semi Furnished
U0575,Working Professional,Gujarat,Ahmedabad,LM0128,10100,14500,Shared,Triple,Boys,Preferred,Preferred,Required,Preferred,Preferred,Required,Preferred,Preferred,Any
U0576,Working Professional,Gujarat,Ahmedabad,LM0136,10100,15000,Shared,Triple,Boys,Required,Required,Required,Required,Required,Required,Not Required,Required,Fully Furnished
U0577,Working Professional,Gujarat,Ahmedabad,LM0158,11800,16100,Shared,Triple,Girls,Required,Required,Required,Required,Preferred,Not Required,Required,Required,Fully Furnished
U0578,Working Professional,Gujarat,Ahmedabad,LM0149,10400,18000,Private,Double,Girls,Required,Required,Preferred,Required,Preferred,Preferred,Required,Required,Fully Furnished
U0579,Student,Gujarat,Ahmedabad,LM0152,4700,10600,Private,Single,Coed,Not Required,Required,Required,Required,Not Required,Required,Required,Required,Semi Furnished
U0580,Student,Gujarat,Ahmedabad,LM0170,6400,9100,Private,Single,Boys,Required,Required,Preferred,Preferred,Not Required,Preferred,Required,Required,Semi Furnished
U0581,Student,Gujarat,Ahmedabad,LM0128,4700,10200,Shared,Double,Girls,Required,Required,Not Required,Required,Not Required,Preferred,Required,Preferred,Fully Furnished
U0582,Student,Gujarat,Ahmedabad,LM0136,6300,10500,Private,Double,Girls,Required,Required,Preferred,Required,Not Required,Preferred,Preferred,Preferred,Fully Furnished
U0583,Working Professional,Gujarat,Ahmedabad,LM0155,10700,17200,Private,Single,Girls,Required,Required,Required,Required,Required,Required,Required,Preferred,Fully Furnished
U0584,Student,Gujarat,Ahmedabad,LM0154,5900,8400,Dormitory,Dormitory,Boys,Preferred,Required,Preferred,Preferred,Required,Preferred,Not Required,Preferred,Semi Furnished
U0585,Student,Gujarat,Ahmedabad,LM0135,4300,9300,Dormitory,Dormitory,Boys,Not Required,Preferred,Required,Required,Not Required,Required,Preferred,Required,Fully Furnished
U0586,Working Professional,Gujarat,Ahmedabad,LM0172,7700,15600,Private,Single,Girls,Required,Not Required,Required,Required,Preferred,Preferred,Required,Required,Any
U0587,Working Professional,Gujarat,Ahmedabad,LM0174,7600,12200,Shared,Triple,Boys,Required,Required,Required,Required,Preferred,Required,Required,Preferred,Semi Furnished
U0588,Student,Gujarat,Ahmedabad,LM0149,5600,11100,Shared,Double,Girls,Required,Required,Required,Preferred,Not Required,Not Required,Required,Required,Fully Furnished
U0589,Student,Gujarat,Ahmedabad,LM0138,6400,9300,Private,Double,Boys,Preferred,Required,Required,Preferred,Not Required,Preferred,Preferred,Not Required,Any
U0590,Student,Gujarat,Ahmedabad,LM0165,6200,9600,Dormitory,Dormitory,Girls,Required,Required,Not Required,Preferred,Preferred,Required,Required,Required,Fully Furnished
U0591,Student,Gujarat,Ahmedabad,LM0142,6100,9500,Private,Double,Girls,Preferred,Preferred,Required,Not Required,Preferred,Required,Preferred,Required,Any
U0592,Working Professional,Gujarat,Ahmedabad,LM0159,8800,16700,Private,Single,Boys,Required,Not Required,Required,Required,Preferred,Required,Preferred,Required,Any
U0593,Student,Gujarat,Ahmedabad,LM0157,5600,9600,Shared,Triple,Boys,Not Required,Preferred,Preferred,Required,Preferred,Required,Required,Required,Any
U0594,Student,Gujarat,Ahmedabad,LM0164,3800,7300,Dormitory,Dormitory,Boys,Preferred,Required,Required,Required,Not Required,Preferred,Required,Preferred,Fully Furnished
U0595,Working Professional,Gujarat,Ahmedabad,LM0128,8300,12500,Private,Double,Boys,Not Required,Required,Required,Required,Preferred,Preferred,Required,Not Required,Semi Furnished
U0596,Student,Gujarat,Ahmedabad,LM0170,6400,11200,Shared,Triple,Boys,Required,Preferred,Preferred,Required,Not Required,Required,Required,Required,Unfurnished
U0597,Student,Gujarat,Ahmedabad,LM0159,4000,8200,Shared,Triple,Boys,Preferred,Required,Required,Required,Not Required,Required,Required,Required,Any
U0598,Working Professional,Gujarat,Ahmedabad,LM0151,9600,17600,Private,Single,Boys,Required,Preferred,Required,Required,Preferred,Preferred,Required,Required,Semi Furnished
U0599,Working Professional,Gujarat,Ahmedabad,LM0163,11300,19600,Private,Double,Girls,Preferred,Required,Required,Preferred,Required,Required,Required,Not Required,Fully Furnished
U0600,Working Professional,Gujarat,Ahmedabad,LM0172,9800,14800,Shared,Double,Coed,Preferred,Preferred,Preferred,Required,Preferred,Preferred,Required,Preferred,Semi Furnished
U0601,Working Professional,Gujarat,Ahmedabad,LM0154,8800,13400,Private,Single,Coed,Preferred,Required,Not Required,Preferred,Preferred,Preferred,Required,Preferred,Semi Furnished
U0602,Working Professional,Gujarat,Ahmedabad,LM0159,8700,16500,Private,Single,Boys,Required,Required,Preferred,Preferred,Not Required,Required,Required,Required,Fully Furnished
U0603,Working Professional,Gujarat,Ahmedabad,LM0144,7200,14600,Private,Double,Girls,Required,Required,Required,Preferred,Not Required,Required,Required,Required,Fully Furnished
U0604,Working Professional,Gujarat,Ahmedabad,LM0150,7000,13200,Shared,Double,Coed,Required,Required,Required,Preferred,Preferred,Preferred,Preferred,Required,Any
U0605,Student,Gujarat,Ahmedabad,LM0157,4600,8000,Private,Single,Girls,Preferred,Required,Required,Preferred,Not Required,Preferred,Preferred,Required,Semi Furnished
U0606,Student,Gujarat,Ahmedabad,LM0155,4300,7800,Shared,Double,Girls,Preferred,Required,Required,Required,Not Required,Required,Required,Preferred,Any
U0607,Student,Gujarat,Ahmedabad,LM0145,5700,10900,Shared,Triple,Girls,Preferred,Required,Preferred,Preferred,Not Required,Preferred,Required,Required,Fully Furnished
U0608,Working Professional,Gujarat,Ahmedabad,LM0168,9300,14400,Private,Single,Coed,Required,Required,Required,Not Required,Required,Preferred,Required,Preferred,Semi Furnished
U0609,Student,Gujarat,Ahmedabad,LM0131,5800,11300,Shared,Triple,Coed,Preferred,Required,Not Required,Preferred,Not Required,Required,Not Required,Not Required,Unfurnished
U0610,Student,Gujarat,Ahmedabad,LM0170,4800,8500,Private,Double,Boys,Preferred,Required,Required,Preferred,Not Required,Preferred,Preferred,Required,Semi Furnished
U0611,Working Professional,Gujarat,Ahmedabad,LM0125,11200,19700,Private,Double,Boys,Not Required,Required,Required,Preferred,Not Required,Preferred,Required,Required,Fully Furnished
U0612,Working Professional,Gujarat,Ahmedabad,LM0130,8700,17400,Private,Double,Boys,Preferred,Required,Required,Preferred,Required,Not Required,Not Required,Required,Fully Furnished
U0613,Student,Gujarat,Ahmedabad,LM0126,4800,10200,Shared,Triple,Boys,Preferred,Required,Required,Not Required,Preferred,Required,Preferred,Required,Semi Furnished
U0614,Working Professional,Gujarat,Ahmedabad,LM0159,10900,16800,Private,Double,Coed,Preferred,Preferred,Preferred,Not Required,Preferred,Preferred,Preferred,Not Required,Fully Furnished
U0615,Student,Gujarat,Ahmedabad,LM0125,6200,9300,Private,Double,Boys,Preferred,Preferred,Required,Not Required,Not Required,Preferred,Preferred,Required,Semi Furnished
U0616,Student,Gujarat,Ahmedabad,LM0142,4500,9800,Shared,Double,Girls,Required,Required,Required,Required,Not Required,Required,Not Required,Preferred,Semi Furnished
U0617,Student,Gujarat,Ahmedabad,LM0130,5300,7900,Private,Single,Boys,Preferred,Preferred,Required,Required,Not Required,Required,Preferred,Preferred,Unfurnished
U0618,Working Professional,Gujarat,Ahmedabad,LM0158,11700,18500,Shared,Double,Girls,Required,Required,Preferred,Preferred,Required,Preferred,Preferred,Required,Fully Furnished
U0619,Student,Gujarat,Ahmedabad,LM0149,5500,10100,Private,Double,Boys,Not Required,Required,Required,Preferred,Not Required,Preferred,Required,Required,Unfurnished
U0620,Working Professional,Gujarat,Ahmedabad,LM0130,8400,13600,Private,Single,Boys,Preferred,Preferred,Required,Required,Required,Not Required,Preferred,Required,Fully Furnished
U0621,Student,Gujarat,Ahmedabad,LM0135,4200,8200,Shared,Triple,Girls,Not Required,Required,Required,Preferred,Preferred,Required,Required,Not Required,Fully Furnished
U0622,Student,Gujarat,Ahmedabad,LM0128,6300,12100,Private,Double,Girls,Preferred,Required,Required,Required,Not Required,Required,Required,Required,Semi Furnished
U0623,Working Professional,Gujarat,Ahmedabad,LM0159,10200,14600,Shared,Triple,Coed,Required,Required,Required,Required,Required,Not Required,Required,Required,Any
U0624,Student,Gujarat,Ahmedabad,LM0143,5800,9300,Shared,Double,Girls,Preferred,Required,Required,Required,Not Required,Preferred,Required,Required,Any
U0625,Student,Gujarat,Ahmedabad,LM0169,4300,10000,Shared,Double,Girls,Preferred,Required,Preferred,Preferred,Not Required,Preferred,Preferred,Required,Fully Furnished
U0626,Working Professional,Gujarat,Ahmedabad,LM0173,12000,19700,Shared,Double,Boys,Required,Preferred,Required,Preferred,Preferred,Preferred,Required,Required,Fully Furnished
U0627,Working Professional,Gujarat,Ahmedabad,LM0158,11300,16900,Shared,Double,Girls,Required,Required,Preferred,Required,Required,Preferred,Required,Required,Fully Furnished
U0628,Student,Gujarat,Ahmedabad,LM0126,6200,11800,Private,Double,Boys,Required,Preferred,Preferred,Preferred,Not Required,Required,Preferred,Required,Semi Furnished
U0629,Student,Gujarat,Ahmedabad,LM0166,4900,7500,Shared,Triple,Girls,Not Required,Required,Required,Not Required,Not Required,Required,Required,Required,Semi Furnished
U0630,Student,Gujarat,Ahmedabad,LM0160,5100,9600,Shared,Triple,Girls,Not Required,Required,Required,Preferred,Not Required,Preferred,Required,Required,Unfurnished
U0631,Student,Gujarat,Ahmedabad,LM0147,5000,7900,Shared,Double,Boys,Preferred,Required,Required,Preferred,Not Required,Preferred,Required,Preferred,Fully Furnished
U0632,Working Professional,Gujarat,Ahmedabad,LM0173,7200,14000,Private,Single,Coed,Not Required,Required,Required,Not Required,Required,Preferred,Not Required,Required,Semi Furnished
U0633,Working Professional,Gujarat,Ahmedabad,LM0129,7000,14500,Private,Double,Girls,Required,Required,Required,Required,Required,Preferred,Preferred,Required,Fully Furnished
U0634,Student,Gujarat,Ahmedabad,LM0161,5000,7800,Private,Single,Coed,Not Required,Required,Preferred,Preferred,Not Required,Preferred,Preferred,Required,Unfurnished
U0635,Working Professional,Gujarat,Ahmedabad,LM0152,10000,19900,Private,Single,Boys,Preferred,Required,Preferred,Preferred,Preferred,Not Required,Preferred,Required,Fully Furnished
U0636,Student,Gujarat,Ahmedabad,LM0167,4500,8800,Shared,Double,Boys,Required,Preferred,Not Required,Required,Not Required,Preferred,Not Required,Required,Fully Furnished
U0637,Student,Gujarat,Ahmedabad,LM0174,4000,6800,Shared,Triple,Coed,Not Required,Required,Required,Required,Not Required,Required,Preferred,Required,Semi Furnished
U0638,Working Professional,Gujarat,Ahmedabad,LM0142,8000,17500,Private,Single,Coed,Preferred,Required,Preferred,Required,Not Required,Required,Preferred,Required,Fully Furnished
U0639,Student,Gujarat,Ahmedabad,LM0159,5600,10200,Shared,Double,Boys,Not Required,Not Required,Required,Not Required,Not Required,Not Required,Required,Required,Semi Furnished
U0640,Student,Gujarat,Ahmedabad,LM0126,4900,9200,Shared,Triple,Girls,Not Required,Preferred,Required,Required,Preferred,Required,Preferred,Preferred,Semi Furnished
U0641,Student,Gujarat,Ahmedabad,LM0130,4800,8600,Shared,Triple,Coed,Not Required,Preferred,Required,Preferred,Not Required,Required,Required,Required,Fully Furnished
U0642,Student,Gujarat,Ahmedabad,LM0175,6500,9600,Private,Single,Girls,Preferred,Preferred,Preferred,Required,Not Required,Preferred,Required,Required,Semi Furnished
U0643,Student,Gujarat,Ahmedabad,LM0150,6300,12000,Shared,Double,Girls,Preferred,Not Required,Required,Required,Not Required,Required,Preferred,Preferred,Fully Furnished
U0644,Working Professional,Gujarat,Ahmedabad,LM0168,10500,18300,Private,Single,Girls,Required,Preferred,Preferred,Preferred,Required,Preferred,Required,Preferred,Fully Furnished
U0645,Student,Gujarat,Ahmedabad,LM0156,6200,12000,Shared,Triple,Boys,Not Required,Required,Required,Preferred,Not Required,Preferred,Preferred,Required,Unfurnished
U0646,Student,Gujarat,Ahmedabad,LM0150,5900,10500,Private,Double,Coed,Required,Required,Preferred,Required,Not Required,Required,Preferred,Preferred,Fully Furnished
U0647,Working Professional,Gujarat,Ahmedabad,LM0149,7100,14300,Private,Single,Coed,Required,Required,Preferred,Required,Not Required,Required,Preferred,Preferred,Fully Furnished
U0648,Working Professional,Gujarat,Ahmedabad,LM0165,9700,16400,Shared,Triple,Girls,Required,Required,Required,Preferred,Preferred,Preferred,Preferred,Required,Fully Furnished
U0649,Student,Gujarat,Ahmedabad,LM0163,4500,9700,Shared,Triple,Girls,Not Required,Not Required,Required,Required,Not Required,Required,Required,Preferred,Fully Furnished
U0650,Working Professional,Gujarat,Ahmedabad,LM0146,10200,17300,Shared,Triple,Boys,Preferred,Required,Required,Preferred,Required,Not Required,Required,Not Required,Any
U0651,Working Professional,Gujarat,Ahmedabad,LM0146,7400,12100,Shared,Double,Boys,Required,Required,Preferred,Preferred,Preferred,Required,Not Required,Required,Semi Furnished
U0652,Working Professional,Gujarat,Ahmedabad,LM0124,8700,16200,Private,Single,Girls,Preferred,Preferred,Required,Not Required,Required,Required,Preferred,Required,Any
U0653,Student,Gujarat,Ahmedabad,LM0126,4000,8300,Private,Double,Girls,Required,Required,Required,Not Required,Not Required,Not Required,Required,Required,Semi Furnished
U0654,Student,Gujarat,Ahmedabad,LM0155,5600,8200,Dormitory,Dormitory,Girls,Preferred,Required,Preferred,Not Required,Preferred,Not Required,Required,Required,Semi Furnished
U0655,Student,Gujarat,Ahmedabad,LM0159,6200,10600,Shared,Triple,Boys,Preferred,Preferred,Required,Required,Preferred,Preferred,Required,Required,Fully Furnished
U0656,Working Professional,Gujarat,Ahmedabad,LM0138,9400,16500,Private,Single,Girls,Preferred,Required,Preferred,Required,Preferred,Preferred,Required,Preferred,Fully Furnished
U0657,Student,Gujarat,Ahmedabad,LM0153,5300,9500,Shared,Double,Girls,Preferred,Required,Required,Not Required,Not Required,Preferred,Required,Required,Semi Furnished
U0658,Working Professional,Gujarat,Ahmedabad,LM0124,8900,15800,Private,Double,Girls,Preferred,Required,Preferred,Required,Preferred,Preferred,Not Required,Preferred,Semi Furnished
U0659,Working Professional,Gujarat,Ahmedabad,LM0153,9500,18400,Private,Single,Boys,Required,Preferred,Required,Required,Required,Required,Required,Not Required,Semi Furnished
U0660,Student,Gujarat,Ahmedabad,LM0131,5400,9600,Shared,Double,Girls,Required,Not Required,Required,Required,Not Required,Preferred,Required,Preferred,Semi Furnished
U0661,Working Professional,Gujarat,Ahmedabad,LM0140,9200,15400,Private,Double,Boys,Required,Required,Required,Preferred,Required,Required,Preferred,Required,Any
U0662,Working Professional,Gujarat,Ahmedabad,LM0126,8600,15700,Shared,Double,Girls,Preferred,Preferred,Required,Required,Preferred,Required,Required,Required,Semi Furnished
U0663,Student,Gujarat,Ahmedabad,LM0166,4800,8900,Shared,Double,Girls,Preferred,Preferred,Preferred,Preferred,Not Required,Required,Preferred,Preferred,Any
U0664,Working Professional,Gujarat,Ahmedabad,LM0168,8800,15100,Shared,Double,Boys,Required,Required,Preferred,Preferred,Not Required,Preferred,Required,Required,Any
U0665,Student,Gujarat,Ahmedabad,LM0128,5100,8900,Shared,Triple,Coed,Not Required,Preferred,Required,Required,Not Required,Preferred,Required,Required,Fully Furnished
U0666,Student,Gujarat,Ahmedabad,LM0144,5700,9300,Shared,Double,Coed,Preferred,Required,Required,Not Required,Not Required,Required,Preferred,Required,Fully Furnished
U0667,Working Professional,Gujarat,Ahmedabad,LM0154,7100,14200,Private,Single,Boys,Preferred,Required,Required,Required,Required,Required,Preferred,Preferred,Fully Furnished
U0668,Student,Gujarat,Ahmedabad,LM0169,5700,9900,Shared,Triple,Boys,Preferred,Not Required,Preferred,Preferred,Not Required,Not Required,Required,Required,Semi Furnished
U0669,Student,Gujarat,Ahmedabad,LM0126,6100,11900,Shared,Triple,Boys,Preferred,Not Required,Required,Preferred,Not Required,Preferred,Preferred,Required,Fully Furnished
U0670,Working Professional,Gujarat,Ahmedabad,LM0171,10700,14900,Private,Double,Boys,Required,Required,Required,Required,Required,Preferred,Required,Required,Any
U0671,Student,Gujarat,Ahmedabad,LM0167,4400,7400,Shared,Double,Girls,Preferred,Preferred,Preferred,Required,Preferred,Preferred,Not Required,Not Required,Fully Furnished
U0672,Working Professional,Gujarat,Ahmedabad,LM0145,9800,14700,Private,Single,Girls,Required,Required,Required,Required,Preferred,Preferred,Preferred,Required,Semi Furnished
U0673,Working Professional,Gujarat,Ahmedabad,LM0151,7800,13500,Private,Double,Girls,Required,Required,Required,Preferred,Preferred,Preferred,Required,Preferred,Semi Furnished
U0674,Student,Gujarat,Ahmedabad,LM0144,4600,10600,Private,Double,Girls,Preferred,Not Required,Required,Required,Not Required,Required,Required,Preferred,Unfurnished
U0675,Student,Gujarat,Ahmedabad,LM0142,5500,11000,Shared,Double,Boys,Required,Required,Required,Preferred,Preferred,Required,Preferred,Required,Semi Furnished
U0676,Student,Gujarat,Ahmedabad,LM0145,4500,7100,Shared,Triple,Girls,Required,Required,Required,Preferred,Preferred,Required,Required,Required,Semi Furnished
U0677,Student,Gujarat,Ahmedabad,LM0163,4400,7000,Private,Double,Girls,Preferred,Required,Required,Preferred,Not Required,Required,Preferred,Required,Semi Furnished
U0678,Working Professional,Gujarat,Ahmedabad,LM0165,10300,15100,Private,Double,Boys,Required,Required,Required,Preferred,Preferred,Preferred,Preferred,Preferred,Any
U0679,Student,Gujarat,Ahmedabad,LM0158,6200,9500,Shared,Double,Coed,Preferred,Required,Required,Preferred,Not Required,Preferred,Required,Required,Semi Furnished
U0680,Student,Gujarat,Ahmedabad,LM0161,5400,9600,Shared,Double,Boys,Not Required,Preferred,Required,Preferred,Not Required,Preferred,Preferred,Not Required,Fully Furnished
U0681,Student,Gujarat,Ahmedabad,LM0155,6500,10100,Shared,Double,Girls,Preferred,Preferred,Required,Required,Not Required,Preferred,Required,Required,Semi Furnished
U0682,Working Professional,Gujarat,Ahmedabad,LM0126,11200,15900,Private,Single,Boys,Required,Preferred,Required,Preferred,Preferred,Required,Preferred,Required,Fully Furnished
U0683,Student,Gujarat,Ahmedabad,LM0139,5500,8500,Shared,Double,Boys,Not Required,Preferred,Preferred,Required,Not Required,Preferred,Preferred,Preferred,Semi Furnished
U0684,Working Professional,Gujarat,Ahmedabad,LM0158,9600,15800,Shared,Triple,Girls,Required,Required,Required,Required,Required,Required,Not Required,Preferred,Fully Furnished
U0685,Student,Gujarat,Ahmedabad,LM0136,3500,6200,Shared,Double,Girls,Required,Required,Required,Required,Not Required,Preferred,Preferred,Required,Semi Furnished
U0686,Working Professional,Gujarat,Ahmedabad,LM0168,9500,19400,Private,Single,Coed,Not Required,Preferred,Required,Preferred,Not Required,Required,Required,Required,Semi Furnished
U0687,Working Professional,Gujarat,Ahmedabad,LM0128,8500,14900,Private,Double,Boys,Preferred,Preferred,Required,Preferred,Not Required,Preferred,Not Required,Required,Any
U0688,Working Professional,Gujarat,Ahmedabad,LM0167,9700,16100,Private,Double,Girls,Required,Required,Required,Preferred,Not Required,Required,Required,Not Required,Any
U0689,Student,Gujarat,Ahmedabad,LM0150,6100,9600,Private,Double,Boys,Required,Preferred,Preferred,Required,Not Required,Required,Preferred,Required,Any
U0690,Working Professional,Gujarat,Ahmedabad,LM0171,11600,17200,Shared,Double,Coed,Preferred,Required,Required,Required,Not Required,Preferred,Required,Required,Fully Furnished
U0691,Working Professional,Gujarat,Ahmedabad,LM0169,11300,19500,Private,Double,Boys,Required,Required,Preferred,Required,Not Required,Preferred,Required,Preferred,Any
U0692,Working Professional,Gujarat,Ahmedabad,LM0165,7800,12200,Private,Single,Coed,Required,Required,Preferred,Required,Required,Required,Required,Required,Semi Furnished
U0693,Working Professional,Gujarat,Ahmedabad,LM0129,8100,15600,Shared,Triple,Girls,Required,Required,Not Required,Preferred,Not Required,Required,Not Required,Not Required,Semi Furnished
U0694,Student,Gujarat,Ahmedabad,LM0150,5500,10300,Dormitory,Dormitory,Boys,Not Required,Required,Preferred,Required,Not Required,Preferred,Required,Required,Semi Furnished
U0695,Student,Gujarat,Ahmedabad,LM0155,5000,8300,Private,Single,Boys,Preferred,Required,Required,Required,Not Required,Required,Preferred,Preferred,Unfurnished
U0696,Working Professional,Gujarat,Ahmedabad,LM0124,8700,13500,Shared,Double,Boys,Preferred,Required,Not Required,Not Required,Preferred,Not Required,Required,Required,Fully Furnished
U0697,Student,Gujarat,Ahmedabad,LM0148,5600,9300,Shared,Triple,Boys,Preferred,Required,Required,Required,Preferred,Required,Preferred,Preferred,Fully Furnished
U0698,Working Professional,Gujarat,Ahmedabad,LM0129,8800,17600,Shared,Double,Girls,Required,Required,Not Required,Required,Not Required,Required,Required,Required,Fully Furnished
U0699,Student,Gujarat,Ahmedabad,LM0133,5800,10300,Private,Double,Girls,Not Required,Preferred,Not Required,Required,Not Required,Preferred,Preferred,Required,Fully Furnished
U0700,Student,Gujarat,Ahmedabad,LM0176,6100,10500,Private,Single,Boys,Required,Preferred,Required,Preferred,Preferred,Required,Preferred,Required,Semi Furnished
U0701,Working Professional,Gujarat,Ahmedabad,LM0136,12000,17000,Private,Double,Boys,Not Required,Not Required,Preferred,Required,Preferred,Preferred,Preferred,Required,Any
U0702,Working Professional,Gujarat,Ahmedabad,LM0153,10100,14700,Private,Single,Girls,Required,Preferred,Preferred,Required,Preferred,Preferred,Required,Preferred,Semi Furnished
U0703,Working Professional,Gujarat,Ahmedabad,LM0139,11500,17900,Private,Double,Girls,Required,Required,Required,Preferred,Not Required,Preferred,Required,Required,Any
U0704,Student,Gujarat,Ahmedabad,LM0124,3600,8700,Shared,Double,Coed,Preferred,Preferred,Required,Not Required,Not Required,Preferred,Preferred,Required,Semi Furnished
U0705,Working Professional,Gujarat,Ahmedabad,LM0165,11400,20600,Shared,Double,Coed,Preferred,Required,Required,Required,Required,Preferred,Preferred,Required,Any
U0706,Student,Gujarat,Ahmedabad,LM0151,3800,7500,Shared,Triple,Girls,Required,Required,Preferred,Preferred,Not Required,Required,Preferred,Required,Any
U0707,Working Professional,Gujarat,Ahmedabad,LM0128,7900,17000,Shared,Double,Girls,Required,Preferred,Preferred,Not Required,Preferred,Required,Preferred,Preferred,Fully Furnished
U0708,Working Professional,Gujarat,Ahmedabad,LM0155,7600,14500,Private,Single,Coed,Preferred,Required,Required,Required,Preferred,Preferred,Required,Required,Any
U0709,Student,Gujarat,Ahmedabad,LM0163,5800,8800,Dormitory,Dormitory,Coed,Preferred,Required,Required,Required,Not Required,Preferred,Required,Preferred,Semi Furnished
U0710,Student,Gujarat,Ahmedabad,LM0176,5200,10700,Private,Single,Coed,Required,Required,Required,Preferred,Not Required,Required,Required,Required,Any
U0711,Working Professional,Gujarat,Ahmedabad,LM0154,9000,17400,Shared,Double,Girls,Required,Required,Required,Not Required,Required,Not Required,Required,Required,Semi Furnished
U0712,Working Professional,Gujarat,Ahmedabad,LM0127,7600,12600,Shared,Double,Boys,Required,Not Required,Required,Required,Required,Preferred,Required,Required,Fully Furnished
U0713,Working Professional,Gujarat,Ahmedabad,LM0169,10400,19800,Shared,Triple,Boys,Required,Preferred,Required,Required,Required,Required,Preferred,Not Required,Fully Furnished
U0714,Working Professional,Gujarat,Ahmedabad,LM0160,11900,20500,Shared,Double,Boys,Required,Preferred,Required,Required,Required,Preferred,Required,Required,Semi Furnished
U0715,Student,Gujarat,Ahmedabad,LM0168,4100,7500,Shared,Double,Boys,Not Required,Required,Required,Required,Preferred,Preferred,Preferred,Required,Semi Furnished
U0716,Student,Gujarat,Ahmedabad,LM0155,3500,7800,Shared,Double,Girls,Preferred,Not Required,Required,Not Required,Preferred,Required,Preferred,Required,Fully Furnished
U0717,Student,Gujarat,Ahmedabad,LM0144,4000,9600,Private,Double,Girls,Not Required,Required,Required,Required,Not Required,Not Required,Required,Required,Any
U0718,Student,Gujarat,Ahmedabad,LM0170,3900,8100,Shared,Triple,Girls,Preferred,Required,Required,Preferred,Not Required,Preferred,Required,Preferred,Semi Furnished
U0719,Student,Gujarat,Ahmedabad,LM0134,4000,8500,Private,Double,Girls,Not Required,Required,Preferred,Required,Not Required,Required,Required,Preferred,Fully Furnished
U0720,Student,Gujarat,Ahmedabad,LM0140,3700,8100,Shared,Double,Girls,Preferred,Required,Required,Preferred,Not Required,Preferred,Not Required,Preferred,Any
U0721,Working Professional,Gujarat,Ahmedabad,LM0130,12000,21300,Shared,Double,Boys,Preferred,Required,Preferred,Not Required,Required,Not Required,Required,Not Required,Semi Furnished
U0722,Working Professional,Gujarat,Ahmedabad,LM0130,11300,17600,Private,Single,Coed,Required,Preferred,Required,Preferred,Preferred,Required,Required,Preferred,Semi Furnished
U0723,Student,Gujarat,Ahmedabad,LM0128,4100,8100,Shared,Triple,Girls,Preferred,Required,Required,Preferred,Not Required,Preferred,Preferred,Required,Any
U0724,Student,Gujarat,Ahmedabad,LM0146,4000,8000,Shared,Triple,Girls,Not Required,Required,Required,Preferred,Preferred,Preferred,Preferred,Required,Any
U0725,Working Professional,Gujarat,Ahmedabad,LM0160,10800,17400,Private,Double,Boys,Required,Required,Preferred,Preferred,Required,Not Required,Required,Required,Semi Furnished
U0726,Working Professional,Gujarat,Ahmedabad,LM0148,9400,17900,Private,Single,Coed,Preferred,Required,Preferred,Preferred,Required,Required,Required,Required,Semi Furnished
U0727,Student,Gujarat,Ahmedabad,LM0125,6000,9500,Shared,Double,Girls,Preferred,Required,Required,Required,Not Required,Preferred,Preferred,Required,Any
U0728,Working Professional,Gujarat,Ahmedabad,LM0125,7500,15800,Private,Single,Boys,Required,Preferred,Required,Preferred,Not Required,Preferred,Preferred,Required,Semi Furnished
U0729,Working Professional,Gujarat,Ahmedabad,LM0153,11200,19200,Shared,Triple,Girls,Required,Required,Required,Not Required,Preferred,Required,Preferred,Required,Fully Furnished
U0730,Working Professional,Gujarat,Ahmedabad,LM0134,8200,15700,Shared,Double,Coed,Required,Preferred,Required,Not Required,Preferred,Preferred,Required,Preferred,Any
U0731,Student,Gujarat,Ahmedabad,LM0153,4300,8300,Dormitory,Dormitory,Coed,Not Required,Required,Required,Required,Preferred,Preferred,Preferred,Preferred,Fully Furnished
U0732,Working Professional,Gujarat,Ahmedabad,LM0145,11000,15000,Private,Single,Girls,Required,Preferred,Required,Required,Preferred,Preferred,Required,Required,Semi Furnished
U0733,Working Professional,Gujarat,Ahmedabad,LM0126,8200,14900,Shared,Double,Girls,Preferred,Preferred,Required,Required,Preferred,Required,Not Required,Preferred,Fully Furnished
U0734,Student,Gujarat,Ahmedabad,LM0163,6400,11000,Dormitory,Dormitory,Boys,Preferred,Not Required,Required,Required,Not Required,Preferred,Preferred,Required,Any
U0735,Student,Gujarat,Ahmedabad,LM0126,4800,9400,Dormitory,Dormitory,Girls,Preferred,Required,Required,Preferred,Not Required,Preferred,Preferred,Required,Unfurnished
U0736,Working Professional,Gujarat,Ahmedabad,LM0129,9700,18500,Private,Single,Boys,Preferred,Required,Required,Not Required,Preferred,Required,Preferred,Required,Any
U0737,Student,Gujarat,Ahmedabad,LM0152,5900,8900,Dormitory,Dormitory,Girls,Preferred,Required,Required,Required,Not Required,Preferred,Preferred,Required,Any
U0738,Working Professional,Gujarat,Ahmedabad,LM0149,11100,18400,Private,Single,Boys,Required,Not Required,Required,Required,Not Required,Required,Not Required,Required,Fully Furnished
U0739,Working Professional,Gujarat,Ahmedabad,LM0124,11400,18500,Shared,Double,Boys,Preferred,Not Required,Required,Required,Not Required,Required,Not Required,Required,Fully Furnished
U0740,Working Professional,Gujarat,Ahmedabad,LM0139,8200,13900,Shared,Double,Boys,Not Required,Required,Required,Required,Required,Preferred,Preferred,Required,Fully Furnished
U0741,Working Professional,Gujarat,Ahmedabad,LM0163,11700,18500,Shared,Double,Coed,Required,Required,Required,Required,Preferred,Not Required,Preferred,Required,Semi Furnished
U0742,Working Professional,Gujarat,Ahmedabad,LM0133,11100,16100,Shared,Triple,Girls,Required,Required,Required,Not Required,Required,Preferred,Required,Required,Fully Furnished
U0743,Student,Gujarat,Ahmedabad,LM0161,5600,9900,Shared,Double,Girls,Preferred,Preferred,Required,Required,Not Required,Preferred,Preferred,Preferred,Fully Furnished
U0744,Working Professional,Gujarat,Ahmedabad,LM0144,7200,17000,Private,Double,Girls,Preferred,Not Required,Required,Preferred,Not Required,Preferred,Preferred,Required,Semi Furnished
U0745,Working Professional,Gujarat,Ahmedabad,LM0145,8100,15300,Shared,Double,Boys,Required,Required,Required,Preferred,Preferred,Required,Not Required,Not Required,Fully Furnished
U0746,Student,Gujarat,Ahmedabad,LM0142,4100,8900,Shared,Double,Boys,Not Required,Not Required,Required,Preferred,Not Required,Preferred,Not Required,Not Required,Any
U0747,Working Professional,Gujarat,Surat,LM0202,10200,16100,Shared,Triple,Boys,Preferred,Required,Preferred,Required,Preferred,Required,Not Required,Required,Fully Furnished
U0748,Working Professional,Gujarat,Surat,LM0189,8100,17700,Shared,Double,Girls,Preferred,Required,Preferred,Required,Required,Required,Required,Required,Semi Furnished
U0749,Student,Gujarat,Surat,LM0187,4300,9100,Shared,Double,Girls,Required,Preferred,Preferred,Required,Not Required,Preferred,Preferred,Required,Fully Furnished
U0750,Student,Gujarat,Surat,LM0220,5900,11200,Shared,Double,Girls,Not Required,Required,Required,Preferred,Required,Preferred,Preferred,Not Required,Any
U0751,Working Professional,Gujarat,Surat,LM0215,8800,13700,Shared,Double,Girls,Preferred,Preferred,Preferred,Not Required,Not Required,Preferred,Required,Not Required,Semi Furnished
U0752,Student,Gujarat,Surat,LM0220,3600,8200,Private,Single,Girls,Required,Preferred,Required,Not Required,Not Required,Required,Preferred,Required,Fully Furnished
U0753,Working Professional,Gujarat,Surat,LM0208,9600,15600,Shared,Triple,Boys,Required,Not Required,Preferred,Preferred,Preferred,Not Required,Required,Required,Any
U0754,Student,Gujarat,Surat,LM0200,6300,11900,Shared,Double,Boys,Required,Required,Not Required,Required,Not Required,Preferred,Preferred,Required,Semi Furnished
U0755,Working Professional,Gujarat,Surat,LM0186,10500,15900,Private,Double,Boys,Required,Preferred,Required,Required,Preferred,Required,Required,Not Required,Semi Furnished
U0756,Student,Gujarat,Surat,LM0197,5000,9600,Shared,Double,Boys,Required,Preferred,Required,Not Required,Not Required,Not Required,Not Required,Required,Any
U0757,Student,Gujarat,Surat,LM0206,5700,10800,Shared,Triple,Boys,Required,Not Required,Preferred,Required,Not Required,Required,Preferred,Preferred,Fully Furnished
U0758,Student,Gujarat,Surat,LM0189,4100,9300,Shared,Double,Girls,Required,Not Required,Required,Required,Preferred,Preferred,Preferred,Required,Semi Furnished
U0759,Working Professional,Gujarat,Surat,LM0206,10700,16100,Shared,Double,Girls,Required,Preferred,Required,Required,Preferred,Preferred,Preferred,Required,Semi Furnished
U0760,Working Professional,Gujarat,Surat,LM0184,9600,14200,Private,Single,Coed,Required,Required,Required,Required,Preferred,Required,Required,Not Required,Any
U0761,Working Professional,Gujarat,Surat,LM0190,10500,17900,Private,Single,Boys,Required,Required,Preferred,Required,Preferred,Preferred,Required,Required,Fully Furnished
U0762,Student,Gujarat,Surat,LM0203,5800,11700,Private,Single,Girls,Not Required,Preferred,Preferred,Required,Not Required,Not Required,Required,Required,Any
U0763,Student,Gujarat,Surat,LM0209,5300,10700,Dormitory,Dormitory,Boys,Preferred,Not Required,Required,Required,Not Required,Preferred,Preferred,Required,Fully Furnished
U0764,Working Professional,Gujarat,Surat,LM0211,11000,19900,Shared,Triple,Girls,Required,Required,Required,Required,Not Required,Not Required,Required,Required,Semi Furnished
U0765,Working Professional,Gujarat,Surat,LM0185,10900,16200,Shared,Double,Boys,Preferred,Preferred,Required,Preferred,Required,Required,Preferred,Required,Semi Furnished
U0766,Student,Gujarat,Surat,LM0193,5800,11600,Private,Single,Coed,Required,Not Required,Preferred,Preferred,Not Required,Required,Required,Required,Semi Furnished
U0767,Working Professional,Gujarat,Surat,LM0197,7900,17400,Shared,Triple,Coed,Preferred,Preferred,Required,Required,Required,Preferred,Preferred,Required,Fully Furnished
U0768,Working Professional,Gujarat,Surat,LM0188,8800,16600,Private,Double,Boys,Not Required,Required,Required,Required,Required,Not Required,Preferred,Required,Any
U0769,Student,Gujarat,Surat,LM0190,3500,8400,Shared,Triple,Coed,Preferred,Required,Required,Required,Preferred,Preferred,Required,Preferred,Semi Furnished
U0770,Student,Gujarat,Surat,LM0186,6200,12000,Shared,Triple,Coed,Required,Required,Required,Preferred,Preferred,Preferred,Preferred,Required,Any
U0771,Working Professional,Gujarat,Surat,LM0215,8400,17800,Private,Double,Coed,Not Required,Preferred,Preferred,Preferred,Not Required,Required,Required,Preferred,Fully Furnished
U0772,Student,Gujarat,Surat,LM0198,5500,10100,Shared,Triple,Boys,Not Required,Preferred,Preferred,Required,Preferred,Required,Not Required,Preferred,Fully Furnished
U0773,Student,Gujarat,Surat,LM0197,5500,10700,Shared,Triple,Boys,Not Required,Preferred,Required,Preferred,Not Required,Preferred,Preferred,Required,Fully Furnished
U0774,Working Professional,Gujarat,Surat,LM0192,7300,13000,Private,Double,Coed,Preferred,Required,Required,Preferred,Preferred,Required,Preferred,Preferred,Fully Furnished
U0775,Student,Gujarat,Surat,LM0181,4600,10100,Private,Double,Girls,Preferred,Required,Required,Preferred,Not Required,Not Required,Preferred,Required,Semi Furnished
U0776,Working Professional,Gujarat,Surat,LM0185,8700,13500,Private,Single,Boys,Preferred,Required,Required,Required,Preferred,Required,Not Required,Required,Semi Furnished
U0777,Student,Gujarat,Surat,LM0195,6200,11200,Shared,Double,Coed,Required,Required,Required,Required,Preferred,Required,Required,Required,Semi Furnished
U0778,Working Professional,Gujarat,Surat,LM0216,12000,21800,Shared,Double,Coed,Preferred,Preferred,Required,Preferred,Required,Preferred,Required,Required,Fully Furnished
U0779,Student,Gujarat,Surat,LM0203,5900,9700,Private,Single,Boys,Preferred,Preferred,Required,Required,Preferred,Preferred,Not Required,Required,Unfurnished
U0780,Student,Gujarat,Surat,LM0195,4000,7000,Shared,Double,Girls,Preferred,Required,Required,Required,Not Required,Preferred,Required,Required,Fully Furnished
U0781,Working Professional,Gujarat,Surat,LM0216,11900,17600,Private,Single,Girls,Required,Required,Required,Required,Required,Required,Preferred,Required,Fully Furnished
U0782,Student,Gujarat,Surat,LM0216,4700,7800,Shared,Double,Boys,Required,Preferred,Required,Required,Not Required,Required,Preferred,Required,Semi Furnished
U0783,Student,Gujarat,Surat,LM0216,3500,7800,Private,Double,Boys,Required,Required,Required,Required,Required,Not Required,Not Required,Required,Any
U0784,Working Professional,Gujarat,Surat,LM0189,7200,16300,Private,Single,Girls,Not Required,Required,Preferred,Preferred,Preferred,Required,Preferred,Preferred,Fully Furnished
U0785,Student,Gujarat,Surat,LM0217,5200,8000,Dormitory,Dormitory,Girls,Required,Required,Required,Required,Not Required,Required,Required,Required,Fully Furnished
U0786,Student,Gujarat,Surat,LM0209,6200,9100,Shared,Triple,Girls,Preferred,Preferred,Preferred,Preferred,Not Required,Required,Not Required,Preferred,Fully Furnished
U0787,Working Professional,Gujarat,Surat,LM0197,11100,16900,Private,Double,Boys,Preferred,Required,Preferred,Preferred,Not Required,Required,Required,Preferred,Fully Furnished
U0788,Student,Gujarat,Surat,LM0196,4500,9700,Shared,Triple,Girls,Required,Not Required,Not Required,Required,Not Required,Required,Preferred,Required,Semi Furnished
U0789,Student,Gujarat,Surat,LM0218,5500,10100,Shared,Triple,Girls,Preferred,Preferred,Required,Preferred,Not Required,Preferred,Preferred,Required,Fully Furnished
U0790,Working Professional,Gujarat,Surat,LM0219,11200,17400,Shared,Triple,Coed,Required,Required,Preferred,Required,Required,Not Required,Required,Not Required,Fully Furnished
U0791,Working Professional,Gujarat,Surat,LM0215,7000,16100,Private,Single,Girls,Required,Required,Required,Required,Required,Required,Required,Required,Fully Furnished
U0792,Student,Gujarat,Surat,LM0202,4200,6900,Shared,Double,Coed,Required,Required,Required,Required,Not Required,Preferred,Preferred,Required,Semi Furnished
U0793,Student,Gujarat,Surat,LM0182,5300,10200,Shared,Double,Girls,Not Required,Preferred,Required,Required,Not Required,Preferred,Preferred,Preferred,Semi Furnished
U0794,Student,Gujarat,Surat,LM0203,5000,9000,Shared,Double,Girls,Not Required,Required,Preferred,Preferred,Not Required,Preferred,Preferred,Required,Semi Furnished
U0795,Student,Gujarat,Surat,LM0212,4900,7700,Dormitory,Dormitory,Boys,Not Required,Required,Preferred,Preferred,Preferred,Required,Required,Required,Fully Furnished
U0796,Working Professional,Gujarat,Surat,LM0194,11800,18600,Shared,Double,Boys,Preferred,Required,Required,Preferred,Required,Preferred,Not Required,Required,Semi Furnished
U0797,Student,Gujarat,Surat,LM0195,5400,10100,Shared,Double,Coed,Not Required,Required,Preferred,Required,Not Required,Required,Not Required,Preferred,Fully Furnished
U0798,Student,Gujarat,Surat,LM0213,6200,11800,Private,Double,Boys,Not Required,Preferred,Preferred,Required,Not Required,Preferred,Preferred,Required,Fully Furnished
U0799,Student,Gujarat,Surat,LM0189,4600,7500,Shared,Triple,Girls,Preferred,Preferred,Preferred,Required,Not Required,Required,Required,Required,Semi Furnished
U0800,Working Professional,Gujarat,Surat,LM0204,10500,15800,Shared,Triple,Boys,Required,Not Required,Required,Required,Not Required,Required,Required,Required,Semi Furnished
U0801,Student,Gujarat,Surat,LM0212,5600,11100,Private,Double,Girls,Required,Preferred,Preferred,Preferred,Not Required,Preferred,Preferred,Preferred,Semi Furnished
U0802,Working Professional,Gujarat,Surat,LM0211,9900,14900,Private,Single,Girls,Preferred,Preferred,Required,Required,Not Required,Required,Preferred,Required,Any
U0803,Working Professional,Gujarat,Surat,LM0180,7200,12200,Shared,Triple,Boys,Required,Required,Preferred,Required,Not Required,Preferred,Required,Required,Any
U0804,Student,Gujarat,Surat,LM0208,5300,10200,Shared,Double,Coed,Preferred,Required,Required,Preferred,Not Required,Required,Preferred,Required,Any
U0805,Student,Gujarat,Surat,LM0206,4900,7800,Dormitory,Dormitory,Girls,Not Required,Required,Required,Preferred,Not Required,Preferred,Required,Required,Fully Furnished
U0806,Working Professional,Gujarat,Surat,LM0215,7300,12500,Private,Double,Boys,Not Required,Required,Required,Preferred,Required,Required,Required,Required,Fully Furnished
U0807,Student,Gujarat,Surat,LM0183,5300,10400,Private,Single,Girls,Required,Required,Required,Required,Not Required,Required,Preferred,Not Required,Fully Furnished
U0808,Working Professional,Gujarat,Surat,LM0178,9100,17900,Shared,Triple,Girls,Preferred,Preferred,Preferred,Preferred,Required,Preferred,Not Required,Required,Fully Furnished
U0809,Working Professional,Gujarat,Surat,LM0199,11800,19200,Private,Single,Girls,Required,Required,Preferred,Required,Not Required,Required,Preferred,Preferred,Fully Furnished
U0810,Working Professional,Gujarat,Surat,LM0179,8300,12700,Private,Single,Girls,Preferred,Not Required,Required,Required,Preferred,Preferred,Not Required,Required,Fully Furnished
U0811,Working Professional,Gujarat,Surat,LM0185,7200,14000,Private,Single,Girls,Preferred,Required,Required,Preferred,Not Required,Required,Preferred,Required,Fully Furnished
U0812,Working Professional,Gujarat,Surat,LM0219,11800,19400,Private,Double,Boys,Required,Required,Preferred,Not Required,Preferred,Required,Not Required,Required,Fully Furnished
U0813,Working Professional,Gujarat,Surat,LM0179,11500,21000,Shared,Triple,Girls,Required,Required,Preferred,Required,Not Required,Required,Required,Preferred,Semi Furnished
U0814,Working Professional,Gujarat,Surat,LM0209,9200,13700,Private,Single,Girls,Required,Required,Required,Preferred,Preferred,Required,Preferred,Preferred,Fully Furnished
U0815,Working Professional,Gujarat,Surat,LM0221,8500,14000,Private,Single,Boys,Preferred,Not Required,Required,Required,Preferred,Required,Preferred,Required,Any
U0816,Student,Gujarat,Surat,LM0217,5400,9800,Private,Single,Boys,Not Required,Required,Required,Required,Required,Required,Preferred,Required,Fully Furnished
U0817,Student,Gujarat,Surat,LM0213,6100,9600,Shared,Triple,Boys,Not Required,Required,Required,Required,Required,Preferred,Preferred,Required,Semi Furnished
U0818,Working Professional,Gujarat,Surat,LM0181,11600,16300,Private,Double,Boys,Required,Required,Required,Required,Preferred,Preferred,Required,Preferred,Any
U0819,Student,Gujarat,Surat,LM0190,6400,10700,Shared,Double,Coed,Not Required,Preferred,Required,Required,Required,Not Required,Not Required,Required,Unfurnished
U0820,Student,Gujarat,Surat,LM0216,4500,9500,Private,Double,Boys,Not Required,Required,Required,Preferred,Preferred,Required,Required,Required,Fully Furnished
U0821,Student,Gujarat,Surat,LM0211,6300,8800,Private,Single,Boys,Preferred,Required,Required,Preferred,Not Required,Preferred,Not Required,Required,Any
U0822,Student,Gujarat,Surat,LM0197,5100,9900,Dormitory,Dormitory,Girls,Not Required,Required,Not Required,Preferred,Not Required,Preferred,Preferred,Preferred,Any
U0823,Student,Gujarat,Surat,LM0180,4700,10100,Shared,Double,Boys,Not Required,Required,Required,Required,Not Required,Not Required,Preferred,Not Required,Fully Furnished
U0824,Student,Gujarat,Surat,LM0184,4000,6800,Dormitory,Dormitory,Coed,Required,Preferred,Preferred,Required,Not Required,Preferred,Required,Preferred,Semi Furnished
U0825,Student,Gujarat,Surat,LM0205,3600,6700,Shared,Double,Girls,Not Required,Required,Not Required,Preferred,Not Required,Preferred,Preferred,Required,Fully Furnished
U0826,Student,Gujarat,Surat,LM0197,5000,10600,Shared,Triple,Girls,Not Required,Required,Preferred,Required,Not Required,Not Required,Preferred,Required,Unfurnished
U0827,Working Professional,Gujarat,Surat,LM0207,10500,17900,Private,Single,Boys,Required,Required,Preferred,Required,Required,Preferred,Required,Required,Any
U0828,Working Professional,Gujarat,Surat,LM0203,11000,17100,Private,Double,Girls,Required,Preferred,Required,Preferred,Preferred,Preferred,Preferred,Required,Fully Furnished
U0829,Working Professional,Gujarat,Surat,LM0214,10900,16100,Private,Double,Coed,Required,Required,Required,Preferred,Required,Preferred,Preferred,Required,Semi Furnished
U0830,Student,Gujarat,Surat,LM0194,5600,9400,Shared,Triple,Boys,Preferred,Required,Required,Required,Not Required,Required,Required,Required,Semi Furnished
U0831,Working Professional,Gujarat,Surat,LM0198,8500,17200,Private,Single,Boys,Required,Required,Required,Required,Preferred,Preferred,Required,Required,Semi Furnished
U0832,Student,Gujarat,Surat,LM0201,5600,10200,Shared,Triple,Girls,Preferred,Required,Required,Preferred,Not Required,Preferred,Preferred,Not Required,Unfurnished
U0833,Student,Gujarat,Surat,LM0202,5600,10800,Dormitory,Dormitory,Boys,Preferred,Required,Required,Required,Not Required,Preferred,Required,Preferred,Semi Furnished
U0834,Working Professional,Gujarat,Surat,LM0192,11000,15700,Shared,Double,Boys,Preferred,Preferred,Required,Required,Not Required,Required,Required,Not Required,Semi Furnished
U0835,Student,Gujarat,Surat,LM0212,5200,9500,Shared,Triple,Girls,Preferred,Required,Required,Required,Not Required,Preferred,Preferred,Required,Semi Furnished
U0836,Student,Gujarat,Surat,LM0183,5300,8700,Private,Double,Boys,Not Required,Required,Preferred,Required,Not Required,Not Required,Required,Preferred,Fully Furnished
U0837,Student,Gujarat,Surat,LM0220,5900,11000,Shared,Triple,Girls,Required,Preferred,Required,Not Required,Preferred,Required,Preferred,Required,Fully Furnished
U0838,Student,Gujarat,Surat,LM0218,3800,7500,Private,Double,Boys,Preferred,Required,Preferred,Not Required,Preferred,Preferred,Required,Required,Fully Furnished
U0839,Student,Gujarat,Surat,LM0187,5100,7700,Shared,Triple,Girls,Preferred,Preferred,Preferred,Required,Not Required,Preferred,Preferred,Required,Semi Furnished
U0840,Student,Gujarat,Surat,LM0195,3800,7200,Shared,Triple,Boys,Not Required,Required,Preferred,Preferred,Not Required,Not Required,Not Required,Required,Semi Furnished
U0841,Student,Gujarat,Surat,LM0219,3600,9300,Dormitory,Dormitory,Girls,Not Required,Preferred,Required,Preferred,Not Required,Not Required,Not Required,Required,Any
U0842,Working Professional,Gujarat,Surat,LM0206,10100,18600,Shared,Double,Coed,Required,Preferred,Required,Required,Preferred,Preferred,Preferred,Required,Fully Furnished
U0843,Working Professional,Gujarat,Surat,LM0178,10500,19500,Private,Double,Coed,Required,Required,Required,Required,Preferred,Required,Preferred,Required,Fully Furnished
U0844,Student,Gujarat,Surat,LM0202,5200,10600,Shared,Double,Boys,Not Required,Required,Required,Required,Not Required,Preferred,Preferred,Required,Fully Furnished
U0845,Student,Gujarat,Surat,LM0211,5400,10900,Shared,Double,Boys,Required,Preferred,Preferred,Preferred,Not Required,Preferred,Preferred,Required,Any
U0846,Working Professional,Gujarat,Surat,LM0186,9500,15200,Private,Single,Boys,Preferred,Required,Not Required,Required,Preferred,Preferred,Required,Required,Fully Furnished
U0847,Student,Gujarat,Surat,LM0206,5300,11100,Shared,Double,Girls,Not Required,Preferred,Required,Preferred,Not Required,Required,Required,Required,Fully Furnished
U0848,Working Professional,Gujarat,Surat,LM0198,7700,13500,Private,Double,Girls,Preferred,Preferred,Required,Required,Preferred,Preferred,Preferred,Required,Semi Furnished
U0849,Student,Gujarat,Surat,LM0189,5000,10700,Shared,Triple,Girls,Not Required,Preferred,Required,Preferred,Not Required,Required,Preferred,Preferred,Unfurnished
U0850,Student,Gujarat,Surat,LM0191,5200,8800,Shared,Triple,Girls,Required,Preferred,Required,Preferred,Preferred,Required,Preferred,Required,Semi Furnished
U0851,Student,Gujarat,Surat,LM0179,5000,10100,Dormitory,Dormitory,Boys,Preferred,Required,Required,Required,Not Required,Required,Required,Preferred,Unfurnished
U0852,Working Professional,Gujarat,Surat,LM0186,8000,16600,Private,Single,Boys,Required,Required,Required,Not Required,Required,Required,Required,Required,Fully Furnished
U0853,Student,Gujarat,Surat,LM0185,5300,11000,Private,Double,Boys,Preferred,Required,Required,Preferred,Not Required,Required,Preferred,Required,Unfurnished
U0854,Student,Gujarat,Surat,LM0181,4800,10800,Shared,Triple,Girls,Preferred,Preferred,Required,Preferred,Preferred,Required,Preferred,Required,Fully Furnished
U0855,Student,Gujarat,Surat,LM0209,5300,10700,Shared,Triple,Girls,Not Required,Required,Required,Not Required,Preferred,Not Required,Not Required,Required,Semi Furnished
U0856,Working Professional,Gujarat,Surat,LM0216,9600,14500,Shared,Triple,Girls,Preferred,Required,Preferred,Not Required,Preferred,Required,Required,Preferred,Semi Furnished
U0857,Student,Gujarat,Surat,LM0213,4200,7600,Shared,Triple,Boys,Preferred,Required,Required,Preferred,Not Required,Not Required,Required,Required,Semi Furnished
U0858,Working Professional,Gujarat,Surat,LM0190,8900,14900,Private,Double,Coed,Preferred,Required,Not Required,Preferred,Not Required,Required,Preferred,Preferred,Semi Furnished
U0859,Student,Gujarat,Surat,LM0221,4900,9500,Private,Double,Girls,Not Required,Preferred,Required,Preferred,Not Required,Not Required,Preferred,Required,Fully Furnished
U0860,Student,Gujarat,Surat,LM0186,5300,8100,Shared,Triple,Boys,Required,Required,Required,Preferred,Not Required,Required,Preferred,Preferred,Any
U0861,Student,Gujarat,Surat,LM0211,4800,7400,Shared,Double,Boys,Required,Required,Required,Preferred,Not Required,Required,Required,Required,Fully Furnished
U0862,Working Professional,Gujarat,Surat,LM0199,10000,18900,Private,Single,Girls,Required,Not Required,Required,Required,Not Required,Required,Required,Required,Semi Furnished
U0863,Student,Gujarat,Surat,LM0184,5400,10700,Shared,Triple,Boys,Preferred,Required,Preferred,Preferred,Not Required,Required,Required,Not Required,Any
U0864,Student,Gujarat,Surat,LM0192,3600,6200,Shared,Double,Boys,Required,Required,Preferred,Required,Not Required,Preferred,Preferred,Not Required,Fully Furnished
U0865,Student,Gujarat,Surat,LM0198,3700,9500,Dormitory,Dormitory,Girls,Not Required,Required,Required,Required,Not Required,Preferred,Preferred,Preferred,Semi Furnished
U0866,Student,Gujarat,Surat,LM0197,3800,9200,Private,Single,Boys,Preferred,Required,Not Required,Preferred,Preferred,Preferred,Preferred,Required,Fully Furnished
U0867,Student,Gujarat,Surat,LM0199,3900,6900,Private,Double,Boys,Required,Required,Not Required,Required,Preferred,Required,Required,Required,Any
U0868,Student,Gujarat,Surat,LM0199,5600,9700,Private,Single,Boys,Preferred,Preferred,Required,Preferred,Not Required,Preferred,Required,Required,Semi Furnished
U0869,Student,Gujarat,Surat,LM0221,4500,8400,Shared,Triple,Boys,Not Required,Required,Required,Preferred,Not Required,Required,Preferred,Required,Semi Furnished
U0870,Student,Gujarat,Surat,LM0214,3700,7900,Shared,Double,Coed,Not Required,Required,Required,Preferred,Required,Required,Preferred,Required,Unfurnished
U0871,Student,Gujarat,Surat,LM0210,4700,10200,Shared,Triple,Boys,Required,Required,Required,Preferred,Not Required,Required,Not Required,Preferred,Semi Furnished
U0872,Student,Gujarat,Surat,LM0180,4300,9700,Shared,Triple,Boys,Not Required,Required,Required,Required,Not Required,Preferred,Preferred,Required,Any
U0873,Working Professional,Gujarat,Surat,LM0184,10200,14400,Shared,Double,Girls,Preferred,Required,Preferred,Required,Not Required,Required,Preferred,Required,Semi Furnished
U0874,Working Professional,Gujarat,Surat,LM0207,11200,18800,Private,Single,Coed,Required,Required,Required,Preferred,Required,Not Required,Required,Required,Fully Furnished
U0875,Student,Gujarat,Surat,LM0181,4900,7900,Shared,Triple,Girls,Preferred,Preferred,Not Required,Preferred,Not Required,Not Required,Required,Required,Unfurnished
U0876,Student,Gujarat,Surat,LM0220,4900,10600,Shared,Double,Boys,Required,Preferred,Required,Preferred,Preferred,Preferred,Preferred,Required,Fully Furnished
U0877,Student,Gujarat,Surat,LM0188,4500,7200,Private,Double,Girls,Preferred,Not Required,Required,Preferred,Not Required,Required,Preferred,Required,Semi Furnished
U0878,Student,Gujarat,Surat,LM0193,6400,12400,Shared,Triple,Girls,Not Required,Preferred,Preferred,Required,Not Required,Preferred,Required,Required,Semi Furnished
U0879,Student,Gujarat,Surat,LM0197,5100,7600,Shared,Triple,Girls,Preferred,Required,Required,Not Required,Preferred,Not Required,Preferred,Required,Fully Furnished
U0880,Student,Gujarat,Surat,LM0187,5000,8500,Shared,Triple,Coed,Preferred,Required,Preferred,Required,Not Required,Not Required,Preferred,Required,Semi Furnished
U0881,Working Professional,Gujarat,Surat,LM0218,9800,14700,Shared,Double,Girls,Required,Not Required,Required,Required,Preferred,Required,Preferred,Required,Semi Furnished
U0882,Working Professional,Gujarat,Surat,LM0218,10700,19300,Shared,Double,Boys,Required,Preferred,Preferred,Preferred,Required,Required,Required,Required,Fully Furnished
U0883,Working Professional,Gujarat,Surat,LM0219,7500,14900,Shared,Triple,Girls,Required,Preferred,Preferred,Preferred,Preferred,Preferred,Required,Preferred,Fully Furnished
U0884,Working Professional,Gujarat,Surat,LM0199,9000,15500,Private,Double,Boys,Required,Not Required,Preferred,Preferred,Preferred,Required,Preferred,Required,Fully Furnished
U0885,Student,Gujarat,Surat,LM0211,6000,11400,Private,Single,Girls,Not Required,Required,Required,Required,Not Required,Preferred,Preferred,Required,Semi Furnished
U0886,Student,Gujarat,Surat,LM0180,4600,10200,Shared,Triple,Boys,Preferred,Required,Preferred,Required,Preferred,Required,Preferred,Required,Semi Furnished
U0887,Student,Gujarat,Surat,LM0201,5500,10000,Shared,Triple,Boys,Preferred,Preferred,Preferred,Preferred,Preferred,Required,Required,Required,Semi Furnished
U0888,Student,Gujarat,Surat,LM0214,3900,7700,Shared,Triple,Coed,Not Required,Not Required,Required,Preferred,Required,Not Required,Required,Preferred,Semi Furnished
U0889,Working Professional,Gujarat,Surat,LM0187,7800,15200,Shared,Triple,Boys,Preferred,Preferred,Not Required,Required,Not Required,Required,Required,Preferred,Fully Furnished
U0890,Student,Gujarat,Surat,LM0182,4400,7500,Private,Double,Girls,Preferred,Preferred,Preferred,Preferred,Preferred,Preferred,Required,Required,Semi Furnished
U0891,Student,Gujarat,Surat,LM0181,4400,9800,Dormitory,Dormitory,Girls,Not Required,Preferred,Preferred,Required,Not Required,Preferred,Preferred,Required,Semi Furnished
U0892,Student,Gujarat,Surat,LM0201,5000,10800,Shared,Triple,Girls,Not Required,Preferred,Preferred,Required,Not Required,Preferred,Preferred,Not Required,Semi Furnished
U0893,Working Professional,Gujarat,Surat,LM0221,11900,19100,Shared,Double,Boys,Not Required,Required,Preferred,Required,Preferred,Required,Required,Not Required,Semi Furnished
U0894,Working Professional,Gujarat,Surat,LM0212,9900,15100,Private,Double,Girls,Required,Required,Preferred,Not Required,Not Required,Required,Required,Required,Fully Furnished
U0895,Working Professional,Gujarat,Surat,LM0195,7600,12300,Private,Double,Boys,Required,Required,Required,Preferred,Not Required,Preferred,Not Required,Preferred,Fully Furnished
U0896,Student,Gujarat,Surat,LM0180,4800,7500,Dormitory,Dormitory,Girls,Preferred,Preferred,Required,Not Required,Not Required,Preferred,Required,Preferred,Fully Furnished
U0897,Student,Gujarat,Surat,LM0181,6000,10800,Shared,Double,Boys,Required,Required,Required,Required,Not Required,Not Required,Preferred,Not Required,Fully Furnished
U0898,Working Professional,Gujarat,Surat,LM0180,8500,16400,Private,Single,Boys,Preferred,Preferred,Required,Required,Preferred,Required,Preferred,Required,Semi Furnished
U0899,Working Professional,Gujarat,Surat,LM0209,7200,15500,Shared,Triple,Coed,Required,Not Required,Required,Required,Preferred,Required,Preferred,Not Required,Semi Furnished
U0900,Working Professional,Gujarat,Surat,LM0185,7100,14200,Shared,Triple,Boys,Not Required,Required,Preferred,Required,Not Required,Not Required,Not Required,Required,Fully Furnished
U0901,Working Professional,Gujarat,Surat,LM0213,9500,18200,Private,Double,Girls,Required,Required,Preferred,Not Required,Preferred,Preferred,Required,Preferred,Fully Furnished
U0902,Working Professional,Gujarat,Surat,LM0218,7400,13800,Shared,Triple,Boys,Preferred,Preferred,Required,Required,Preferred,Required,Preferred,Required,Semi Furnished
U0903,Student,Gujarat,Surat,LM0216,6400,10700,Private,Single,Boys,Not Required,Required,Required,Preferred,Not Required,Required,Required,Required,Semi Furnished
U0904,Working Professional,Gujarat,Surat,LM0192,8700,17400,Private,Single,Girls,Required,Not Required,Preferred,Required,Required,Preferred,Preferred,Required,Fully Furnished
U0905,Student,Gujarat,Surat,LM0185,5500,10700,Shared,Double,Boys,Preferred,Required,Required,Required,Not Required,Required,Preferred,Required,Fully Furnished
U0906,Working Professional,Gujarat,Surat,LM0189,8300,13200,Private,Single,Boys,Preferred,Preferred,Required,Required,Preferred,Required,Required,Not Required,Semi Furnished
U0907,Working Professional,Gujarat,Surat,LM0205,7500,15900,Private,Double,Boys,Required,Required,Preferred,Required,Not Required,Not Required,Preferred,Required,Fully Furnished
U0908,Working Professional,Gujarat,Surat,LM0184,11600,15800,Private,Double,Girls,Not Required,Required,Required,Required,Not Required,Preferred,Required,Required,Semi Furnished
U0909,Working Professional,Gujarat,Surat,LM0213,11200,15300,Private,Single,Girls,Preferred,Preferred,Required,Required,Preferred,Preferred,Required,Preferred,Semi Furnished
U0910,Student,Gujarat,Surat,LM0183,4400,7600,Dormitory,Dormitory,Coed,Not Required,Required,Required,Required,Preferred,Preferred,Required,Required,Semi Furnished
U0911,Student,Gujarat,Surat,LM0180,5300,11100,Shared,Triple,Boys,Required,Preferred,Preferred,Required,Not Required,Required,Required,Required,Fully Furnished
U0912,Working Professional,Gujarat,Surat,LM0183,10400,19800,Private,Single,Coed,Not Required,Preferred,Required,Required,Preferred,Required,Preferred,Required,Semi Furnished
U0913,Working Professional,Gujarat,Surat,LM0185,7600,15200,Private,Double,Coed,Preferred,Preferred,Preferred,Required,Preferred,Required,Preferred,Required,Fully Furnished
U0914,Student,Gujarat,Surat,LM0203,4200,7100,Private,Double,Boys,Required,Required,Required,Required,Preferred,Required,Not Required,Preferred,Any
U0915,Student,Gujarat,Surat,LM0207,6400,9900,Private,Single,Girls,Preferred,Preferred,Preferred,Preferred,Not Required,Required,Required,Required,Semi Furnished
U0916,Student,Gujarat,Surat,LM0218,3600,6600,Shared,Triple,Girls,Preferred,Preferred,Preferred,Required,Preferred,Required,Preferred,Required,Any
U0917,Student,Gujarat,Surat,LM0202,4500,7200,Private,Double,Girls,Required,Preferred,Required,Required,Preferred,Required,Preferred,Required,Fully Furnished
U0918,Student,Gujarat,Surat,LM0191,6400,11600,Shared,Triple,Boys,Required,Required,Not Required,Preferred,Preferred,Preferred,Required,Required,Semi Furnished
U0919,Student,Gujarat,Surat,LM0220,5600,11500,Shared,Triple,Coed,Required,Preferred,Preferred,Required,Not Required,Not Required,Required,Required,Semi Furnished
U0920,Student,Gujarat,Surat,LM0210,4800,10400,Private,Single,Boys,Preferred,Not Required,Required,Required,Required,Required,Preferred,Required,Fully Furnished
U0921,Student,Gujarat,Surat,LM0195,5200,9100,Shared,Double,Girls,Required,Required,Preferred,Preferred,Not Required,Preferred,Preferred,Preferred,Fully Furnished
U0922,Student,Gujarat,Surat,LM0202,5300,10000,Shared,Triple,Girls,Required,Preferred,Preferred,Preferred,Preferred,Not Required,Required,Required,Unfurnished
U0923,Student,Gujarat,Vadodara,LM0222,5000,9500,Shared,Triple,Girls,Preferred,Preferred,Required,Required,Not Required,Not Required,Not Required,Preferred,Fully Furnished
U0924,Student,Gujarat,Vadodara,LM0241,6100,10600,Shared,Double,Boys,Preferred,Not Required,Required,Required,Required,Required,Required,Preferred,Semi Furnished
U0925,Student,Gujarat,Vadodara,LM0244,6200,9200,Shared,Triple,Girls,Preferred,Not Required,Preferred,Required,Preferred,Required,Required,Required,Semi Furnished
U0926,Working Professional,Gujarat,Vadodara,LM0244,8900,14500,Private,Double,Boys,Preferred,Preferred,Required,Preferred,Required,Not Required,Required,Required,Semi Furnished
U0927,Student,Gujarat,Vadodara,LM0247,4500,9800,Shared,Double,Girls,Not Required,Required,Required,Not Required,Not Required,Not Required,Not Required,Required,Any
U0928,Student,Gujarat,Vadodara,LM0230,6200,11700,Shared,Triple,Girls,Preferred,Preferred,Not Required,Required,Not Required,Preferred,Preferred,Required,Semi Furnished
U0929,Student,Gujarat,Vadodara,LM0251,6400,9600,Shared,Triple,Girls,Not Required,Required,Required,Required,Not Required,Preferred,Required,Preferred,Fully Furnished
U0930,Working Professional,Gujarat,Vadodara,LM0247,9300,17000,Shared,Triple,Boys,Required,Not Required,Required,Preferred,Preferred,Required,Required,Required,Fully Furnished
U0931,Working Professional,Gujarat,Vadodara,LM0239,7400,17000,Shared,Triple,Girls,Required,Required,Required,Preferred,Not Required,Preferred,Not Required,Required,Semi Furnished
U0932,Student,Gujarat,Vadodara,LM0233,3800,6900,Shared,Double,Girls,Required,Required,Required,Preferred,Not Required,Required,Preferred,Required,Semi Furnished
U0933,Working Professional,Gujarat,Vadodara,LM0226,9000,17000,Shared,Triple,Boys,Required,Preferred,Required,Preferred,Required,Preferred,Preferred,Required,Any
U0934,Student,Gujarat,Vadodara,LM0259,6100,11100,Dormitory,Dormitory,Boys,Not Required,Preferred,Preferred,Required,Not Required,Preferred,Preferred,Not Required,Semi Furnished
U0935,Working Professional,Gujarat,Vadodara,LM0227,11500,16800,Private,Double,Girls,Required,Required,Preferred,Required,Required,Required,Required,Preferred,Fully Furnished
U0936,Student,Gujarat,Vadodara,LM0256,4000,7000,Shared,Triple,Boys,Preferred,Required,Required,Preferred,Preferred,Required,Preferred,Required,Fully Furnished
U0937,Working Professional,Gujarat,Vadodara,LM0238,9300,17700,Shared,Triple,Girls,Required,Preferred,Required,Required,Not Required,Preferred,Required,Preferred,Any
U0938,Working Professional,Gujarat,Vadodara,LM0257,11700,17100,Private,Double,Coed,Required,Not Required,Required,Required,Required,Required,Required,Required,Fully Furnished
U0939,Student,Gujarat,Vadodara,LM0231,5600,9600,Shared,Double,Boys,Preferred,Not Required,Required,Not Required,Not Required,Required,Preferred,Preferred,Semi Furnished
U0940,Student,Gujarat,Vadodara,LM0260,4300,8000,Shared,Double,Boys,Preferred,Required,Preferred,Preferred,Not Required,Preferred,Preferred,Preferred,Semi Furnished
U0941,Student,Gujarat,Vadodara,LM0250,4900,7500,Shared,Triple,Girls,Required,Preferred,Required,Required,Not Required,Not Required,Required,Not Required,Any
U0942,Student,Gujarat,Vadodara,LM0222,4800,8800,Shared,Double,Boys,Preferred,Preferred,Preferred,Preferred,Not Required,Required,Required,Required,Any
U0943,Working Professional,Gujarat,Vadodara,LM0243,11300,20600,Private,Double,Girls,Preferred,Required,Preferred,Not Required,Preferred,Preferred,Preferred,Required,Fully Furnished
U0944,Student,Gujarat,Vadodara,LM0250,6300,11900,Shared,Triple,Girls,Preferred,Required,Preferred,Preferred,Preferred,Preferred,Preferred,Preferred,Any
U0945,Student,Gujarat,Vadodara,LM0234,6100,8700,Shared,Double,Girls,Preferred,Required,Preferred,Required,Not Required,Not Required,Required,Required,Any
U0946,Student,Gujarat,Vadodara,LM0240,6500,11100,Private,Single,Boys,Required,Required,Required,Required,Preferred,Preferred,Required,Required,Unfurnished
U0947,Student,Gujarat,Vadodara,LM0235,4200,9100,Dormitory,Dormitory,Girls,Required,Required,Preferred,Required,Not Required,Preferred,Required,Required,Semi Furnished
U0948,Working Professional,Gujarat,Vadodara,LM0259,8100,15100,Shared,Triple,Girls,Preferred,Preferred,Required,Required,Preferred,Not Required,Required,Required,Any
U0949,Student,Gujarat,Vadodara,LM0260,5500,11200,Private,Double,Boys,Preferred,Not Required,Required,Preferred,Not Required,Preferred,Preferred,Required,Fully Furnished
U0950,Student,Gujarat,Vadodara,LM0260,6100,9800,Shared,Triple,Girls,Required,Required,Not Required,Preferred,Not Required,Not Required,Required,Preferred,Fully Furnished
U0951,Working Professional,Gujarat,Vadodara,LM0245,10900,18800,Shared,Triple,Girls,Preferred,Preferred,Preferred,Required,Preferred,Required,Required,Preferred,Fully Furnished
U0952,Student,Gujarat,Vadodara,LM0251,5900,9000,Shared,Triple,Boys,Required,Required,Required,Preferred,Not Required,Preferred,Required,Not Required,Unfurnished
U0953,Student,Gujarat,Vadodara,LM0254,3700,8100,Private,Single,Girls,Not Required,Preferred,Required,Preferred,Preferred,Required,Required,Not Required,Fully Furnished
U0954,Student,Gujarat,Vadodara,LM0244,3800,8300,Private,Single,Girls,Preferred,Required,Preferred,Required,Not Required,Required,Preferred,Preferred,Fully Furnished
U0955,Student,Gujarat,Vadodara,LM0255,4600,10000,Dormitory,Dormitory,Boys,Preferred,Preferred,Required,Preferred,Not Required,Preferred,Required,Not Required,Any
U0956,Student,Gujarat,Vadodara,LM0255,3900,9200,Shared,Triple,Coed,Not Required,Required,Required,Preferred,Preferred,Required,Preferred,Required,Semi Furnished
U0957,Working Professional,Gujarat,Vadodara,LM0258,7400,13800,Private,Double,Girls,Preferred,Required,Required,Preferred,Not Required,Not Required,Preferred,Required,Any
U0958,Student,Gujarat,Vadodara,LM0224,3600,6200,Private,Double,Girls,Not Required,Preferred,Preferred,Required,Not Required,Required,Preferred,Required,Fully Furnished
U0959,Working Professional,Gujarat,Vadodara,LM0233,7900,13200,Private,Single,Girls,Required,Required,Required,Required,Not Required,Preferred,Required,Not Required,Semi Furnished
U0960,Working Professional,Gujarat,Vadodara,LM0230,9900,17400,Private,Single,Coed,Required,Required,Preferred,Preferred,Not Required,Preferred,Preferred,Required,Semi Furnished
U0961,Student,Gujarat,Vadodara,LM0222,6300,10900,Shared,Triple,Girls,Required,Required,Preferred,Required,Not Required,Preferred,Preferred,Preferred,Semi Furnished
U0962,Student,Gujarat,Vadodara,LM0239,4100,8400,Dormitory,Dormitory,Girls,Required,Required,Preferred,Required,Not Required,Required,Preferred,Preferred,Any
U0963,Student,Gujarat,Vadodara,LM0247,3900,9000,Dormitory,Dormitory,Boys,Preferred,Preferred,Required,Required,Not Required,Preferred,Required,Required,Semi Furnished
U0964,Working Professional,Gujarat,Vadodara,LM0252,9700,14700,Shared,Triple,Girls,Preferred,Required,Required,Preferred,Preferred,Preferred,Preferred,Preferred,Fully Furnished
U0965,Student,Gujarat,Vadodara,LM0230,3900,9700,Dormitory,Dormitory,Boys,Required,Required,Preferred,Preferred,Preferred,Preferred,Preferred,Required,Semi Furnished
U0966,Working Professional,Gujarat,Vadodara,LM0260,8700,18000,Private,Double,Girls,Required,Required,Required,Required,Preferred,Required,Preferred,Required,Any
U0967,Student,Gujarat,Vadodara,LM0239,3800,7300,Dormitory,Dormitory,Coed,Required,Preferred,Required,Not Required,Not Required,Preferred,Preferred,Required,Semi Furnished
U0968,Working Professional,Gujarat,Vadodara,LM0257,7300,14500,Private,Single,Girls,Required,Preferred,Not Required,Required,Preferred,Required,Not Required,Required,Semi Furnished
U0969,Working Professional,Gujarat,Vadodara,LM0243,11500,19700,Private,Double,Boys,Required,Not Required,Required,Preferred,Not Required,Preferred,Preferred,Preferred,Semi Furnished
U0970,Student,Gujarat,Vadodara,LM0231,3700,7200,Shared,Triple,Boys,Not Required,Required,Preferred,Preferred,Not Required,Preferred,Required,Not Required,Any
U0971,Working Professional,Gujarat,Vadodara,LM0239,8800,16800,Private,Double,Coed,Preferred,Required,Required,Preferred,Preferred,Preferred,Preferred,Required,Semi Furnished
U0972,Working Professional,Gujarat,Vadodara,LM0227,11000,17200,Private,Single,Girls,Required,Required,Preferred,Required,Preferred,Required,Required,Required,Fully Furnished
U0973,Working Professional,Gujarat,Vadodara,LM0257,7200,17200,Shared,Triple,Girls,Required,Required,Required,Required,Required,Required,Not Required,Required,Fully Furnished
U0974,Student,Gujarat,Vadodara,LM0222,3900,9400,Shared,Triple,Coed,Required,Required,Preferred,Required,Not Required,Required,Preferred,Required,Any
U0975,Student,Gujarat,Vadodara,LM0227,4800,9400,Shared,Triple,Girls,Required,Required,Required,Required,Not Required,Not Required,Not Required,Required,Semi Furnished
U0976,Student,Gujarat,Vadodara,LM0255,4900,10300,Shared,Triple,Boys,Not Required,Preferred,Preferred,Preferred,Not Required,Preferred,Not Required,Required,Fully Furnished
U0977,Student,Gujarat,Vadodara,LM0240,3900,7100,Shared,Double,Boys,Preferred,Preferred,Required,Preferred,Preferred,Preferred,Preferred,Preferred,Semi Furnished
U0978,Student,Gujarat,Vadodara,LM0244,3600,8800,Shared,Triple,Girls,Preferred,Required,Required,Preferred,Not Required,Preferred,Required,Preferred,Semi Furnished
U0979,Working Professional,Gujarat,Vadodara,LM0260,9500,14700,Private,Single,Coed,Required,Required,Required,Required,Required,Required,Required,Required,Fully Furnished
U0980,Working Professional,Gujarat,Vadodara,LM0259,9200,14000,Shared,Triple,Boys,Required,Preferred,Required,Required,Preferred,Required,Preferred,Required,Fully Furnished
U0981,Working Professional,Gujarat,Vadodara,LM0249,7000,14600,Shared,Double,Boys,Preferred,Preferred,Required,Required,Not Required,Required,Required,Required,Semi Furnished
U0982,Student,Gujarat,Vadodara,LM0225,6300,10100,Private,Single,Girls,Not Required,Required,Required,Preferred,Not Required,Preferred,Not Required,Required,Fully Furnished
U0983,Student,Gujarat,Vadodara,LM0247,5400,10300,Shared,Triple,Boys,Preferred,Required,Required,Required,Not Required,Required,Required,Preferred,Semi Furnished
U0984,Student,Gujarat,Vadodara,LM0245,6200,12000,Dormitory,Dormitory,Coed,Preferred,Required,Required,Required,Not Required,Preferred,Preferred,Required,Semi Furnished
U0985,Student,Gujarat,Vadodara,LM0248,6100,8900,Private,Double,Girls,Required,Preferred,Required,Required,Not Required,Not Required,Required,Required,Semi Furnished
U0986,Student,Gujarat,Vadodara,LM0241,4000,8900,Shared,Triple,Boys,Preferred,Preferred,Required,Preferred,Not Required,Required,Preferred,Not Required,Unfurnished
U0987,Student,Gujarat,Vadodara,LM0247,4600,9300,Shared,Double,Girls,Not Required,Preferred,Required,Preferred,Not Required,Preferred,Preferred,Required,Any
U0988,Student,Gujarat,Vadodara,LM0260,4300,7100,Shared,Triple,Boys,Required,Required,Required,Required,Not Required,Preferred,Preferred,Required,Semi Furnished
U0989,Student,Gujarat,Vadodara,LM0231,6500,11500,Shared,Double,Boys,Preferred,Required,Required,Required,Not Required,Not Required,Preferred,Preferred,Semi Furnished
U0990,Working Professional,Gujarat,Vadodara,LM0252,7400,13500,Private,Single,Boys,Not Required,Required,Required,Preferred,Required,Required,Required,Required,Fully Furnished
U0991,Working Professional,Gujarat,Vadodara,LM0232,7200,15600,Private,Double,Girls,Required,Required,Required,Not Required,Preferred,Not Required,Preferred,Not Required,Any
U0992,Working Professional,Gujarat,Vadodara,LM0256,7800,15100,Private,Double,Girls,Required,Preferred,Preferred,Required,Required,Required,Required,Preferred,Any
U0993,Working Professional,Gujarat,Vadodara,LM0228,11900,18700,Shared,Triple,Boys,Preferred,Not Required,Required,Required,Not Required,Preferred,Preferred,Preferred,Semi Furnished
U0994,Working Professional,Gujarat,Vadodara,LM0253,7600,16400,Shared,Triple,Girls,Required,Required,Required,Preferred,Preferred,Preferred,Preferred,Preferred,Fully Furnished
U0995,Working Professional,Gujarat,Vadodara,LM0242,9000,18100,Shared,Double,Boys,Preferred,Required,Preferred,Required,Required,Required,Preferred,Not Required,Semi Furnished
U0996,Student,Gujarat,Vadodara,LM0236,3800,9100,Shared,Triple,Girls,Required,Required,Required,Required,Not Required,Preferred,Preferred,Required,Fully Furnished
U0997,Student,Gujarat,Vadodara,LM0242,4000,7800,Private,Single,Coed,Not Required,Not Required,Preferred,Required,Not Required,Preferred,Preferred,Required,Semi Furnished
U0998,Working Professional,Gujarat,Vadodara,LM0259,11500,16100,Private,Double,Girls,Required,Preferred,Required,Preferred,Preferred,Preferred,Preferred,Required,Semi Furnished
U0999,Student,Gujarat,Vadodara,LM0255,4700,9700,Shared,Double,Girls,Not Required,Required,Required,Required,Not Required,Preferred,Required,Required,Any
U1000,Working Professional,Gujarat,Vadodara,LM0234,10100,16700,Private,Single,Boys,Required,Preferred,Required,Required,Not Required,Preferred,Required,Required,Any
U1001,Working Professional,Gujarat,Vadodara,LM0233,10600,16700,Private,Single,Coed,Required,Required,Preferred,Preferred,Preferred,Preferred,Preferred,Preferred,Semi Furnished
U1002,Student,Gujarat,Vadodara,LM0250,3800,8600,Shared,Double,Girls,Not Required,Required,Preferred,Required,Not Required,Preferred,Not Required,Preferred,Fully Furnished
U1003,Student,Gujarat,Vadodara,LM0235,5500,8500,Shared,Triple,Boys,Required,Required,Required,Required,Required,Preferred,Required,Required,Any
U1004,Working Professional,Gujarat,Vadodara,LM0256,7300,14700,Private,Single,Coed,Required,Required,Required,Preferred,Required,Preferred,Required,Required,Semi Furnished
U1005,Student,Gujarat,Vadodara,LM0257,4000,7400,Shared,Triple,Boys,Preferred,Preferred,Required,Preferred,Not Required,Required,Required,Required,Semi Furnished
U1006,Student,Gujarat,Vadodara,LM0254,3800,8700,Shared,Triple,Girls,Required,Preferred,Required,Required,Required,Not Required,Required,Required,Fully Furnished
U1007,Student,Gujarat,Vadodara,LM0230,4300,9100,Shared,Triple,Coed,Preferred,Preferred,Required,Preferred,Not Required,Preferred,Preferred,Required,Fully Furnished
U1008,Student,Gujarat,Vadodara,LM0248,3900,9300,Shared,Triple,Girls,Not Required,Preferred,Required,Preferred,Not Required,Required,Preferred,Not Required,Any
U1009,Student,Gujarat,Vadodara,LM0229,5300,11100,Private,Double,Boys,Preferred,Preferred,Required,Required,Required,Preferred,Not Required,Required,Semi Furnished
U1010,Student,Gujarat,Vadodara,LM0251,4600,8800,Shared,Double,Girls,Preferred,Preferred,Preferred,Required,Not Required,Required,Preferred,Required,Fully Furnished
U1011,Student,Gujarat,Vadodara,LM0249,5600,8800,Shared,Triple,Girls,Required,Required,Not Required,Required,Not Required,Required,Not Required,Required,Fully Furnished
U1012,Working Professional,Gujarat,Vadodara,LM0250,8200,16300,Shared,Double,Boys,Not Required,Required,Required,Preferred,Required,Preferred,Preferred,Required,Fully Furnished
U1013,Working Professional,Gujarat,Vadodara,LM0230,7800,12600,Private,Single,Coed,Not Required,Required,Not Required,Not Required,Required,Required,Required,Required,Any
U1014,Working Professional,Gujarat,Vadodara,LM0222,11000,17800,Private,Double,Boys,Preferred,Required,Required,Required,Required,Required,Preferred,Preferred,Semi Furnished
U1015,Working Professional,Gujarat,Vadodara,LM0256,9200,15300,Private,Single,Coed,Not Required,Preferred,Preferred,Preferred,Required,Required,Preferred,Required,Fully Furnished
U1016,Student,Gujarat,Vadodara,LM0258,5100,8200,Shared,Double,Boys,Not Required,Not Required,Required,Preferred,Not Required,Required,Preferred,Required,Fully Furnished
U1017,Working Professional,Gujarat,Vadodara,LM0227,9500,17800,Shared,Triple,Boys,Preferred,Required,Required,Required,Preferred,Preferred,Required,Required,Fully Furnished
U1018,Student,Gujarat,Vadodara,LM0257,6400,10600,Private,Double,Boys,Preferred,Preferred,Required,Preferred,Preferred,Required,Preferred,Required,Unfurnished
U1019,Working Professional,Gujarat,Vadodara,LM0245,11400,16800,Shared,Triple,Girls,Required,Required,Preferred,Not Required,Not Required,Preferred,Preferred,Required,Semi Furnished
U1020,Student,Gujarat,Vadodara,LM0248,3500,6700,Shared,Triple,Girls,Preferred,Preferred,Required,Preferred,Not Required,Preferred,Preferred,Required,Semi Furnished
U1021,Working Professional,Gujarat,Vadodara,LM0251,10800,15100,Private,Single,Girls,Required,Not Required,Required,Not Required,Required,Preferred,Required,Required,Fully Furnished
U1022,Working Professional,Gujarat,Vadodara,LM0258,9600,16100,Shared,Double,Girls,Required,Required,Required,Preferred,Required,Required,Preferred,Required,Fully Furnished
U1023,Student,Gujarat,Vadodara,LM0246,4000,9500,Dormitory,Dormitory,Girls,Not Required,Not Required,Required,Preferred,Preferred,Preferred,Preferred,Required,Fully Furnished
U1024,Student,Gujarat,Vadodara,LM0226,3700,9200,Dormitory,Dormitory,Girls,Preferred,Required,Preferred,Required,Preferred,Required,Required,Preferred,Fully Furnished
U1025,Student,Gujarat,Vadodara,LM0246,5300,9300,Dormitory,Dormitory,Coed,Preferred,Not Required,Required,Preferred,Not Required,Required,Required,Required,Semi Furnished
U1026,Working Professional,Gujarat,Vadodara,LM0237,11000,17600,Private,Single,Coed,Required,Required,Required,Preferred,Preferred,Preferred,Preferred,Preferred,Semi Furnished
U1027,Working Professional,Gujarat,Vadodara,LM0235,7400,13500,Private,Double,Girls,Preferred,Required,Required,Required,Required,Not Required,Preferred,Preferred,Fully Furnished
U1028,Student,Gujarat,Vadodara,LM0240,6100,9400,Shared,Double,Boys,Preferred,Required,Required,Preferred,Not Required,Not Required,Preferred,Preferred,Any
U1029,Working Professional,Gujarat,Vadodara,LM0227,9900,16400,Shared,Double,Coed,Preferred,Required,Preferred,Required,Preferred,Preferred,Required,Required,Semi Furnished
U1030,Working Professional,Gujarat,Vadodara,LM0224,8900,16500,Private,Single,Girls,Required,Required,Preferred,Preferred,Preferred,Preferred,Preferred,Required,Fully Furnished
U1031,Student,Gujarat,Vadodara,LM0223,6200,9500,Shared,Double,Coed,Required,Preferred,Required,Preferred,Preferred,Required,Required,Required,Any
U1032,Working Professional,Gujarat,Vadodara,LM0259,8700,16200,Shared,Double,Boys,Preferred,Preferred,Preferred,Required,Not Required,Preferred,Preferred,Preferred,Fully Furnished
U1033,Working Professional,Gujarat,Vadodara,LM0224,9100,17600,Shared,Triple,Boys,Required,Required,Required,Required,Required,Preferred,Not Required,Required,Fully Furnished
U1034,Working Professional,Gujarat,Vadodara,LM0258,7700,12000,Shared,Double,Girls,Required,Required,Required,Preferred,Not Required,Required,Not Required,Required,Semi Furnished
U1035,Working Professional,Gujarat,Vadodara,LM0240,8100,14300,Shared,Triple,Boys,Required,Preferred,Preferred,Preferred,Required,Preferred,Required,Required,Semi Furnished
U1036,Working Professional,Gujarat,Vadodara,LM0235,11500,17900,Private,Double,Boys,Required,Required,Required,Required,Required,Preferred,Required,Required,Fully Furnished
U1037,Student,Gujarat,Vadodara,LM0259,5400,11300,Shared,Double,Girls,Not Required,Required,Not Required,Required,Preferred,Required,Preferred,Required,Semi Furnished
U1038,Student,Gujarat,Vadodara,LM0244,3600,9400,Shared,Double,Girls,Required,Required,Required,Preferred,Not Required,Not Required,Preferred,Required,Fully Furnished
U1039,Working Professional,Gujarat,Vadodara,LM0228,11700,19800,Private,Double,Boys,Required,Required,Required,Preferred,Required,Preferred,Preferred,Required,Semi Furnished
U1040,Student,Gujarat,Vadodara,LM0241,6300,9300,Shared,Triple,Girls,Preferred,Required,Required,Preferred,Preferred,Preferred,Required,Required,Semi Furnished
U1041,Working Professional,Gujarat,Vadodara,LM0243,11200,20500,Private,Single,Girls,Preferred,Required,Required,Preferred,Not Required,Required,Required,Preferred,Semi Furnished
U1042,Student,Gujarat,Vadodara,LM0231,5200,8200,Shared,Triple,Girls,Preferred,Preferred,Not Required,Required,Not Required,Not Required,Required,Required,Unfurnished
U1043,Student,Gujarat,Vadodara,LM0245,4500,8300,Shared,Triple,Girls,Required,Required,Required,Preferred,Not Required,Not Required,Required,Not Required,Unfurnished
U1044,Student,Gujarat,Vadodara,LM0259,6200,10900,Shared,Triple,Girls,Not Required,Required,Required,Required,Not Required,Required,Not Required,Required,Semi Furnished
U1045,Student,Gujarat,Vadodara,LM0241,6400,10900,Shared,Double,Girls,Not Required,Required,Required,Not Required,Not Required,Not Required,Preferred,Required,Semi Furnished
U1046,Working Professional,Gujarat,Vadodara,LM0254,10800,18800,Shared,Triple,Boys,Required,Required,Preferred,Required,Preferred,Preferred,Required,Required,Fully Furnished
U1047,Student,Gujarat,Vadodara,LM0257,3600,8700,Private,Double,Boys,Preferred,Required,Required,Preferred,Not Required,Preferred,Not Required,Required,Semi Furnished
U1048,Working Professional,Gujarat,Vadodara,LM0249,11000,17300,Private,Single,Boys,Required,Preferred,Required,Required,Required,Required,Required,Not Required,Semi Furnished
U1049,Working Professional,Gujarat,Vadodara,LM0239,8600,13100,Shared,Triple,Boys,Required,Preferred,Required,Required,Not Required,Required,Required,Required,Any
U1050,Student,Gujarat,Vadodara,LM0241,4200,7900,Dormitory,Dormitory,Boys,Preferred,Required,Required,Preferred,Not Required,Not Required,Required,Required,Any
U1051,Working Professional,Gujarat,Vadodara,LM0254,8400,13600,Shared,Double,Boys,Not Required,Required,Preferred,Preferred,Preferred,Not Required,Required,Required,Fully Furnished
U1052,Working Professional,Gujarat,Vadodara,LM0222,11800,20700,Shared,Triple,Coed,Not Required,Preferred,Preferred,Preferred,Required,Preferred,Required,Not Required,Fully Furnished
U1053,Student,Gujarat,Vadodara,LM0255,6200,10500,Dormitory,Dormitory,Boys,Preferred,Preferred,Preferred,Preferred,Not Required,Required,Preferred,Required,Fully Furnished
U1054,Working Professional,Gujarat,Vadodara,LM0229,10200,15900,Private,Double,Coed,Required,Not Required,Preferred,Required,Required,Preferred,Required,Required,Any
U1055,Student,Gujarat,Vadodara,LM0238,5400,9700,Shared,Double,Boys,Preferred,Required,Preferred,Required,Not Required,Required,Preferred,Required,Any
U1056,Working Professional,Gujarat,Vadodara,LM0225,9700,19400,Shared,Triple,Boys,Required,Required,Preferred,Required,Preferred,Required,Preferred,Required,Semi Furnished
U1057,Student,Gujarat,Vadodara,LM0246,4200,8900,Shared,Triple,Girls,Not Required,Required,Required,Required,Not Required,Required,Preferred,Preferred,Any
U1058,Working Professional,Gujarat,Vadodara,LM0246,11000,19000,Shared,Triple,Girls,Required,Required,Required,Required,Preferred,Required,Required,Required,Semi Furnished
U1059,Working Professional,Gujarat,Vadodara,LM0247,11400,16900,Shared,Triple,Boys,Required,Preferred,Preferred,Preferred,Not Required,Preferred,Required,Preferred,Fully Furnished
U1060,Student,Gujarat,Vadodara,LM0223,4800,10000,Shared,Triple,Boys,Required,Required,Preferred,Preferred,Not Required,Preferred,Required,Required,Fully Furnished
U1061,Student,Gujarat,Vadodara,LM0239,5000,9200,Shared,Triple,Boys,Preferred,Not Required,Required,Not Required,Not Required,Required,Preferred,Required,Fully Furnished
U1062,Student,Gujarat,Vadodara,LM0252,4400,9700,Shared,Double,Boys,Preferred,Required,Required,Required,Preferred,Required,Required,Preferred,Semi Furnished
U1063,Working Professional,Gujarat,Vadodara,LM0260,10600,16600,Private,Double,Girls,Required,Not Required,Not Required,Not Required,Required,Preferred,Required,Preferred,Fully Furnished
U1064,Student,Gujarat,Vadodara,LM0222,5600,10700,Shared,Double,Boys,Preferred,Required,Required,Preferred,Not Required,Required,Required,Required,Fully Furnished
U1065,Working Professional,Gujarat,Vadodara,LM0254,10200,16100,Private,Double,Girls,Preferred,Preferred,Required,Preferred,Required,Not Required,Required,Preferred,Any
U1066,Student,Gujarat,Vadodara,LM0222,4700,9300,Shared,Double,Boys,Not Required,Preferred,Required,Preferred,Preferred,Not Required,Preferred,Preferred,Semi Furnished
U1067,Student,Gujarat,Vadodara,LM0255,4100,9000,Private,Single,Girls,Preferred,Preferred,Required,Preferred,Not Required,Not Required,Preferred,Required,Fully Furnished
U1068,Working Professional,Gujarat,Vadodara,LM0252,10700,19600,Private,Double,Boys,Required,Preferred,Required,Preferred,Required,Preferred,Preferred,Required,Fully Furnished
U1069,Student,Gujarat,Vadodara,LM0238,5000,7700,Shared,Triple,Boys,Required,Required,Required,Not Required,Not Required,Preferred,Required,Required,Any
U1070,Student,Gujarat,Vadodara,LM0248,5400,9200,Dormitory,Dormitory,Boys,Required,Required,Required,Preferred,Not Required,Preferred,Required,Required,Semi Furnished
U1071,Working Professional,Gujarat,Vadodara,LM0238,7600,12200,Private,Double,Girls,Required,Required,Preferred,Required,Required,Not Required,Preferred,Preferred,Semi Furnished
U1072,Student,Gujarat,Vadodara,LM0222,5300,8200,Shared,Double,Boys,Required,Required,Not Required,Preferred,Not Required,Preferred,Preferred,Required,Any
U1073,Student,Gujarat,Vadodara,LM0245,4500,9000,Shared,Double,Girls,Required,Preferred,Required,Required,Not Required,Required,Not Required,Required,Unfurnished
U1074,Student,Gujarat,Vadodara,LM0230,6000,8500,Shared,Triple,Boys,Preferred,Required,Required,Required,Not Required,Not Required,Preferred,Required,Fully Furnished
U1075,Student,Gujarat,Vadodara,LM0234,3900,6700,Shared,Triple,Coed,Preferred,Not Required,Required,Preferred,Preferred,Preferred,Required,Required,Semi Furnished
U1076,Student,Gujarat,Vadodara,LM0236,6400,9800,Shared,Triple,Girls,Required,Preferred,Required,Preferred,Not Required,Preferred,Required,Preferred,Semi Furnished
U1077,Student,Gujarat,Vadodara,LM0243,3600,7800,Shared,Triple,Coed,Required,Required,Required,Required,Required,Not Required,Preferred,Preferred,Fully Furnished
U1078,Working Professional,Gujarat,Vadodara,LM0248,7700,17500,Shared,Double,Boys,Required,Required,Not Required,Preferred,Preferred,Preferred,Preferred,Preferred,Semi Furnished
U1079,Student,Gujarat,Vadodara,LM0233,4200,7100,Shared,Double,Boys,Not Required,Required,Required,Preferred,Not Required,Not Required,Required,Required,Any
U1080,Working Professional,Maharashtra,Navi Mumbai,LM0280,9900,18100,Shared,Triple,Girls,Required,Required,Preferred,Required,Preferred,Preferred,Preferred,Required,Semi Furnished
U1081,Working Professional,Maharashtra,Navi Mumbai,LM0287,7600,17200,Private,Double,Girls,Preferred,Preferred,Preferred,Required,Preferred,Not Required,Preferred,Required,Semi Furnished
U1082,Student,Maharashtra,Navi Mumbai,LM0274,4400,8000,Dormitory,Dormitory,Girls,Preferred,Required,Required,Required,Not Required,Preferred,Required,Required,Semi Furnished
U1083,Student,Maharashtra,Navi Mumbai,LM0277,6200,8900,Shared,Triple,Boys,Not Required,Required,Required,Preferred,Not Required,Required,Required,Preferred,Semi Furnished
U1084,Working Professional,Maharashtra,Navi Mumbai,LM0271,9000,15200,Private,Single,Boys,Preferred,Required,Required,Required,Preferred,Preferred,Preferred,Required,Fully Furnished
U1085,Working Professional,Maharashtra,Navi Mumbai,LM0282,9300,15500,Private,Double,Girls,Required,Required,Required,Required,Preferred,Not Required,Required,Required,Fully Furnished
U1086,Student,Maharashtra,Navi Mumbai,LM0268,6200,11500,Dormitory,Dormitory,Coed,Required,Required,Required,Required,Not Required,Preferred,Preferred,Required,Semi Furnished
U1087,Student,Maharashtra,Navi Mumbai,LM0267,4000,9300,Dormitory,Dormitory,Boys,Preferred,Required,Required,Required,Not Required,Preferred,Required,Preferred,Any
U1088,Working Professional,Maharashtra,Navi Mumbai,LM0279,11100,17700,Private,Single,Boys,Required,Required,Required,Preferred,Preferred,Not Required,Preferred,Required,Fully Furnished
U1089,Student,Maharashtra,Navi Mumbai,LM0261,3500,8800,Shared,Triple,Boys,Preferred,Preferred,Required,Preferred,Not Required,Not Required,Preferred,Preferred,Semi Furnished
U1090,Working Professional,Maharashtra,Navi Mumbai,LM0266,8300,16900,Private,Single,Boys,Required,Preferred,Required,Preferred,Preferred,Preferred,Required,Required,Any
U1091,Working Professional,Maharashtra,Navi Mumbai,LM0288,11100,16300,Shared,Triple,Boys,Required,Required,Required,Not Required,Preferred,Required,Preferred,Required,Fully Furnished
U1092,Student,Maharashtra,Navi Mumbai,LM0281,3500,8300,Shared,Triple,Boys,Not Required,Preferred,Preferred,Preferred,Not Required,Preferred,Not Required,Preferred,Any
U1093,Student,Maharashtra,Navi Mumbai,LM0283,6200,9800,Dormitory,Dormitory,Coed,Required,Not Required,Required,Preferred,Not Required,Required,Required,Preferred,Semi Furnished
U1094,Student,Maharashtra,Navi Mumbai,LM0283,4000,9400,Shared,Triple,Boys,Preferred,Required,Required,Preferred,Not Required,Required,Preferred,Required,Unfurnished
U1095,Working Professional,Maharashtra,Navi Mumbai,LM0264,7000,16000,Shared,Triple,Boys,Preferred,Not Required,Preferred,Required,Required,Not Required,Required,Required,Fully Furnished
U1096,Working Professional,Maharashtra,Navi Mumbai,LM0290,8400,16600,Private,Single,Boys,Required,Preferred,Required,Required,Preferred,Preferred,Required,Preferred,Semi Furnished
U1097,Student,Maharashtra,Navi Mumbai,LM0292,4100,8900,Shared,Triple,Boys,Preferred,Required,Preferred,Preferred,Not Required,Required,Required,Required,Fully Furnished
U1098,Working Professional,Maharashtra,Navi Mumbai,LM0293,9400,14500,Private,Double,Girls,Required,Preferred,Preferred,Preferred,Required,Preferred,Preferred,Required,Semi Furnished
U1099,Student,Maharashtra,Navi Mumbai,LM0293,3600,7500,Shared,Triple,Coed,Preferred,Required,Required,Preferred,Not Required,Preferred,Preferred,Required,Semi Furnished
U1100,Student,Maharashtra,Navi Mumbai,LM0264,6300,8800,Private,Double,Boys,Required,Required,Preferred,Required,Not Required,Preferred,Preferred,Required,Semi Furnished
U1101,Working Professional,Maharashtra,Navi Mumbai,LM0269,10800,20600,Private,Single,Boys,Required,Not Required,Preferred,Preferred,Preferred,Preferred,Preferred,Required,Fully Furnished
U1102,Student,Maharashtra,Navi Mumbai,LM0292,5100,9300,Dormitory,Dormitory,Boys,Preferred,Required,Required,Preferred,Not Required,Required,Required,Required,Any
U1103,Working Professional,Maharashtra,Navi Mumbai,LM0288,7800,12100,Private,Double,Boys,Required,Required,Required,Required,Required,Required,Required,Required,Fully Furnished
U1104,Student,Maharashtra,Navi Mumbai,LM0285,6300,10200,Shared,Double,Coed,Preferred,Preferred,Required,Preferred,Not Required,Preferred,Required,Required,Semi Furnished
U1105,Working Professional,Maharashtra,Navi Mumbai,LM0290,10200,16500,Shared,Double,Boys,Required,Required,Preferred,Required,Required,Preferred,Preferred,Preferred,Any
U1106,Working Professional,Maharashtra,Navi Mumbai,LM0269,11800,17700,Private,Single,Boys,Preferred,Not Required,Required,Preferred,Required,Required,Preferred,Not Required,Fully Furnished
U1107,Student,Maharashtra,Navi Mumbai,LM0279,4100,9500,Private,Double,Coed,Not Required,Preferred,Required,Preferred,Not Required,Required,Preferred,Preferred,Semi Furnished
U1108,Student,Maharashtra,Navi Mumbai,LM0283,3600,6500,Private,Single,Boys,Preferred,Preferred,Preferred,Preferred,Preferred,Preferred,Preferred,Required,Semi Furnished
U1109,Working Professional,Maharashtra,Navi Mumbai,LM0294,9000,18100,Shared,Double,Boys,Required,Required,Required,Required,Preferred,Preferred,Required,Required,Any
U1110,Student,Maharashtra,Navi Mumbai,LM0283,5500,9700,Shared,Double,Girls,Not Required,Required,Required,Preferred,Not Required,Not Required,Preferred,Preferred,Semi Furnished
U1111,Student,Maharashtra,Navi Mumbai,LM0287,5700,9800,Shared,Double,Boys,Required,Preferred,Required,Required,Not Required,Not Required,Preferred,Required,Fully Furnished
U1112,Student,Maharashtra,Navi Mumbai,LM0268,3900,9000,Shared,Double,Boys,Preferred,Preferred,Required,Not Required,Not Required,Preferred,Preferred,Preferred,Fully Furnished
U1113,Student,Maharashtra,Navi Mumbai,LM0283,6500,10400,Shared,Triple,Girls,Preferred,Required,Required,Preferred,Not Required,Preferred,Required,Required,Fully Furnished
U1114,Working Professional,Maharashtra,Navi Mumbai,LM0273,8500,14800,Shared,Triple,Girls,Preferred,Required,Preferred,Required,Preferred,Required,Preferred,Required,Fully Furnished
U1115,Working Professional,Maharashtra,Navi Mumbai,LM0279,9300,16100,Private,Double,Girls,Required,Not Required,Required,Required,Preferred,Required,Required,Required,Fully Furnished
U1116,Student,Maharashtra,Navi Mumbai,LM0287,5100,10300,Shared,Triple,Boys,Not Required,Required,Preferred,Preferred,Preferred,Preferred,Required,Preferred,Semi Furnished
U1117,Student,Maharashtra,Navi Mumbai,LM0273,6500,11200,Private,Double,Girls,Required,Preferred,Required,Not Required,Not Required,Preferred,Required,Preferred,Fully Furnished
U1118,Working Professional,Maharashtra,Navi Mumbai,LM0282,10500,17900,Private,Single,Girls,Preferred,Preferred,Preferred,Required,Preferred,Required,Not Required,Required,Any
U1119,Working Professional,Maharashtra,Navi Mumbai,LM0289,7700,13300,Private,Double,Girls,Required,Required,Required,Required,Required,Required,Preferred,Required,Any
U1120,Student,Maharashtra,Navi Mumbai,LM0274,5600,10200,Dormitory,Dormitory,Girls,Preferred,Preferred,Preferred,Preferred,Not Required,Required,Preferred,Required,Semi Furnished
U1121,Working Professional,Maharashtra,Navi Mumbai,LM0274,9200,16000,Private,Double,Boys,Required,Required,Required,Preferred,Not Required,Not Required,Preferred,Not Required,Semi Furnished
U1122,Student,Maharashtra,Navi Mumbai,LM0273,6000,11100,Dormitory,Dormitory,Girls,Not Required,Required,Required,Preferred,Not Required,Preferred,Required,Required,Semi Furnished
U1123,Working Professional,Maharashtra,Navi Mumbai,LM0290,9200,14000,Shared,Triple,Boys,Required,Preferred,Required,Required,Required,Not Required,Preferred,Required,Semi Furnished
U1124,Student,Maharashtra,Navi Mumbai,LM0291,4400,7700,Shared,Triple,Boys,Not Required,Preferred,Preferred,Preferred,Preferred,Preferred,Preferred,Preferred,Semi Furnished
U1125,Student,Maharashtra,Navi Mumbai,LM0264,6200,9200,Dormitory,Dormitory,Girls,Not Required,Required,Required,Required,Not Required,Preferred,Required,Required,Any
U1126,Student,Maharashtra,Navi Mumbai,LM0289,6200,10300,Shared,Triple,Girls,Preferred,Required,Required,Required,Preferred,Not Required,Required,Required,Any
U1127,Student,Maharashtra,Navi Mumbai,LM0286,4200,8500,Private,Double,Girls,Required,Required,Required,Required,Required,Preferred,Preferred,Preferred,Any
U1128,Working Professional,Maharashtra,Navi Mumbai,LM0273,9800,18400,Private,Double,Girls,Preferred,Preferred,Required,Required,Not Required,Preferred,Required,Required,Any
U1129,Working Professional,Maharashtra,Navi Mumbai,LM0267,9100,13700,Private,Single,Girls,Not Required,Required,Preferred,Required,Not Required,Required,Preferred,Required,Fully Furnished
U1130,Student,Maharashtra,Navi Mumbai,LM0278,4900,7800,Shared,Triple,Boys,Not Required,Preferred,Preferred,Preferred,Not Required,Required,Not Required,Required,Fully Furnished
U1131,Student,Maharashtra,Navi Mumbai,LM0270,5500,8200,Private,Double,Girls,Preferred,Preferred,Required,Required,Not Required,Required,Required,Preferred,Unfurnished
U1132,Student,Maharashtra,Navi Mumbai,LM0282,6500,10400,Dormitory,Dormitory,Girls,Preferred,Required,Required,Not Required,Not Required,Preferred,Required,Preferred,Fully Furnished
U1133,Working Professional,Maharashtra,Navi Mumbai,LM0291,7000,16700,Shared,Double,Coed,Required,Preferred,Preferred,Preferred,Preferred,Preferred,Required,Preferred,Any
U1134,Working Professional,Maharashtra,Navi Mumbai,LM0292,8100,17200,Private,Single,Boys,Required,Preferred,Required,Required,Required,Required,Required,Required,Fully Furnished
U1135,Working Professional,Maharashtra,Navi Mumbai,LM0266,7100,14500,Shared,Double,Boys,Required,Required,Not Required,Preferred,Preferred,Preferred,Required,Required,Semi Furnished
U1136,Student,Maharashtra,Navi Mumbai,LM0272,5600,8600,Shared,Double,Girls,Required,Not Required,Required,Required,Not Required,Not Required,Preferred,Required,Any
U1137,Student,Maharashtra,Navi Mumbai,LM0269,5100,8800,Private,Double,Girls,Not Required,Required,Required,Required,Not Required,Not Required,Preferred,Required,Semi Furnished
U1138,Student,Maharashtra,Navi Mumbai,LM0294,5500,9400,Shared,Double,Boys,Required,Required,Required,Preferred,Not Required,Preferred,Required,Required,Semi Furnished
U1139,Student,Maharashtra,Navi Mumbai,LM0274,5700,9300,Shared,Double,Girls,Required,Preferred,Required,Preferred,Preferred,Required,Not Required,Required,Semi Furnished
U1140,Student,Maharashtra,Navi Mumbai,LM0263,3800,6800,Shared,Triple,Girls,Required,Required,Preferred,Required,Preferred,Required,Preferred,Required,Any
U1141,Working Professional,Maharashtra,Navi Mumbai,LM0287,9500,17000,Shared,Double,Boys,Required,Preferred,Required,Required,Required,Preferred,Preferred,Preferred,Semi Furnished
U1142,Student,Maharashtra,Navi Mumbai,LM0269,5300,8300,Shared,Double,Girls,Preferred,Not Required,Required,Preferred,Not Required,Required,Preferred,Required,Any
U1143,Student,Maharashtra,Navi Mumbai,LM0270,5000,10400,Shared,Double,Girls,Not Required,Required,Required,Required,Required,Required,Required,Preferred,Fully Furnished
U1144,Working Professional,Maharashtra,Navi Mumbai,LM0262,8400,15600,Private,Single,Boys,Not Required,Required,Preferred,Preferred,Not Required,Required,Preferred,Preferred,Any
U1145,Student,Maharashtra,Navi Mumbai,LM0261,4000,8700,Private,Single,Boys,Not Required,Required,Preferred,Preferred,Preferred,Required,Required,Required,Semi Furnished
U1146,Working Professional,Maharashtra,Navi Mumbai,LM0291,7200,16400,Private,Double,Boys,Preferred,Preferred,Required,Preferred,Preferred,Preferred,Not Required,Preferred,Fully Furnished
U1147,Working Professional,Maharashtra,Navi Mumbai,LM0263,9300,15900,Private,Single,Boys,Preferred,Preferred,Required,Required,Preferred,Preferred,Required,Preferred,Fully Furnished
U1148,Student,Maharashtra,Navi Mumbai,LM0263,4000,6900,Shared,Triple,Girls,Required,Required,Required,Not Required,Not Required,Preferred,Required,Required,Fully Furnished
U1149,Student,Maharashtra,Navi Mumbai,LM0285,4400,10300,Shared,Triple,Girls,Required,Required,Preferred,Required,Not Required,Required,Required,Required,Fully Furnished
U1150,Student,Maharashtra,Navi Mumbai,LM0275,4800,8300,Shared,Triple,Boys,Not Required,Required,Required,Required,Not Required,Preferred,Required,Not Required,Fully Furnished
U1151,Student,Maharashtra,Navi Mumbai,LM0292,5400,8100,Shared,Triple,Girls,Preferred,Preferred,Required,Preferred,Not Required,Preferred,Required,Preferred,Fully Furnished
U1152,Student,Maharashtra,Navi Mumbai,LM0286,5700,9000,Shared,Double,Coed,Preferred,Preferred,Required,Preferred,Not Required,Not Required,Required,Preferred,Any
U1153,Student,Maharashtra,Navi Mumbai,LM0287,3700,7300,Private,Double,Girls,Not Required,Required,Not Required,Required,Not Required,Preferred,Preferred,Required,Fully Furnished
U1154,Working Professional,Maharashtra,Navi Mumbai,LM0283,7600,13300,Private,Single,Girls,Required,Not Required,Required,Preferred,Not Required,Required,Not Required,Not Required,Semi Furnished
U1155,Student,Maharashtra,Navi Mumbai,LM0277,5400,10800,Shared,Triple,Coed,Not Required,Preferred,Required,Required,Not Required,Preferred,Preferred,Required,Any
U1156,Working Professional,Maharashtra,Navi Mumbai,LM0275,9800,14100,Private,Single,Girls,Required,Not Required,Preferred,Preferred,Not Required,Preferred,Required,Required,Semi Furnished
U1157,Student,Maharashtra,Navi Mumbai,LM0288,3800,8300,Shared,Triple,Boys,Preferred,Preferred,Preferred,Preferred,Not Required,Preferred,Required,Required,Any
U1158,Student,Maharashtra,Navi Mumbai,LM0269,5500,8600,Dormitory,Dormitory,Girls,Preferred,Preferred,Not Required,Required,Preferred,Not Required,Required,Required,Fully Furnished
U1159,Working Professional,Maharashtra,Navi Mumbai,LM0273,10600,19100,Shared,Double,Girls,Required,Required,Preferred,Required,Not Required,Required,Preferred,Preferred,Semi Furnished
U1160,Student,Maharashtra,Navi Mumbai,LM0283,4600,9900,Dormitory,Dormitory,Girls,Not Required,Preferred,Required,Preferred,Not Required,Required,Preferred,Required,Fully Furnished
U1161,Student,Maharashtra,Navi Mumbai,LM0281,5600,8100,Dormitory,Dormitory,Girls,Not Required,Not Required,Required,Required,Not Required,Required,Preferred,Required,Semi Furnished
U1162,Student,Maharashtra,Navi Mumbai,LM0282,4600,8000,Dormitory,Dormitory,Girls,Preferred,Required,Preferred,Preferred,Preferred,Not Required,Required,Required,Any
U1163,Student,Maharashtra,Navi Mumbai,LM0273,5700,10700,Shared,Triple,Girls,Required,Required,Required,Preferred,Required,Not Required,Preferred,Required,Fully Furnished
U1164,Student,Maharashtra,Navi Mumbai,LM0279,4800,9900,Shared,Double,Coed,Required,Required,Preferred,Required,Preferred,Preferred,Required,Required,Semi Furnished
U1165,Student,Maharashtra,Navi Mumbai,LM0269,6500,10400,Shared,Triple,Boys,Preferred,Preferred,Required,Required,Not Required,Required,Required,Required,Any
U1166,Student,Maharashtra,Navi Mumbai,LM0270,4500,8200,Shared,Double,Girls,Preferred,Required,Required,Required,Not Required,Preferred,Preferred,Not Required,Unfurnished
U1167,Student,Maharashtra,Navi Mumbai,LM0281,6200,9700,Shared,Double,Boys,Required,Not Required,Not Required,Preferred,Not Required,Preferred,Preferred,Preferred,Semi Furnished
U1168,Working Professional,Maharashtra,Navi Mumbai,LM0278,9500,17300,Private,Double,Boys,Required,Preferred,Required,Required,Preferred,Preferred,Required,Preferred,Fully Furnished
U1169,Working Professional,Maharashtra,Navi Mumbai,LM0275,8100,14300,Shared,Triple,Boys,Preferred,Preferred,Not Required,Preferred,Required,Required,Preferred,Required,Any
U1170,Student,Maharashtra,Navi Mumbai,LM0270,4400,9000,Private,Single,Coed,Preferred,Preferred,Required,Preferred,Not Required,Not Required,Required,Required,Semi Furnished
U1171,Student,Maharashtra,Navi Mumbai,LM0273,6500,12000,Shared,Double,Girls,Required,Preferred,Not Required,Preferred,Not Required,Not Required,Preferred,Preferred,Semi Furnished
U1172,Working Professional,Maharashtra,Navi Mumbai,LM0283,10100,17100,Shared,Double,Boys,Required,Required,Required,Preferred,Not Required,Required,Preferred,Preferred,Fully Furnished
U1173,Student,Maharashtra,Navi Mumbai,LM0261,3900,7000,Shared,Double,Girls,Required,Required,Required,Required,Not Required,Required,Preferred,Required,Semi Furnished
U1174,Working Professional,Maharashtra,Navi Mumbai,LM0278,9000,13400,Private,Single,Boys,Preferred,Required,Preferred,Preferred,Required,Preferred,Required,Required,Fully Furnished
U1175,Student,Maharashtra,Navi Mumbai,LM0292,6000,8800,Shared,Triple,Girls,Preferred,Required,Preferred,Required,Not Required,Required,Required,Required,Any
U1176,Student,Maharashtra,Navi Mumbai,LM0273,5600,10200,Shared,Double,Girls,Not Required,Required,Required,Required,Not Required,Required,Required,Not Required,Fully Furnished
U1177,Student,Maharashtra,Navi Mumbai,LM0278,3900,9500,Shared,Double,Girls,Preferred,Preferred,Preferred,Not Required,Not Required,Required,Preferred,Required,Unfurnished
U1178,Student,Maharashtra,Navi Mumbai,LM0268,5400,11300,Shared,Triple,Boys,Preferred,Not Required,Preferred,Preferred,Not Required,Required,Not Required,Required,Semi Furnished
U1179,Working Professional,Maharashtra,Navi Mumbai,LM0271,11100,20400,Private,Double,Girls,Required,Preferred,Required,Preferred,Required,Required,Preferred,Preferred,Semi Furnished
U1180,Working Professional,Maharashtra,Navi Mumbai,LM0270,11800,17600,Private,Single,Girls,Required,Required,Required,Preferred,Preferred,Preferred,Required,Preferred,Semi Furnished
U1181,Working Professional,Maharashtra,Navi Mumbai,LM0293,8400,15000,Private,Double,Girls,Required,Required,Required,Preferred,Not Required,Preferred,Not Required,Required,Fully Furnished
U1182,Working Professional,Maharashtra,Navi Mumbai,LM0281,9800,19100,Shared,Triple,Boys,Required,Preferred,Required,Required,Required,Preferred,Not Required,Preferred,Semi Furnished
U1183,Working Professional,Maharashtra,Navi Mumbai,LM0293,10500,16400,Private,Single,Boys,Required,Required,Required,Required,Not Required,Preferred,Not Required,Preferred,Fully Furnished
U1184,Working Professional,Maharashtra,Navi Mumbai,LM0271,10100,14700,Private,Single,Boys,Required,Required,Preferred,Preferred,Not Required,Preferred,Preferred,Required,Semi Furnished
U1185,Student,Maharashtra,Navi Mumbai,LM0263,4700,9900,Shared,Triple,Boys,Preferred,Not Required,Preferred,Required,Not Required,Preferred,Preferred,Required,Unfurnished
U1186,Working Professional,Maharashtra,Navi Mumbai,LM0261,9000,18400,Private,Single,Coed,Preferred,Required,Preferred,Not Required,Required,Required,Preferred,Required,Fully Furnished
U1187,Working Professional,Maharashtra,Navi Mumbai,LM0277,8800,13100,Private,Double,Boys,Required,Required,Required,Not Required,Preferred,Preferred,Preferred,Preferred,Any
U1188,Working Professional,Maharashtra,Navi Mumbai,LM0280,7800,11900,Shared,Triple,Girls,Required,Preferred,Preferred,Preferred,Preferred,Required,Preferred,Preferred,Fully Furnished
U1189,Working Professional,Maharashtra,Navi Mumbai,LM0275,7800,16700,Private,Double,Boys,Not Required,Required,Required,Preferred,Preferred,Required,Required,Preferred,Fully Furnished
U1190,Working Professional,Maharashtra,Navi Mumbai,LM0276,11800,17700,Shared,Triple,Coed,Preferred,Preferred,Required,Required,Preferred,Preferred,Preferred,Required,Fully Furnished
U1191,Working Professional,Maharashtra,Navi Mumbai,LM0290,11800,16000,Private,Single,Coed,Required,Preferred,Preferred,Preferred,Not Required,Required,Required,Required,Any
U1192,Working Professional,Maharashtra,Navi Mumbai,LM0290,9800,14900,Private,Double,Girls,Not Required,Required,Required,Required,Preferred,Required,Required,Required,Fully Furnished
U1193,Student,Maharashtra,Navi Mumbai,LM0274,6400,9300,Private,Single,Coed,Preferred,Required,Required,Preferred,Not Required,Preferred,Required,Required,Fully Furnished
U1194,Student,Maharashtra,Navi Mumbai,LM0277,5500,8100,Shared,Double,Girls,Not Required,Preferred,Required,Not Required,Not Required,Required,Preferred,Required,Fully Furnished
U1195,Working Professional,Maharashtra,Navi Mumbai,LM0284,7900,13400,Shared,Double,Boys,Required,Required,Required,Required,Preferred,Required,Preferred,Required,Fully Furnished
U1196,Student,Maharashtra,Navi Mumbai,LM0266,3700,6300,Shared,Double,Girls,Preferred,Preferred,Preferred,Required,Not Required,Not Required,Required,Required,Fully Furnished
U1197,Student,Maharashtra,Navi Mumbai,LM0275,4100,7200,Shared,Double,Girls,Not Required,Required,Required,Not Required,Not Required,Preferred,Required,Preferred,Any
U1198,Working Professional,Maharashtra,Navi Mumbai,LM0282,9000,18900,Private,Double,Girls,Not Required,Required,Required,Required,Not Required,Not Required,Required,Required,Fully Furnished
U1199,Working Professional,Maharashtra,Navi Mumbai,LM0273,11300,17600,Private,Double,Boys,Required,Required,Required,Not Required,Not Required,Required,Preferred,Preferred,Fully Furnished
U1200,Student,Maharashtra,Navi Mumbai,LM0269,4700,9300,Shared,Double,Boys,Not Required,Not Required,Required,Required,Not Required,Preferred,Preferred,Preferred,Any
U1201,Working Professional,Maharashtra,Navi Mumbai,LM0284,9600,15200,Private,Single,Girls,Preferred,Required,Required,Required,Preferred,Preferred,Required,Required,Fully Furnished
U1202,Student,Maharashtra,Navi Mumbai,LM0263,5400,8400,Shared,Triple,Boys,Preferred,Preferred,Preferred,Required,Not Required,Not Required,Not Required,Required,Fully Furnished
U1203,Student,Maharashtra,Navi Mumbai,LM0269,4600,9700,Shared,Double,Boys,Not Required,Required,Required,Required,Not Required,Preferred,Required,Required,Fully Furnished
U1204,Student,Maharashtra,Navi Mumbai,LM0281,4500,9700,Dormitory,Dormitory,Girls,Preferred,Required,Required,Preferred,Not Required,Preferred,Preferred,Required,Fully Furnished
U1205,Student,Maharashtra,Navi Mumbai,LM0263,4300,7000,Private,Double,Coed,Preferred,Preferred,Required,Preferred,Not Required,Preferred,Required,Required,Fully Furnished
U1206,Student,Maharashtra,Navi Mumbai,LM0269,4500,7800,Dormitory,Dormitory,Coed,Required,Not Required,Preferred,Preferred,Not Required,Preferred,Required,Preferred,Fully Furnished
U1207,Student,Maharashtra,Navi Mumbai,LM0279,3500,8500,Dormitory,Dormitory,Girls,Not Required,Not Required,Required,Required,Not Required,Required,Preferred,Required,Fully Furnished
U1208,Working Professional,Maharashtra,Navi Mumbai,LM0265,8600,17900,Private,Double,Boys,Required,Required,Required,Required,Required,Required,Preferred,Preferred,Semi Furnished
U1209,Working Professional,Maharashtra,Navi Mumbai,LM0291,8800,15600,Private,Double,Coed,Preferred,Required,Not Required,Preferred,Preferred,Preferred,Required,Preferred,Semi Furnished
U1210,Student,Maharashtra,Navi Mumbai,LM0286,4900,9200,Private,Single,Boys,Preferred,Required,Required,Not Required,Not Required,Required,Preferred,Required,Unfurnished
U1211,Student,Maharashtra,Navi Mumbai,LM0292,6500,10600,Shared,Triple,Boys,Preferred,Preferred,Required,Required,Not Required,Preferred,Preferred,Required,Semi Furnished
U1212,Working Professional,Maharashtra,Navi Mumbai,LM0272,8200,16700,Private,Double,Boys,Required,Preferred,Preferred,Required,Not Required,Preferred,Preferred,Preferred,Semi Furnished
U1213,Student,Maharashtra,Navi Mumbai,LM0273,6300,12100,Private,Double,Coed,Preferred,Required,Required,Not Required,Not Required,Preferred,Required,Required,Fully Furnished
U1214,Working Professional,Maharashtra,Navi Mumbai,LM0289,9800,18300,Private,Single,Boys,Preferred,Not Required,Required,Preferred,Not Required,Required,Preferred,Required,Fully Furnished
U1215,Student,Maharashtra,Navi Mumbai,LM0278,4200,7500,Dormitory,Dormitory,Boys,Preferred,Required,Preferred,Preferred,Preferred,Required,Not Required,Required,Fully Furnished
U1216,Student,Maharashtra,Navi Mumbai,LM0265,4000,8900,Private,Double,Girls,Preferred,Preferred,Required,Preferred,Not Required,Preferred,Required,Required,Semi Furnished
U1217,Student,Maharashtra,Thane,LM0323,5800,11000,Private,Double,Coed,Preferred,Required,Preferred,Preferred,Not Required,Required,Preferred,Required,Semi Furnished
U1218,Student,Maharashtra,Thane,LM0313,4500,9800,Shared,Double,Coed,Required,Preferred,Required,Not Required,Not Required,Required,Preferred,Preferred,Fully Furnished
U1219,Student,Maharashtra,Thane,LM0297,5300,10300,Shared,Double,Coed,Not Required,Required,Required,Preferred,Required,Not Required,Required,Required,Fully Furnished
U1220,Working Professional,Maharashtra,Thane,LM0318,7100,12600,Private,Double,Girls,Preferred,Required,Preferred,Preferred,Not Required,Required,Preferred,Required,Any
U1221,Working Professional,Maharashtra,Thane,LM0314,10200,15900,Private,Double,Girls,Not Required,Required,Required,Required,Required,Preferred,Required,Preferred,Semi Furnished
U1222,Working Professional,Maharashtra,Thane,LM0312,7300,12700,Private,Double,Girls,Preferred,Required,Required,Preferred,Preferred,Preferred,Required,Not Required,Any
U1223,Student,Maharashtra,Thane,LM0300,6300,10600,Private,Double,Boys,Preferred,Preferred,Preferred,Required,Not Required,Preferred,Required,Required,Semi Furnished
U1224,Student,Maharashtra,Thane,LM0316,5600,10200,Shared,Double,Girls,Preferred,Required,Preferred,Preferred,Not Required,Required,Preferred,Required,Fully Furnished
U1225,Student,Maharashtra,Thane,LM0317,5600,8700,Dormitory,Dormitory,Coed,Preferred,Required,Required,Required,Preferred,Required,Required,Preferred,Semi Furnished
U1226,Student,Maharashtra,Thane,LM0296,5300,10100,Shared,Double,Girls,Preferred,Preferred,Required,Preferred,Not Required,Required,Required,Preferred,Fully Furnished
U1227,Working Professional,Maharashtra,Thane,LM0302,11200,19200,Private,Single,Boys,Required,Required,Preferred,Required,Preferred,Required,Required,Preferred,Fully Furnished
U1228,Student,Maharashtra,Thane,LM0295,4000,6800,Private,Double,Girls,Preferred,Preferred,Preferred,Required,Preferred,Preferred,Required,Required,Fully Furnished
U1229,Student,Maharashtra,Thane,LM0300,4000,7300,Private,Single,Girls,Preferred,Preferred,Preferred,Preferred,Preferred,Preferred,Preferred,Required,Any
U1230,Working Professional,Maharashtra,Thane,LM0311,8600,14700,Private,Double,Boys,Required,Preferred,Required,Preferred,Preferred,Preferred,Not Required,Preferred,Semi Furnished
U1231,Student,Maharashtra,Thane,LM0309,5600,11200,Shared,Triple,Girls,Not Required,Required,Required,Required,Not Required,Required,Preferred,Preferred,Fully Furnished
U1232,Working Professional,Maharashtra,Thane,LM0297,9000,13700,Shared,Triple,Girls,Preferred,Preferred,Required,Not Required,Required,Required,Preferred,Required,Semi Furnished
U1233,Working Professional,Maharashtra,Thane,LM0315,10900,17800,Shared,Double,Boys,Required,Preferred,Preferred,Required,Required,Not Required,Preferred,Required,Any
U1234,Student,Maharashtra,Thane,LM0307,4600,10400,Shared,Triple,Girls,Required,Required,Preferred,Required,Not Required,Preferred,Required,Required,Semi Furnished
U1235,Student,Maharashtra,Thane,LM0303,5700,8800,Shared,Double,Boys,Preferred,Required,Preferred,Required,Not Required,Preferred,Preferred,Required,Fully Furnished
U1236,Student,Maharashtra,Thane,LM0311,5800,9300,Shared,Double,Girls,Preferred,Not Required,Preferred,Preferred,Not Required,Required,Preferred,Preferred,Semi Furnished
U1237,Student,Maharashtra,Thane,LM0300,5600,9600,Dormitory,Dormitory,Girls,Required,Required,Preferred,Required,Not Required,Not Required,Preferred,Preferred,Any
U1238,Working Professional,Maharashtra,Thane,LM0318,11600,19100,Shared,Double,Girls,Required,Not Required,Required,Not Required,Not Required,Preferred,Required,Required,Fully Furnished
U1239,Working Professional,Maharashtra,Thane,LM0300,11300,17500,Private,Single,Boys,Required,Preferred,Required,Required,Required,Preferred,Not Required,Required,Fully Furnished
U1240,Working Professional,Maharashtra,Thane,LM0305,7700,16000,Private,Single,Boys,Required,Preferred,Preferred,Required,Preferred,Required,Not Required,Preferred,Fully Furnished
U1241,Student,Maharashtra,Thane,LM0312,6500,10500,Shared,Triple,Girls,Not Required,Preferred,Required,Preferred,Preferred,Preferred,Required,Not Required,Fully Furnished
U1242,Working Professional,Maharashtra,Thane,LM0310,7300,16100,Private,Double,Boys,Preferred,Required,Required,Required,Required,Required,Preferred,Not Required,Fully Furnished
U1243,Working Professional,Maharashtra,Thane,LM0312,7900,16300,Private,Single,Boys,Required,Required,Required,Not Required,Preferred,Required,Preferred,Required,Semi Furnished
U1244,Student,Maharashtra,Thane,LM0313,3600,8100,Shared,Double,Boys,Preferred,Preferred,Preferred,Required,Not Required,Preferred,Preferred,Required,Semi Furnished
U1245,Working Professional,Maharashtra,Thane,LM0300,8800,17700,Shared,Double,Girls,Preferred,Required,Preferred,Preferred,Not Required,Preferred,Preferred,Preferred,Fully Furnished
U1246,Working Professional,Maharashtra,Thane,LM0308,7300,14200,Shared,Triple,Girls,Preferred,Required,Not Required,Preferred,Required,Preferred,Required,Required,Any
U1247,Student,Maharashtra,Thane,LM0300,4400,8600,Shared,Double,Girls,Required,Required,Required,Required,Required,Not Required,Required,Required,Semi Furnished
U1248,Student,Maharashtra,Thane,LM0296,5800,8800,Shared,Double,Girls,Not Required,Preferred,Required,Required,Not Required,Preferred,Required,Required,Fully Furnished
U1249,Student,Maharashtra,Thane,LM0318,5500,10900,Private,Double,Boys,Not Required,Required,Required,Required,Not Required,Required,Preferred,Required,Semi Furnished
U1250,Student,Maharashtra,Thane,LM0312,5100,10400,Shared,Triple,Girls,Not Required,Preferred,Required,Required,Not Required,Required,Required,Required,Semi Furnished
U1251,Working Professional,Maharashtra,Thane,LM0322,9100,17100,Private,Double,Boys,Required,Not Required,Required,Preferred,Preferred,Required,Preferred,Required,Any
U1252,Student,Maharashtra,Thane,LM0295,3700,7100,Shared,Double,Boys,Not Required,Required,Required,Preferred,Not Required,Preferred,Required,Required,Fully Furnished
U1253,Working Professional,Maharashtra,Thane,LM0320,9100,18100,Shared,Triple,Girls,Required,Required,Required,Required,Not Required,Preferred,Preferred,Preferred,Fully Furnished
U1254,Working Professional,Maharashtra,Thane,LM0318,7700,13400,Private,Double,Coed,Required,Preferred,Required,Preferred,Required,Required,Preferred,Not Required,Fully Furnished
U1255,Working Professional,Maharashtra,Thane,LM0310,11900,19900,Shared,Double,Boys,Required,Preferred,Required,Preferred,Not Required,Required,Preferred,Required,Semi Furnished
U1256,Student,Maharashtra,Thane,LM0311,4800,8900,Shared,Triple,Boys,Not Required,Preferred,Required,Preferred,Preferred,Preferred,Preferred,Required,Unfurnished
U1257,Working Professional,Maharashtra,Thane,LM0309,11500,20600,Private,Single,Boys,Required,Preferred,Required,Required,Not Required,Required,Required,Required,Any
U1258,Working Professional,Maharashtra,Thane,LM0322,9300,14600,Shared,Triple,Boys,Required,Required,Preferred,Preferred,Required,Not Required,Required,Required,Semi Furnished
U1259,Working Professional,Maharashtra,Thane,LM0322,11600,20900,Private,Double,Coed,Required,Required,Required,Preferred,Preferred,Preferred,Required,Required,Fully Furnished
U1260,Working Professional,Maharashtra,Thane,LM0311,10500,15800,Private,Double,Coed,Preferred,Required,Required,Required,Required,Required,Required,Not Required,Fully Furnished
U1261,Working Professional,Maharashtra,Thane,LM0307,11600,16300,Shared,Triple,Coed,Required,Required,Preferred,Not Required,Preferred,Preferred,Required,Required,Fully Furnished
U1262,Student,Maharashtra,Thane,LM0301,4800,7700,Shared,Double,Girls,Preferred,Required,Required,Required,Not Required,Required,Preferred,Preferred,Fully Furnished
U1263,Working Professional,Maharashtra,Thane,LM0320,7700,17600,Private,Double,Girls,Required,Required,Preferred,Required,Preferred,Not Required,Not Required,Preferred,Semi Furnished
U1264,Student,Maharashtra,Thane,LM0310,6400,12300,Private,Single,Coed,Preferred,Required,Preferred,Preferred,Preferred,Preferred,Preferred,Required,Fully Furnished
U1265,Student,Maharashtra,Thane,LM0305,3800,6500,Shared,Double,Girls,Required,Required,Required,Preferred,Not Required,Required,Required,Preferred,Unfurnished
U1266,Working Professional,Maharashtra,Thane,LM0302,7900,14800,Private,Double,Girls,Preferred,Not Required,Preferred,Preferred,Required,Not Required,Preferred,Required,Semi Furnished
U1267,Working Professional,Maharashtra,Thane,LM0313,9900,15400,Shared,Double,Girls,Required,Required,Preferred,Preferred,Preferred,Not Required,Required,Required,Any
U1268,Working Professional,Maharashtra,Thane,LM0309,11900,17100,Shared,Triple,Coed,Not Required,Required,Required,Not Required,Not Required,Required,Required,Required,Semi Furnished
U1269,Working Professional,Maharashtra,Thane,LM0310,8100,14100,Shared,Double,Boys,Required,Preferred,Required,Preferred,Not Required,Preferred,Required,Preferred,Semi Furnished
U1270,Working Professional,Maharashtra,Thane,LM0310,7200,15900,Private,Double,Coed,Not Required,Not Required,Required,Preferred,Required,Preferred,Required,Preferred,Fully Furnished
U1271,Working Professional,Maharashtra,Thane,LM0319,10000,15300,Private,Double,Boys,Not Required,Required,Preferred,Required,Preferred,Preferred,Not Required,Required,Fully Furnished
U1272,Working Professional,Maharashtra,Thane,LM0323,7100,13500,Private,Single,Girls,Preferred,Required,Preferred,Preferred,Not Required,Required,Preferred,Not Required,Semi Furnished
U1273,Working Professional,Maharashtra,Thane,LM0320,11200,15300,Private,Single,Boys,Required,Required,Required,Required,Not Required,Required,Required,Not Required,Semi Furnished
U1274,Working Professional,Maharashtra,Thane,LM0323,9200,18800,Shared,Triple,Boys,Required,Not Required,Required,Required,Not Required,Preferred,Preferred,Preferred,Any
U1275,Student,Maharashtra,Thane,LM0311,3500,6700,Shared,Triple,Girls,Not Required,Required,Required,Required,Not Required,Required,Required,Required,Semi Furnished
U1276,Working Professional,Maharashtra,Thane,LM0315,7500,15000,Private,Double,Girls,Not Required,Preferred,Required,Preferred,Required,Preferred,Preferred,Preferred,Fully Furnished
U1277,Working Professional,Maharashtra,Thane,LM0322,10500,20200,Private,Double,Coed,Required,Preferred,Required,Not Required,Required,Required,Not Required,Not Required,Fully Furnished
U1278,Working Professional,Maharashtra,Thane,LM0296,10900,18000,Shared,Triple,Girls,Not Required,Required,Preferred,Preferred,Preferred,Preferred,Not Required,Preferred,Semi Furnished
U1279,Student,Maharashtra,Thane,LM0306,3800,6600,Private,Single,Coed,Preferred,Preferred,Required,Required,Preferred,Preferred,Required,Not Required,Semi Furnished
U1280,Working Professional,Maharashtra,Thane,LM0308,8000,15200,Shared,Double,Boys,Required,Required,Required,Preferred,Preferred,Required,Required,Required,Semi Furnished
U1281,Working Professional,Maharashtra,Thane,LM0305,7300,11500,Private,Double,Girls,Required,Preferred,Required,Required,Preferred,Required,Required,Required,Semi Furnished
U1282,Student,Maharashtra,Thane,LM0321,5200,8200,Shared,Double,Boys,Required,Not Required,Preferred,Required,Preferred,Required,Preferred,Not Required,Fully Furnished
U1283,Working Professional,Maharashtra,Thane,LM0304,9800,17300,Private,Double,Girls,Required,Preferred,Preferred,Required,Not Required,Not Required,Preferred,Required,Fully Furnished
U1284,Working Professional,Maharashtra,Thane,LM0297,10200,18100,Shared,Triple,Girls,Preferred,Required,Required,Preferred,Preferred,Not Required,Required,Required,Fully Furnished
U1285,Working Professional,Maharashtra,Thane,LM0323,7000,11900,Private,Single,Girls,Preferred,Required,Required,Preferred,Preferred,Required,Preferred,Required,Fully Furnished
U1286,Student,Maharashtra,Thane,LM0300,5400,11200,Private,Single,Boys,Not Required,Preferred,Preferred,Not Required,Preferred,Required,Required,Required,Fully Furnished
U1287,Working Professional,Maharashtra,Thane,LM0310,8000,12300,Private,Single,Boys,Required,Preferred,Required,Required,Not Required,Preferred,Preferred,Preferred,Fully Furnished
U1288,Student,Maharashtra,Thane,LM0302,3700,9500,Shared,Double,Girls,Preferred,Required,Required,Required,Preferred,Not Required,Required,Required,Semi Furnished
U1289,Student,Maharashtra,Thane,LM0302,5000,8400,Dormitory,Dormitory,Girls,Required,Required,Required,Not Required,Preferred,Preferred,Not Required,Required,Semi Furnished
U1290,Working Professional,Maharashtra,Thane,LM0307,11100,20100,Private,Single,Boys,Preferred,Required,Preferred,Preferred,Not Required,Preferred,Preferred,Preferred,Semi Furnished
U1291,Working Professional,Maharashtra,Thane,LM0310,9100,15600,Shared,Triple,Coed,Not Required,Preferred,Required,Preferred,Not Required,Not Required,Preferred,Preferred,Semi Furnished
U1292,Working Professional,Maharashtra,Thane,LM0303,8400,14400,Shared,Triple,Girls,Required,Required,Required,Preferred,Preferred,Preferred,Not Required,Preferred,Fully Furnished
U1293,Student,Maharashtra,Thane,LM0295,6100,10900,Shared,Triple,Coed,Preferred,Preferred,Required,Required,Not Required,Preferred,Preferred,Not Required,Fully Furnished
U1294,Student,Maharashtra,Thane,LM0314,4900,10600,Shared,Double,Girls,Preferred,Required,Preferred,Preferred,Preferred,Preferred,Required,Required,Any
U1295,Working Professional,Maharashtra,Thane,LM0299,9600,16700,Private,Single,Girls,Required,Required,Preferred,Required,Preferred,Required,Required,Preferred,Semi Furnished
U1296,Working Professional,Maharashtra,Thane,LM0312,10400,14900,Shared,Double,Boys,Required,Required,Required,Preferred,Preferred,Preferred,Preferred,Required,Semi Furnished
U1297,Student,Maharashtra,Thane,LM0309,5500,8200,Private,Single,Girls,Preferred,Required,Preferred,Not Required,Preferred,Preferred,Not Required,Required,Semi Furnished
U1298,Working Professional,Maharashtra,Thane,LM0313,8700,15600,Private,Double,Coed,Preferred,Preferred,Required,Required,Preferred,Preferred,Preferred,Preferred,Fully Furnished
U1299,Student,Maharashtra,Thane,LM0322,4400,10200,Shared,Triple,Boys,Required,Required,Required,Preferred,Not Required,Preferred,Preferred,Required,Any
U1300,Student,Maharashtra,Thane,LM0310,5000,8400,Shared,Double,Coed,Not Required,Preferred,Required,Not Required,Not Required,Required,Required,Preferred,Unfurnished
U1301,Working Professional,Maharashtra,Thane,LM0323,9600,17600,Private,Double,Boys,Required,Required,Required,Not Required,Not Required,Required,Required,Preferred,Fully Furnished
U1302,Student,Maharashtra,Thane,LM0318,5500,10400,Private,Single,Boys,Preferred,Required,Required,Preferred,Not Required,Required,Required,Required,Fully Furnished
U1303,Working Professional,Maharashtra,Thane,LM0314,12000,22000,Private,Single,Girls,Preferred,Required,Required,Required,Not Required,Required,Required,Required,Semi Furnished
U1304,Student,Maharashtra,Thane,LM0300,5400,8400,Private,Single,Boys,Preferred,Required,Required,Not Required,Required,Preferred,Not Required,Preferred,Fully Furnished
U1305,Working Professional,Maharashtra,Thane,LM0319,8300,15900,Private,Single,Coed,Not Required,Required,Required,Required,Required,Preferred,Preferred,Required,Semi Furnished
U1306,Working Professional,Maharashtra,Thane,LM0298,7800,17700,Private,Double,Girls,Preferred,Preferred,Required,Required,Not Required,Preferred,Required,Not Required,Semi Furnished
U1307,Student,Maharashtra,Thane,LM0314,3500,7300,Dormitory,Dormitory,Girls,Required,Preferred,Not Required,Required,Not Required,Required,Required,Preferred,Semi Furnished
U1308,Student,Maharashtra,Thane,LM0323,4500,8800,Shared,Triple,Girls,Not Required,Preferred,Required,Required,Not Required,Required,Preferred,Not Required,Semi Furnished
U1309,Working Professional,Maharashtra,Thane,LM0322,8700,15700,Private,Double,Boys,Required,Required,Required,Not Required,Preferred,Preferred,Preferred,Required,Semi Furnished
U1310,Student,Maharashtra,Thane,LM0297,4700,10000,Private,Double,Boys,Preferred,Required,Preferred,Preferred,Not Required,Not Required,Not Required,Preferred,Semi Furnished
U1311,Student,Maharashtra,Thane,LM0296,6300,11300,Private,Double,Coed,Required,Not Required,Preferred,Required,Not Required,Required,Required,Not Required,Any
U1312,Working Professional,Maharashtra,Thane,LM0313,9100,14000,Private,Single,Coed,Required,Preferred,Required,Preferred,Required,Preferred,Required,Required,Any
U1313,Student,Maharashtra,Thane,LM0303,4800,8900,Shared,Double,Boys,Preferred,Required,Required,Required,Not Required,Required,Preferred,Preferred,Semi Furnished
U1314,Working Professional,Maharashtra,Thane,LM0316,12000,19600,Shared,Triple,Coed,Preferred,Preferred,Required,Required,Required,Preferred,Required,Required,Semi Furnished
U1315,Working Professional,Maharashtra,Thane,LM0312,8600,17900,Private,Double,Boys,Preferred,Required,Preferred,Not Required,Not Required,Preferred,Preferred,Preferred,Semi Furnished
U1316,Working Professional,Maharashtra,Thane,LM0323,8300,18000,Private,Single,Boys,Preferred,Preferred,Preferred,Not Required,Not Required,Preferred,Preferred,Preferred,Any
U1317,Student,Maharashtra,Thane,LM0320,5200,10900,Private,Double,Girls,Preferred,Required,Preferred,Required,Not Required,Preferred,Preferred,Preferred,Fully Furnished
U1318,Student,Maharashtra,Thane,LM0300,4200,8900,Shared,Double,Boys,Not Required,Required,Preferred,Required,Preferred,Required,Preferred,Required,Any
U1319,Student,Maharashtra,Thane,LM0318,6200,11800,Private,Single,Girls,Preferred,Required,Preferred,Required,Not Required,Preferred,Preferred,Required,Any
U1320,Student,Maharashtra,Thane,LM0315,5200,9000,Shared,Double,Boys,Preferred,Preferred,Preferred,Preferred,Not Required,Required,Not Required,Preferred,Semi Furnished
U1321,Student,Maharashtra,Thane,LM0297,5400,8700,Dormitory,Dormitory,Girls,Preferred,Required,Required,Preferred,Not Required,Preferred,Preferred,Required,Semi Furnished
U1322,Student,Maharashtra,Thane,LM0321,5900,11200,Shared,Double,Girls,Preferred,Preferred,Required,Required,Preferred,Preferred,Preferred,Required,Fully Furnished
U1323,Working Professional,Maharashtra,Thane,LM0305,9500,18900,Shared,Double,Boys,Not Required,Preferred,Preferred,Preferred,Required,Preferred,Preferred,Preferred,Semi Furnished
U1324,Working Professional,Maharashtra,Thane,LM0298,10700,19300,Shared,Triple,Girls,Required,Preferred,Required,Required,Preferred,Required,Preferred,Required,Fully Furnished
U1325,Student,Maharashtra,Thane,LM0306,4300,9500,Shared,Triple,Girls,Preferred,Not Required,Required,Required,Not Required,Not Required,Preferred,Required,Fully Furnished
U1326,Working Professional,Maharashtra,Thane,LM0302,10100,14400,Private,Double,Girls,Preferred,Preferred,Preferred,Required,Preferred,Preferred,Not Required,Not Required,Fully Furnished
U1327,Student,Maharashtra,Thane,LM0307,4600,10300,Shared,Double,Boys,Preferred,Required,Not Required,Required,Not Required,Preferred,Not Required,Required,Semi Furnished
U1328,Student,Maharashtra,Thane,LM0299,4100,9300,Shared,Triple,Girls,Not Required,Not Required,Preferred,Not Required,Preferred,Preferred,Required,Required,Semi Furnished
U1329,Working Professional,Maharashtra,Thane,LM0312,11900,16000,Private,Double,Girls,Preferred,Required,Preferred,Required,Preferred,Preferred,Preferred,Required,Semi Furnished
U1330,Working Professional,Maharashtra,Thane,LM0300,10300,15300,Private,Single,Boys,Required,Required,Required,Required,Not Required,Required,Preferred,Required,Fully Furnished
U1331,Student,Maharashtra,Thane,LM0305,6400,11000,Private,Single,Girls,Not Required,Required,Required,Preferred,Not Required,Not Required,Required,Required,Semi Furnished
U1332,Student,Maharashtra,Thane,LM0315,5700,11500,Shared,Triple,Girls,Not Required,Required,Required,Preferred,Preferred,Required,Preferred,Required,Fully Furnished
U1333,Student,Maharashtra,Thane,LM0308,4900,8900,Shared,Double,Boys,Not Required,Preferred,Required,Required,Not Required,Not Required,Preferred,Required,Fully Furnished
U1334,Student,Maharashtra,Thane,LM0306,3600,7000,Dormitory,Dormitory,Boys,Preferred,Required,Preferred,Preferred,Not Required,Preferred,Preferred,Preferred,Fully Furnished
U1335,Student,Maharashtra,Thane,LM0307,5200,10700,Private,Single,Girls,Preferred,Required,Required,Required,Preferred,Preferred,Preferred,Required,Semi Furnished
U1336,Student,Maharashtra,Thane,LM0306,4700,10100,Shared,Triple,Boys,Preferred,Required,Required,Not Required,Required,Preferred,Preferred,Preferred,Fully Furnished
U1337,Student,Maharashtra,Thane,LM0297,5500,9600,Shared,Double,Boys,Not Required,Required,Preferred,Required,Required,Required,Preferred,Required,Any
U1338,Working Professional,Maharashtra,Thane,LM0310,7300,12900,Private,Single,Boys,Required,Preferred,Required,Preferred,Not Required,Not Required,Not Required,Required,Semi Furnished
U1339,Student,Maharashtra,Thane,LM0317,4800,8700,Private,Single,Girls,Preferred,Preferred,Required,Required,Not Required,Not Required,Preferred,Required,Semi Furnished
U1340,Student,Maharashtra,Thane,LM0315,3700,7100,Private,Single,Boys,Required,Required,Required,Required,Not Required,Preferred,Preferred,Preferred,Unfurnished
U1341,Student,Maharashtra,Thane,LM0320,4300,8000,Shared,Triple,Coed,Required,Required,Preferred,Required,Preferred,Not Required,Required,Preferred,Semi Furnished
U1342,Working Professional,Maharashtra,Thane,LM0306,9800,19200,Shared,Double,Girls,Required,Preferred,Required,Required,Required,Required,Preferred,Required,Semi Furnished
U1343,Student,Maharashtra,Thane,LM0301,5300,11100,Private,Double,Girls,Required,Required,Preferred,Required,Not Required,Required,Required,Required,Fully Furnished
U1344,Student,Maharashtra,Nagpur,LM0340,5300,9200,Shared,Triple,Boys,Required,Preferred,Required,Not Required,Not Required,Preferred,Required,Required,Fully Furnished
U1345,Working Professional,Maharashtra,Nagpur,LM0349,9700,17100,Private,Double,Boys,Preferred,Required,Preferred,Required,Not Required,Required,Preferred,Required,Semi Furnished
U1346,Student,Maharashtra,Nagpur,LM0329,3500,8500,Shared,Double,Coed,Preferred,Preferred,Required,Preferred,Not Required,Preferred,Preferred,Not Required,Unfurnished
U1347,Working Professional,Maharashtra,Nagpur,LM0350,9500,18500,Private,Double,Boys,Preferred,Required,Required,Required,Preferred,Required,Required,Preferred,Any
U1348,Student,Maharashtra,Nagpur,LM0349,3800,8600,Shared,Double,Coed,Required,Preferred,Required,Not Required,Preferred,Preferred,Preferred,Preferred,Fully Furnished
U1349,Student,Maharashtra,Nagpur,LM0338,5200,8300,Shared,Double,Girls,Preferred,Preferred,Required,Required,Not Required,Required,Preferred,Preferred,Any
U1350,Working Professional,Maharashtra,Nagpur,LM0338,10100,17200,Private,Double,Boys,Required,Required,Required,Required,Required,Preferred,Preferred,Required,Semi Furnished
U1351,Working Professional,Maharashtra,Nagpur,LM0325,10200,15000,Shared,Double,Girls,Required,Preferred,Required,Preferred,Preferred,Required,Preferred,Preferred,Semi Furnished
U1352,Student,Maharashtra,Nagpur,LM0336,5800,9300,Private,Single,Girls,Not Required,Required,Required,Required,Required,Preferred,Preferred,Preferred,Fully Furnished
U1353,Working Professional,Maharashtra,Nagpur,LM0340,8100,15000,Private,Single,Girls,Preferred,Preferred,Required,Preferred,Preferred,Not Required,Preferred,Required,Fully Furnished
U1354,Student,Maharashtra,Nagpur,LM0341,4400,8100,Dormitory,Dormitory,Girls,Preferred,Required,Required,Required,Not Required,Preferred,Not Required,Preferred,Any
U1355,Student,Maharashtra,Nagpur,LM0347,4200,9200,Shared,Double,Boys,Required,Required,Required,Preferred,Not Required,Required,Preferred,Preferred,Fully Furnished
U1356,Student,Maharashtra,Nagpur,LM0342,5000,8200,Dormitory,Dormitory,Boys,Not Required,Preferred,Required,Required,Not Required,Required,Required,Required,Semi Furnished
U1357,Student,Maharashtra,Nagpur,LM0330,4800,9700,Private,Single,Girls,Required,Required,Preferred,Required,Not Required,Not Required,Required,Required,Any
U1358,Student,Maharashtra,Nagpur,LM0329,5300,8500,Dormitory,Dormitory,Coed,Required,Preferred,Preferred,Preferred,Not Required,Preferred,Preferred,Required,Semi Furnished
U1359,Working Professional,Maharashtra,Nagpur,LM0331,11200,17200,Private,Single,Girls,Required,Required,Required,Preferred,Required,Preferred,Required,Preferred,Fully Furnished
U1360,Student,Maharashtra,Nagpur,LM0341,5200,11200,Shared,Triple,Coed,Preferred,Preferred,Required,Preferred,Not Required,Required,Required,Required,Fully Furnished
U1361,Student,Maharashtra,Nagpur,LM0341,5000,10300,Shared,Triple,Girls,Preferred,Preferred,Preferred,Preferred,Not Required,Preferred,Required,Required,Any
U1362,Working Professional,Maharashtra,Nagpur,LM0331,10300,16100,Private,Single,Girls,Required,Preferred,Not Required,Not Required,Preferred,Required,Preferred,Required,Fully Furnished
U1363,Working Professional,Maharashtra,Nagpur,LM0341,8900,18800,Shared,Double,Boys,Required,Preferred,Required,Required,Required,Not Required,Preferred,Required,Semi Furnished
U1364,Working Professional,Maharashtra,Nagpur,LM0344,11700,20900,Private,Double,Girls,Preferred,Required,Required,Not Required,Preferred,Preferred,Preferred,Required,Semi Furnished
U1365,Working Professional,Maharashtra,Nagpur,LM0326,7500,16100,Private,Single,Coed,Preferred,Preferred,Required,Not Required,Preferred,Preferred,Preferred,Preferred,Any
U1366,Student,Maharashtra,Nagpur,LM0333,3700,7400,Private,Double,Coed,Preferred,Not Required,Not Required,Required,Not Required,Preferred,Preferred,Required,Unfurnished
U1367,Student,Maharashtra,Nagpur,LM0348,4600,8100,Shared,Triple,Girls,Preferred,Not Required,Required,Preferred,Not Required,Preferred,Required,Required,Fully Furnished
U1368,Working Professional,Maharashtra,Nagpur,LM0345,8700,13500,Private,Double,Boys,Required,Required,Required,Required,Not Required,Preferred,Preferred,Preferred,Fully Furnished
U1369,Student,Maharashtra,Nagpur,LM0327,4200,7800,Dormitory,Dormitory,Coed,Required,Preferred,Required,Preferred,Not Required,Required,Preferred,Required,Semi Furnished
U1370,Student,Maharashtra,Nagpur,LM0334,4300,10000,Shared,Triple,Coed,Preferred,Required,Required,Preferred,Not Required,Preferred,Required,Preferred,Any
U1371,Working Professional,Maharashtra,Nagpur,LM0341,12000,16100,Private,Single,Girls,Preferred,Required,Required,Required,Required,Not Required,Preferred,Required,Semi Furnished
U1372,Working Professional,Maharashtra,Nagpur,LM0325,8300,16400,Shared,Triple,Boys,Required,Required,Required,Preferred,Required,Preferred,Required,Required,Fully Furnished
U1373,Student,Maharashtra,Nagpur,LM0335,4700,9100,Private,Single,Girls,Required,Preferred,Preferred,Required,Not Required,Required,Preferred,Required,Fully Furnished
U1374,Student,Maharashtra,Nagpur,LM0326,4900,7900,Private,Single,Girls,Preferred,Required,Preferred,Required,Not Required,Preferred,Preferred,Required,Fully Furnished
U1375,Student,Maharashtra,Nagpur,LM0349,4100,6900,Private,Single,Boys,Preferred,Required,Required,Required,Preferred,Preferred,Preferred,Not Required,Unfurnished
U1376,Student,Maharashtra,Nagpur,LM0336,3600,9400,Shared,Double,Boys,Preferred,Not Required,Required,Required,Not Required,Required,Preferred,Preferred,Any
U1377,Working Professional,Maharashtra,Nagpur,LM0345,8800,14900,Private,Single,Coed,Preferred,Required,Preferred,Preferred,Not Required,Required,Preferred,Required,Fully Furnished
U1378,Student,Maharashtra,Nagpur,LM0336,4200,8100,Private,Single,Girls,Required,Required,Not Required,Preferred,Not Required,Required,Preferred,Required,Any
U1379,Working Professional,Maharashtra,Nagpur,LM0336,8900,15200,Private,Double,Coed,Preferred,Required,Not Required,Required,Required,Preferred,Preferred,Required,Semi Furnished
U1380,Student,Maharashtra,Nagpur,LM0325,4300,8800,Shared,Double,Coed,Preferred,Not Required,Preferred,Required,Not Required,Required,Required,Required,Fully Furnished
U1381,Student,Maharashtra,Nagpur,LM0350,3700,7000,Dormitory,Dormitory,Coed,Required,Required,Preferred,Preferred,Not Required,Not Required,Preferred,Preferred,Any
U1382,Student,Maharashtra,Nagpur,LM0351,5700,8800,Shared,Triple,Boys,Not Required,Required,Required,Required,Not Required,Preferred,Preferred,Required,Semi Furnished
U1383,Student,Maharashtra,Nagpur,LM0351,5300,8300,Shared,Triple,Coed,Required,Required,Preferred,Preferred,Not Required,Preferred,Required,Preferred,Fully Furnished
U1384,Working Professional,Maharashtra,Nagpur,LM0349,8700,17600,Shared,Triple,Girls,Required,Preferred,Preferred,Preferred,Required,Preferred,Not Required,Preferred,Any
U1385,Student,Maharashtra,Nagpur,LM0335,3800,7800,Private,Single,Boys,Not Required,Preferred,Required,Required,Not Required,Required,Preferred,Required,Semi Furnished
U1386,Working Professional,Maharashtra,Nagpur,LM0328,7900,12600,Private,Double,Girls,Required,Required,Required,Preferred,Required,Preferred,Not Required,Preferred,Semi Furnished
U1387,Student,Maharashtra,Nagpur,LM0347,5800,11700,Dormitory,Dormitory,Coed,Preferred,Preferred,Preferred,Not Required,Not Required,Required,Required,Preferred,Unfurnished
U1388,Student,Maharashtra,Nagpur,LM0333,3600,8800,Shared,Double,Boys,Required,Preferred,Preferred,Preferred,Not Required,Preferred,Not Required,Preferred,Any
U1389,Student,Maharashtra,Nagpur,LM0335,4700,9600,Dormitory,Dormitory,Girls,Preferred,Required,Required,Not Required,Not Required,Required,Preferred,Preferred,Semi Furnished
U1390,Working Professional,Maharashtra,Nagpur,LM0334,9600,13700,Private,Double,Girls,Required,Required,Preferred,Required,Preferred,Not Required,Required,Preferred,Any
U1391,Working Professional,Maharashtra,Nagpur,LM0326,9200,18400,Shared,Triple,Boys,Required,Preferred,Required,Preferred,Not Required,Preferred,Required,Preferred,Fully Furnished
U1392,Working Professional,Maharashtra,Nagpur,LM0339,9200,13500,Shared,Triple,Boys,Required,Required,Required,Preferred,Not Required,Not Required,Required,Required,Semi Furnished
U1393,Student,Maharashtra,Nagpur,LM0339,4400,9100,Shared,Triple,Boys,Preferred,Preferred,Preferred,Preferred,Preferred,Preferred,Not Required,Required,Semi Furnished
U1394,Student,Maharashtra,Nagpur,LM0324,4000,9000,Shared,Triple,Girls,Preferred,Required,Preferred,Required,Not Required,Required,Preferred,Required,Fully Furnished
U1395,Student,Maharashtra,Nagpur,LM0331,5500,8900,Shared,Triple,Boys,Required,Required,Required,Required,Not Required,Required,Not Required,Required,Fully Furnished
U1396,Working Professional,Maharashtra,Nagpur,LM0330,8100,16800,Private,Single,Boys,Required,Preferred,Preferred,Preferred,Preferred,Preferred,Preferred,Not Required,Any
U1397,Student,Maharashtra,Nagpur,LM0342,5700,11300,Private,Single,Girls,Preferred,Required,Preferred,Not Required,Not Required,Preferred,Preferred,Preferred,Fully Furnished
U1398,Student,Maharashtra,Nagpur,LM0339,3500,7400,Dormitory,Dormitory,Girls,Required,Required,Required,Preferred,Not Required,Required,Required,Not Required,Any
U1399,Working Professional,Maharashtra,Nagpur,LM0347,11700,20200,Shared,Double,Girls,Required,Required,Preferred,Not Required,Preferred,Preferred,Required,Required,Fully Furnished
U1400,Student,Maharashtra,Nagpur,LM0327,5200,9200,Shared,Double,Girls,Not Required,Required,Required,Required,Not Required,Preferred,Required,Required,Semi Furnished
U1401,Working Professional,Maharashtra,Nagpur,LM0341,11800,17100,Private,Single,Girls,Required,Preferred,Required,Required,Not Required,Required,Required,Required,Semi Furnished
U1402,Student,Maharashtra,Nagpur,LM0343,6400,11200,Shared,Triple,Girls,Required,Preferred,Preferred,Preferred,Not Required,Preferred,Required,Required,Semi Furnished
U1403,Student,Maharashtra,Nagpur,LM0329,4000,6600,Shared,Double,Girls,Not Required,Preferred,Required,Required,Not Required,Not Required,Not Required,Required,Semi Furnished
U1404,Student,Maharashtra,Nagpur,LM0332,6400,12300,Dormitory,Dormitory,Girls,Preferred,Preferred,Preferred,Preferred,Not Required,Preferred,Not Required,Required,Semi Furnished
U1405,Working Professional,Maharashtra,Nagpur,LM0339,10900,15600,Shared,Double,Boys,Required,Preferred,Required,Preferred,Preferred,Required,Not Required,Preferred,Fully Furnished
U1406,Student,Maharashtra,Nagpur,LM0348,4300,9200,Shared,Double,Girls,Required,Required,Required,Required,Not Required,Required,Preferred,Required,Semi Furnished
U1407,Student,Maharashtra,Nagpur,LM0327,4300,8200,Private,Single,Coed,Preferred,Not Required,Preferred,Required,Not Required,Not Required,Required,Preferred,Any
U1408,Student,Maharashtra,Nagpur,LM0328,3600,9500,Private,Double,Girls,Required,Required,Not Required,Preferred,Not Required,Required,Required,Preferred,Any
U1409,Student,Maharashtra,Nagpur,LM0327,4500,8900,Shared,Triple,Girls,Preferred,Required,Preferred,Preferred,Not Required,Required,Preferred,Required,Semi Furnished
U1410,Student,Maharashtra,Nagpur,LM0346,5200,8300,Shared,Triple,Boys,Not Required,Required,Required,Preferred,Not Required,Required,Preferred,Required,Semi Furnished
U1411,Student,Maharashtra,Nagpur,LM0338,5000,9800,Private,Double,Girls,Preferred,Required,Required,Required,Not Required,Preferred,Preferred,Not Required,Any
U1412,Student,Maharashtra,Nagpur,LM0343,3700,7400,Private,Single,Boys,Required,Not Required,Required,Required,Not Required,Not Required,Not Required,Required,Fully Furnished
U1413,Student,Maharashtra,Nagpur,LM0343,6000,9600,Shared,Triple,Boys,Required,Required,Preferred,Preferred,Preferred,Required,Required,Required,Semi Furnished
U1414,Student,Maharashtra,Nagpur,LM0343,4000,8100,Shared,Double,Girls,Not Required,Required,Required,Preferred,Not Required,Not Required,Preferred,Required,Semi Furnished
U1415,Student,Maharashtra,Nagpur,LM0345,6400,10000,Shared,Double,Boys,Not Required,Not Required,Required,Required,Not Required,Preferred,Required,Preferred,Any
U1416,Working Professional,Maharashtra,Nagpur,LM0337,11600,19500,Shared,Triple,Girls,Not Required,Required,Required,Preferred,Preferred,Required,Required,Preferred,Fully Furnished
U1417,Student,Maharashtra,Nagpur,LM0334,4300,7700,Private,Single,Boys,Not Required,Preferred,Preferred,Not Required,Not Required,Not Required,Preferred,Required,Fully Furnished
U1418,Student,Maharashtra,Nagpur,LM0336,6400,10600,Shared,Double,Boys,Required,Required,Required,Required,Not Required,Preferred,Not Required,Preferred,Unfurnished
U1419,Student,Maharashtra,Nagpur,LM0351,5400,8100,Private,Double,Boys,Preferred,Required,Required,Preferred,Not Required,Not Required,Preferred,Required,Fully Furnished
U1420,Student,Maharashtra,Nagpur,LM0331,5200,8500,Dormitory,Dormitory,Girls,Required,Preferred,Preferred,Preferred,Not Required,Required,Required,Not Required,Unfurnished
U1421,Student,Maharashtra,Nagpur,LM0338,5100,9000,Private,Single,Boys,Not Required,Preferred,Required,Required,Preferred,Preferred,Required,Required,Semi Furnished
U1422,Student,Maharashtra,Nagpur,LM0331,6200,11700,Shared,Double,Boys,Required,Required,Preferred,Preferred,Not Required,Required,Preferred,Required,Any
U1423,Student,Maharashtra,Nagpur,LM0338,5600,8200,Private,Single,Girls,Required,Required,Required,Required,Not Required,Required,Required,Required,Semi Furnished
U1424,Working Professional,Maharashtra,Nagpur,LM0330,10200,16100,Shared,Double,Girls,Required,Required,Preferred,Required,Required,Required,Required,Preferred,Semi Furnished
U1425,Student,Maharashtra,Nagpur,LM0340,6400,12300,Dormitory,Dormitory,Coed,Not Required,Required,Required,Preferred,Not Required,Preferred,Preferred,Required,Semi Furnished
U1426,Student,Maharashtra,Nagpur,LM0339,6300,11100,Shared,Triple,Girls,Not Required,Preferred,Required,Preferred,Not Required,Preferred,Preferred,Required,Semi Furnished
U1427,Student,Maharashtra,Nagpur,LM0341,3800,7500,Shared,Double,Girls,Required,Required,Required,Required,Not Required,Preferred,Preferred,Required,Semi Furnished
U1428,Student,Maharashtra,Nagpur,LM0352,5000,10400,Dormitory,Dormitory,Boys,Preferred,Required,Required,Required,Not Required,Required,Not Required,Required,Semi Furnished
U1429,Student,Maharashtra,Nagpur,LM0330,5800,9800,Shared,Double,Boys,Preferred,Required,Required,Required,Not Required,Preferred,Preferred,Preferred,Semi Furnished
U1430,Working Professional,Maharashtra,Nagpur,LM0346,9300,18900,Shared,Double,Girls,Preferred,Preferred,Required,Required,Preferred,Required,Required,Required,Any
U1431,Working Professional,Maharashtra,Nagpur,LM0330,11900,18900,Private,Single,Boys,Preferred,Preferred,Required,Required,Required,Required,Preferred,Preferred,Fully Furnished
U1432,Student,Maharashtra,Nagpur,LM0329,4600,7400,Private,Single,Coed,Not Required,Required,Required,Required,Preferred,Preferred,Preferred,Preferred,Fully Furnished
U1433,Student,Maharashtra,Nagpur,LM0351,5800,10400,Shared,Triple,Coed,Not Required,Required,Required,Required,Required,Preferred,Required,Preferred,Fully Furnished
U1434,Student,Maharashtra,Nagpur,LM0325,3900,7600,Shared,Triple,Girls,Preferred,Required,Not Required,Required,Not Required,Required,Required,Not Required,Any
U1435,Student,Maharashtra,Nagpur,LM0351,5100,10200,Dormitory,Dormitory,Boys,Preferred,Preferred,Preferred,Not Required,Not Required,Preferred,Required,Required,Fully Furnished
U1436,Student,Maharashtra,Nagpur,LM0328,4900,10100,Private,Single,Girls,Preferred,Preferred,Preferred,Required,Preferred,Preferred,Required,Required,Any
U1437,Student,Maharashtra,Nagpur,LM0342,4000,9600,Shared,Double,Boys,Preferred,Not Required,Required,Required,Not Required,Required,Preferred,Preferred,Any
U1438,Working Professional,Maharashtra,Nagpur,LM0351,10300,18800,Shared,Double,Girls,Preferred,Required,Required,Required,Required,Required,Required,Required,Fully Furnished
U1439,Student,Maharashtra,Nagpur,LM0348,5600,10100,Private,Double,Girls,Preferred,Preferred,Preferred,Required,Not Required,Preferred,Preferred,Required,Semi Furnished
U1440,Student,Maharashtra,Nagpur,LM0344,4800,9600,Shared,Double,Girls,Not Required,Required,Required,Required,Not Required,Required,Preferred,Required,Semi Furnished
U1441,Working Professional,Maharashtra,Nagpur,LM0335,10300,18400,Private,Double,Girls,Not Required,Preferred,Not Required,Required,Required,Required,Preferred,Required,Semi Furnished
U1442,Student,Maharashtra,Nagpur,LM0344,5600,10100,Shared,Triple,Boys,Required,Required,Required,Preferred,Not Required,Preferred,Preferred,Preferred,Semi Furnished
U1443,Working Professional,Maharashtra,Nagpur,LM0343,9500,16200,Shared,Double,Boys,Preferred,Required,Not Required,Preferred,Required,Not Required,Required,Required,Semi Furnished
U1444,Working Professional,Maharashtra,Nagpur,LM0346,7800,12100,Shared,Double,Boys,Required,Preferred,Required,Preferred,Preferred,Preferred,Required,Required,Fully Furnished
U1445,Student,Maharashtra,Nagpur,LM0330,5300,9200,Shared,Double,Boys,Not Required,Required,Preferred,Required,Not Required,Preferred,Required,Preferred,Semi Furnished
U1446,Working Professional,Maharashtra,Nagpur,LM0327,10900,15500,Private,Single,Coed,Not Required,Not Required,Required,Required,Preferred,Preferred,Preferred,Required,Fully Furnished
U1447,Student,Maharashtra,Nagpur,LM0338,4600,8000,Private,Single,Girls,Preferred,Preferred,Required,Preferred,Not Required,Preferred,Required,Required,Semi Furnished
U1448,Working Professional,Maharashtra,Nagpur,LM0349,9600,15700,Shared,Triple,Boys,Preferred,Required,Preferred,Not Required,Not Required,Preferred,Required,Required,Fully Furnished
U1449,Student,Maharashtra,Nagpur,LM0332,4300,7500,Shared,Double,Girls,Not Required,Preferred,Preferred,Required,Not Required,Preferred,Preferred,Required,Unfurnished
U1450,Student,Maharashtra,Nagpur,LM0334,4900,10700,Private,Double,Boys,Preferred,Preferred,Required,Required,Preferred,Preferred,Required,Preferred,Fully Furnished
U1451,Student,Maharashtra,Nagpur,LM0347,6000,11400,Dormitory,Dormitory,Girls,Not Required,Preferred,Preferred,Required,Not Required,Preferred,Not Required,Preferred,Fully Furnished
U1452,Student,Maharashtra,Nagpur,LM0344,3700,8500,Shared,Double,Girls,Preferred,Required,Required,Required,Preferred,Preferred,Required,Preferred,Semi Furnished
U1453,Student,Maharashtra,Nagpur,LM0333,6200,12100,Private,Single,Girls,Preferred,Not Required,Preferred,Required,Not Required,Required,Required,Preferred,Unfurnished
U1454,Student,Maharashtra,Nagpur,LM0328,6200,10700,Shared,Double,Boys,Not Required,Preferred,Required,Preferred,Not Required,Preferred,Preferred,Required,Fully Furnished
U1455,Student,Maharashtra,Nagpur,LM0329,4400,7900,Shared,Double,Girls,Preferred,Required,Not Required,Required,Not Required,Preferred,Preferred,Required,Fully Furnished
U1456,Working Professional,Maharashtra,Nagpur,LM0335,11100,19500,Private,Double,Girls,Required,Required,Required,Required,Preferred,Required,Required,Required,Fully Furnished
U1457,Student,Maharashtra,Nagpur,LM0330,4900,7500,Shared,Double,Girls,Required,Preferred,Required,Required,Not Required,Required,Required,Preferred,Fully Furnished
U1458,Working Professional,Maharashtra,Nagpur,LM0327,9500,18800,Shared,Triple,Coed,Preferred,Required,Preferred,Required,Required,Preferred,Required,Required,Semi Furnished
U1459,Working Professional,Maharashtra,Nagpur,LM0334,9100,15800,Shared,Double,Girls,Required,Required,Preferred,Preferred,Preferred,Required,Required,Preferred,Fully Furnished
U1460,Student,Maharashtra,Nagpur,LM0342,6100,10800,Shared,Triple,Girls,Preferred,Preferred,Required,Not Required,Not Required,Preferred,Preferred,Required,Fully Furnished
U1461,Student,Maharashtra,Nagpur,LM0339,4200,9000,Private,Double,Girls,Preferred,Required,Required,Preferred,Preferred,Preferred,Preferred,Required,Semi Furnished
U1462,Student,Maharashtra,Nashik,LM0372,5400,8300,Shared,Triple,Coed,Preferred,Required,Required,Not Required,Not Required,Not Required,Preferred,Preferred,Semi Furnished
U1463,Working Professional,Maharashtra,Nashik,LM0365,9800,16300,Private,Single,Girls,Not Required,Preferred,Preferred,Preferred,Not Required,Preferred,Preferred,Preferred,Fully Furnished
U1464,Student,Maharashtra,Nashik,LM0369,6200,10600,Shared,Triple,Girls,Not Required,Not Required,Preferred,Preferred,Not Required,Required,Preferred,Not Required,Any
U1465,Student,Maharashtra,Nashik,LM0359,5800,11500,Shared,Triple,Boys,Required,Required,Required,Preferred,Not Required,Required,Preferred,Required,Semi Furnished
U1466,Student,Maharashtra,Nashik,LM0376,4700,9200,Shared,Triple,Girls,Required,Required,Required,Required,Not Required,Preferred,Preferred,Not Required,Fully Furnished
U1467,Student,Maharashtra,Nashik,LM0372,4600,9500,Dormitory,Dormitory,Girls,Preferred,Preferred,Preferred,Required,Not Required,Not Required,Preferred,Required,Any
U1468,Student,Maharashtra,Nashik,LM0354,6200,8800,Private,Double,Coed,Not Required,Required,Preferred,Required,Required,Preferred,Required,Required,Any
U1469,Student,Maharashtra,Nashik,LM0354,4800,9500,Shared,Triple,Girls,Not Required,Required,Not Required,Required,Not Required,Required,Not Required,Preferred,Semi Furnished
U1470,Student,Maharashtra,Nashik,LM0368,4700,10400,Shared,Triple,Boys,Preferred,Required,Preferred,Preferred,Not Required,Required,Preferred,Preferred,Any
U1471,Student,Maharashtra,Nashik,LM0364,4400,8400,Dormitory,Dormitory,Coed,Preferred,Preferred,Required,Required,Not Required,Preferred,Required,Required,Semi Furnished
U1472,Student,Maharashtra,Nashik,LM0368,4200,7700,Private,Double,Boys,Preferred,Not Required,Required,Preferred,Preferred,Required,Required,Required,Fully Furnished
U1473,Working Professional,Maharashtra,Nashik,LM0355,7900,14900,Shared,Double,Girls,Preferred,Required,Required,Not Required,Preferred,Preferred,Not Required,Required,Fully Furnished
U1474,Student,Maharashtra,Nashik,LM0354,5800,11100,Shared,Triple,Girls,Not Required,Required,Preferred,Preferred,Not Required,Preferred,Required,Preferred,Unfurnished
U1475,Student,Maharashtra,Nashik,LM0377,6300,12100,Dormitory,Dormitory,Boys,Preferred,Not Required,Required,Preferred,Not Required,Required,Required,Required,Any
U1476,Student,Maharashtra,Nashik,LM0366,5300,9600,Shared,Double,Girls,Preferred,Preferred,Required,Required,Not Required,Not Required,Preferred,Not Required,Any
U1477,Working Professional,Maharashtra,Nashik,LM0367,7000,13700,Shared,Triple,Girls,Required,Required,Preferred,Required,Preferred,Not Required,Preferred,Preferred,Any
U1478,Student,Maharashtra,Nashik,LM0371,3800,7600,Shared,Double,Boys,Preferred,Required,Required,Not Required,Not Required,Required,Preferred,Required,Semi Furnished
U1479,Working Professional,Maharashtra,Nashik,LM0357,10500,15500,Shared,Double,Girls,Required,Preferred,Preferred,Required,Not Required,Required,Preferred,Required,Fully Furnished
U1480,Working Professional,Maharashtra,Nashik,LM0362,8200,16000,Private,Single,Girls,Required,Required,Required,Required,Not Required,Not Required,Preferred,Preferred,Semi Furnished
U1481,Student,Maharashtra,Nashik,LM0367,5100,10600,Dormitory,Dormitory,Boys,Not Required,Required,Required,Preferred,Not Required,Preferred,Preferred,Required,Semi Furnished
U1482,Working Professional,Maharashtra,Nashik,LM0368,11800,17400,Private,Double,Boys,Preferred,Required,Preferred,Preferred,Preferred,Required,Required,Required,Semi Furnished
U1483,Student,Maharashtra,Nashik,LM0366,4400,9200,Private,Double,Boys,Not Required,Preferred,Required,Preferred,Not Required,Preferred,Preferred,Required,Fully Furnished
U1484,Student,Maharashtra,Nashik,LM0363,4900,10400,Private,Double,Boys,Required,Required,Required,Preferred,Preferred,Required,Preferred,Preferred,Any
U1485,Student,Maharashtra,Nashik,LM0358,4200,9400,Shared,Triple,Boys,Required,Preferred,Required,Preferred,Not Required,Preferred,Preferred,Preferred,Fully Furnished
U1486,Student,Maharashtra,Nashik,LM0370,5200,9800,Shared,Double,Boys,Not Required,Required,Required,Required,Preferred,Preferred,Preferred,Required,Unfurnished
U1487,Working Professional,Maharashtra,Nashik,LM0368,7200,14500,Private,Double,Coed,Preferred,Required,Required,Preferred,Required,Required,Preferred,Required,Semi Furnished
U1488,Student,Maharashtra,Nashik,LM0355,5400,10600,Dormitory,Dormitory,Coed,Preferred,Required,Preferred,Preferred,Preferred,Required,Required,Required,Any
U1489,Working Professional,Maharashtra,Nashik,LM0355,10900,19300,Private,Double,Coed,Required,Not Required,Required,Preferred,Preferred,Not Required,Preferred,Required,Fully Furnished
U1490,Student,Maharashtra,Nashik,LM0362,4100,7400,Shared,Double,Girls,Preferred,Required,Not Required,Required,Not Required,Preferred,Required,Preferred,Fully Furnished
U1491,Student,Maharashtra,Nashik,LM0353,5300,8900,Dormitory,Dormitory,Boys,Preferred,Required,Preferred,Required,Not Required,Required,Preferred,Preferred,Semi Furnished
U1492,Working Professional,Maharashtra,Nashik,LM0360,9200,15000,Shared,Triple,Boys,Preferred,Required,Required,Required,Not Required,Required,Required,Preferred,Any
U1493,Working Professional,Maharashtra,Nashik,LM0365,11400,16800,Shared,Double,Coed,Required,Required,Required,Required,Required,Preferred,Preferred,Preferred,Fully Furnished
U1494,Student,Maharashtra,Nashik,LM0374,4400,9400,Shared,Double,Coed,Preferred,Required,Preferred,Preferred,Not Required,Required,Required,Required,Semi Furnished
U1495,Working Professional,Maharashtra,Nashik,LM0365,7100,12100,Private,Double,Girls,Preferred,Required,Required,Preferred,Preferred,Required,Required,Required,Fully Furnished
U1496,Student,Maharashtra,Nashik,LM0377,4700,9900,Shared,Triple,Boys,Preferred,Preferred,Required,Preferred,Required,Not Required,Preferred,Not Required,Fully Furnished
U1497,Student,Maharashtra,Nashik,LM0376,5600,9100,Shared,Double,Boys,Preferred,Preferred,Preferred,Preferred,Not Required,Not Required,Required,Preferred,Any
U1498,Working Professional,Maharashtra,Nashik,LM0377,10300,14900,Private,Double,Boys,Required,Required,Preferred,Required,Not Required,Preferred,Preferred,Required,Semi Furnished
U1499,Student,Maharashtra,Nashik,LM0369,6500,11700,Dormitory,Dormitory,Boys,Preferred,Required,Not Required,Required,Not Required,Not Required,Preferred,Required,Fully Furnished
U1500,Student,Maharashtra,Nashik,LM0361,6200,9700,Shared,Double,Girls,Preferred,Preferred,Preferred,Preferred,Required,Not Required,Required,Required,Semi Furnished
U1501,Working Professional,Maharashtra,Nashik,LM0367,11300,20000,Private,Double,Boys,Required,Required,Required,Required,Required,Not Required,Required,Required,Fully Furnished
U1502,Student,Maharashtra,Nashik,LM0377,4600,8800,Private,Double,Boys,Preferred,Required,Preferred,Required,Not Required,Required,Preferred,Preferred,Unfurnished
U1503,Student,Maharashtra,Nashik,LM0376,5900,11600,Shared,Triple,Boys,Not Required,Not Required,Preferred,Required,Not Required,Preferred,Required,Required,Fully Furnished
U1504,Working Professional,Maharashtra,Nashik,LM0355,7000,12000,Private,Single,Boys,Required,Required,Required,Required,Preferred,Preferred,Required,Required,Fully Furnished
U1505,Student,Maharashtra,Nashik,LM0369,4500,8700,Shared,Triple,Boys,Preferred,Preferred,Preferred,Required,Preferred,Preferred,Preferred,Required,Fully Furnished
U1506,Student,Maharashtra,Nashik,LM0366,6500,10200,Private,Single,Girls,Preferred,Preferred,Required,Not Required,Preferred,Required,Preferred,Required,Semi Furnished
U1507,Student,Maharashtra,Nashik,LM0370,5800,9300,Shared,Double,Boys,Preferred,Preferred,Preferred,Required,Not Required,Preferred,Preferred,Required,Fully Furnished
U1508,Working Professional,Maharashtra,Nashik,LM0363,9200,16200,Private,Double,Boys,Required,Required,Required,Preferred,Not Required,Not Required,Required,Preferred,Semi Furnished
U1509,Student,Maharashtra,Nashik,LM0366,3800,8100,Shared,Double,Girls,Required,Required,Preferred,Required,Not Required,Not Required,Preferred,Preferred,Fully Furnished
U1510,Student,Maharashtra,Nashik,LM0355,4200,9800,Dormitory,Dormitory,Boys,Not Required,Required,Required,Not Required,Preferred,Not Required,Preferred,Required,Semi Furnished
U1511,Working Professional,Maharashtra,Nashik,LM0375,8100,17200,Shared,Triple,Boys,Required,Required,Required,Required,Preferred,Preferred,Preferred,Preferred,Any
U1512,Student,Maharashtra,Nashik,LM0360,6200,10500,Shared,Triple,Coed,Preferred,Preferred,Required,Not Required,Preferred,Required,Required,Required,Fully Furnished
U1513,Student,Maharashtra,Nashik,LM0363,5400,9600,Dormitory,Dormitory,Coed,Not Required,Required,Required,Required,Not Required,Required,Required,Required,Any
U1514,Working Professional,Maharashtra,Nashik,LM0354,7700,14600,Shared,Triple,Boys,Preferred,Preferred,Required,Preferred,Not Required,Required,Preferred,Preferred,Any
U1515,Student,Maharashtra,Nashik,LM0360,3900,8000,Private,Single,Girls,Not Required,Preferred,Required,Preferred,Not Required,Preferred,Preferred,Required,Fully Furnished
U1516,Working Professional,Maharashtra,Nashik,LM0359,7400,12000,Private,Single,Girls,Required,Required,Required,Required,Not Required,Required,Preferred,Required,Fully Furnished
U1517,Working Professional,Maharashtra,Nashik,LM0375,8800,15900,Private,Single,Girls,Required,Required,Required,Preferred,Not Required,Preferred,Required,Preferred,Semi Furnished
U1518,Student,Maharashtra,Nashik,LM0371,4700,8500,Shared,Triple,Boys,Required,Required,Required,Required,Preferred,Preferred,Preferred,Required,Any
U1519,Student,Maharashtra,Nashik,LM0361,5900,11400,Shared,Double,Boys,Required,Required,Required,Preferred,Required,Required,Preferred,Preferred,Semi Furnished
U1520,Working Professional,Maharashtra,Nashik,LM0371,8100,15700,Shared,Triple,Boys,Required,Preferred,Required,Required,Required,Required,Required,Required,Fully Furnished
U1521,Working Professional,Maharashtra,Nashik,LM0357,8300,15900,Private,Double,Girls,Required,Required,Required,Preferred,Required,Preferred,Required,Required,Any
U1522,Student,Maharashtra,Nashik,LM0370,5500,10700,Shared,Double,Girls,Not Required,Not Required,Required,Preferred,Not Required,Preferred,Preferred,Not Required,Any
U1523,Student,Maharashtra,Nashik,LM0377,4000,9900,Shared,Triple,Boys,Preferred,Required,Required,Required,Not Required,Preferred,Preferred,Not Required,Semi Furnished
U1524,Working Professional,Maharashtra,Nashik,LM0374,7500,17000,Private,Single,Girls,Required,Required,Required,Required,Preferred,Preferred,Required,Not Required,Semi Furnished
U1525,Working Professional,Maharashtra,Nashik,LM0360,7400,16600,Private,Double,Girls,Required,Not Required,Required,Required,Not Required,Preferred,Preferred,Required,Semi Furnished
U1526,Working Professional,Maharashtra,Nashik,LM0363,10000,17600,Private,Double,Boys,Preferred,Preferred,Preferred,Required,Not Required,Preferred,Preferred,Not Required,Semi Furnished
U1527,Student,Maharashtra,Nashik,LM0360,6400,10800,Shared,Triple,Girls,Preferred,Preferred,Required,Required,Preferred,Preferred,Preferred,Not Required,Any
U1528,Student,Maharashtra,Nashik,LM0369,4400,8400,Private,Double,Coed,Preferred,Required,Required,Preferred,Not Required,Preferred,Required,Not Required,Semi Furnished
U1529,Student,Maharashtra,Nashik,LM0375,4100,9100,Shared,Triple,Boys,Not Required,Preferred,Preferred,Preferred,Not Required,Preferred,Preferred,Not Required,Unfurnished
U1530,Working Professional,Maharashtra,Nashik,LM0370,9200,14200,Private,Double,Girls,Required,Preferred,Required,Preferred,Not Required,Required,Required,Required,Fully Furnished
U1531,Student,Maharashtra,Nashik,LM0358,6100,11900,Private,Double,Girls,Required,Required,Required,Required,Not Required,Not Required,Preferred,Required,Fully Furnished
U1532,Working Professional,Maharashtra,Nashik,LM0373,8200,12300,Shared,Double,Boys,Required,Preferred,Preferred,Not Required,Preferred,Required,Not Required,Preferred,Any
U1533,Student,Maharashtra,Nashik,LM0369,5900,9600,Shared,Triple,Girls,Preferred,Preferred,Required,Required,Preferred,Preferred,Required,Not Required,Any
U1534,Student,Maharashtra,Nashik,LM0363,5400,8100,Private,Double,Boys,Not Required,Not Required,Required,Required,Not Required,Required,Preferred,Preferred,Unfurnished
U1535,Student,Maharashtra,Nashik,LM0359,5400,10400,Shared,Double,Boys,Not Required,Required,Required,Required,Not Required,Not Required,Not Required,Required,Any
U1536,Student,Maharashtra,Nashik,LM0372,5800,9600,Private,Double,Boys,Preferred,Preferred,Preferred,Preferred,Not Required,Required,Preferred,Preferred,Fully Furnished
U1537,Student,Maharashtra,Nashik,LM0367,4900,10700,Shared,Double,Boys,Required,Preferred,Preferred,Required,Not Required,Preferred,Preferred,Not Required,Fully Furnished
U1538,Student,Maharashtra,Nashik,LM0363,4600,10300,Dormitory,Dormitory,Girls,Preferred,Preferred,Required,Not Required,Not Required,Required,Preferred,Preferred,Fully Furnished
U1539,Working Professional,Maharashtra,Nashik,LM0365,11700,20800,Private,Double,Girls,Required,Required,Required,Required,Not Required,Preferred,Preferred,Preferred,Fully Furnished
U1540,Student,Maharashtra,Nashik,LM0365,4000,9400,Shared,Triple,Boys,Preferred,Preferred,Required,Preferred,Not Required,Not Required,Preferred,Required,Any
U1541,Student,Maharashtra,Nashik,LM0368,4200,7700,Private,Single,Boys,Preferred,Required,Preferred,Required,Preferred,Preferred,Required,Not Required,Fully Furnished
U1542,Student,Maharashtra,Nashik,LM0376,3600,8300,Private,Double,Boys,Preferred,Not Required,Required,Preferred,Preferred,Required,Required,Preferred,Semi Furnished
U1543,Working Professional,Maharashtra,Nashik,LM0358,9700,17100,Shared,Double,Boys,Required,Not Required,Preferred,Preferred,Not Required,Preferred,Preferred,Required,Semi Furnished
U1544,Working Professional,Maharashtra,Nashik,LM0373,10000,19800,Shared,Double,Coed,Required,Preferred,Required,Required,Not Required,Not Required,Required,Required,Fully Furnished
U1545,Working Professional,Maharashtra,Nashik,LM0366,8100,17200,Shared,Double,Boys,Required,Required,Preferred,Not Required,Not Required,Not Required,Required,Required,Fully Furnished
U1546,Student,Maharashtra,Nashik,LM0360,3700,8600,Shared,Double,Girls,Preferred,Required,Preferred,Preferred,Preferred,Required,Preferred,Required,Fully Furnished
U1547,Working Professional,Maharashtra,Nashik,LM0364,8800,14400,Shared,Triple,Girls,Required,Required,Required,Required,Not Required,Required,Required,Required,Semi Furnished
U1548,Student,Maharashtra,Nashik,LM0358,5800,9000,Private,Double,Boys,Required,Preferred,Required,Preferred,Not Required,Required,Not Required,Preferred,Semi Furnished
U1549,Student,Maharashtra,Nashik,LM0355,6500,10900,Private,Single,Girls,Not Required,Required,Preferred,Required,Not Required,Required,Preferred,Not Required,Fully Furnished
U1550,Student,Maharashtra,Nashik,LM0360,6200,8700,Shared,Double,Coed,Preferred,Preferred,Preferred,Required,Not Required,Preferred,Preferred,Preferred,Fully Furnished
U1551,Working Professional,Maharashtra,Nashik,LM0368,8300,12700,Private,Single,Coed,Required,Preferred,Required,Not Required,Preferred,Required,Required,Required,Semi Furnished
U1552,Student,Maharashtra,Nashik,LM0371,6000,10100,Shared,Triple,Girls,Preferred,Not Required,Required,Required,Not Required,Required,Required,Required,Fully Furnished
U1553,Working Professional,Maharashtra,Nashik,LM0353,8700,13400,Private,Double,Girls,Preferred,Preferred,Required,Preferred,Required,Required,Preferred,Required,Any
U1554,Student,Maharashtra,Nashik,LM0357,4100,7300,Shared,Double,Girls,Preferred,Required,Preferred,Required,Preferred,Required,Required,Not Required,Semi Furnished
U1555,Working Professional,Maharashtra,Nashik,LM0364,8400,15100,Shared,Triple,Coed,Required,Preferred,Required,Not Required,Not Required,Preferred,Preferred,Not Required,Fully Furnished
U1556,Student,Maharashtra,Nashik,LM0355,4700,7900,Shared,Triple,Boys,Not Required,Required,Preferred,Preferred,Not Required,Required,Preferred,Preferred,Unfurnished
U1557,Working Professional,Maharashtra,Nashik,LM0359,12000,18800,Private,Single,Boys,Preferred,Preferred,Required,Not Required,Required,Preferred,Not Required,Preferred,Semi Furnished
U1558,Student,Maharashtra,Nashik,LM0371,5400,10200,Shared,Triple,Girls,Preferred,Required,Preferred,Preferred,Not Required,Preferred,Required,Required,Semi Furnished
U1559,Working Professional,Maharashtra,Nashik,LM0354,8400,16300,Shared,Double,Boys,Required,Required,Required,Required,Required,Preferred,Required,Required,Fully Furnished
U1560,Student,Maharashtra,Nashik,LM0368,6400,10800,Shared,Double,Boys,Preferred,Not Required,Required,Required,Not Required,Required,Required,Required,Semi Furnished
U1561,Working Professional,Maharashtra,Nashik,LM0368,11300,17500,Shared,Triple,Girls,Required,Required,Preferred,Required,Not Required,Required,Preferred,Required,Fully Furnished
U1562,Working Professional,Maharashtra,Nashik,LM0371,7400,12900,Private,Single,Coed,Preferred,Required,Preferred,Preferred,Preferred,Required,Preferred,Preferred,Any
U1563,Student,Maharashtra,Nashik,LM0367,4400,9900,Shared,Triple,Girls,Preferred,Required,Required,Required,Preferred,Preferred,Preferred,Preferred,Fully Furnished
U1564,Working Professional,Maharashtra,Nashik,LM0357,9800,18900,Private,Double,Coed,Preferred,Required,Required,Required,Preferred,Preferred,Not Required,Preferred,Fully Furnished
U1565,Student,Maharashtra,Nashik,LM0365,5400,10900,Private,Single,Boys,Not Required,Not Required,Required,Required,Not Required,Preferred,Required,Required,Semi Furnished
U1566,Student,Maharashtra,Nashik,LM0376,5300,9400,Private,Double,Girls,Preferred,Not Required,Preferred,Required,Not Required,Required,Required,Preferred,Semi Furnished
U1567,Student,Maharashtra,Nashik,LM0377,5700,8500,Dormitory,Dormitory,Boys,Preferred,Preferred,Preferred,Not Required,Required,Required,Preferred,Required,Fully Furnished
U1568,Working Professional,Maharashtra,Nashik,LM0375,11400,16700,Private,Double,Girls,Required,Required,Required,Required,Not Required,Preferred,Required,Preferred,Any
U1569,Working Professional,Maharashtra,Nashik,LM0366,9300,17000,Shared,Triple,Girls,Required,Not Required,Required,Required,Not Required,Preferred,Required,Required,Any
U1570,Student,Gujarat,Rajkot,LM0383,3500,9300,Dormitory,Dormitory,Coed,Not Required,Preferred,Required,Preferred,Not Required,Preferred,Not Required,Required,Any
U1571,Student,Gujarat,Rajkot,LM0384,3600,8000,Shared,Triple,Boys,Preferred,Required,Preferred,Preferred,Not Required,Preferred,Preferred,Required,Semi Furnished
U1572,Student,Gujarat,Rajkot,LM0390,3200,8700,Private,Double,Boys,Preferred,Required,Required,Required,Required,Required,Required,Preferred,Semi Furnished
U1573,Student,Gujarat,Rajkot,LM0390,2600,7400,Private,Single,Boys,Preferred,Required,Preferred,Not Required,Not Required,Required,Required,Preferred,Fully Furnished
U1574,Student,Gujarat,Rajkot,LM0394,4100,6600,Shared,Double,Boys,Preferred,Required,Required,Preferred,Not Required,Required,Required,Required,Any
U1575,Student,Gujarat,Rajkot,LM0389,3000,7700,Private,Double,Boys,Required,Required,Required,Required,Not Required,Preferred,Required,Preferred,Semi Furnished
U1576,Student,Gujarat,Rajkot,LM0386,3000,7200,Shared,Triple,Coed,Required,Required,Required,Preferred,Not Required,Required,Required,Not Required,Semi Furnished
U1577,Student,Gujarat,Rajkot,LM0392,4600,10600,Private,Double,Boys,Not Required,Required,Required,Not Required,Preferred,Preferred,Preferred,Required,Any
U1578,Working Professional,Gujarat,Rajkot,LM0383,8700,12700,Private,Double,Boys,Required,Preferred,Not Required,Not Required,Preferred,Preferred,Preferred,Required,Any
U1579,Student,Gujarat,Rajkot,LM0395,3600,8000,Shared,Triple,Boys,Preferred,Preferred,Required,Preferred,Preferred,Required,Not Required,Preferred,Semi Furnished
U1580,Student,Gujarat,Rajkot,LM0380,3500,7400,Shared,Double,Girls,Preferred,Required,Required,Preferred,Not Required,Not Required,Not Required,Required,Semi Furnished
U1581,Student,Gujarat,Rajkot,LM0382,3000,6700,Dormitory,Dormitory,Girls,Not Required,Preferred,Required,Not Required,Not Required,Required,Required,Required,Semi Furnished
U1582,Working Professional,Gujarat,Rajkot,LM0385,5600,14300,Private,Single,Boys,Required,Required,Preferred,Preferred,Not Required,Required,Required,Required,Fully Furnished
U1583,Student,Gujarat,Rajkot,LM0396,3300,7000,Dormitory,Dormitory,Girls,Preferred,Required,Required,Preferred,Not Required,Preferred,Preferred,Not Required,Any
U1584,Student,Gujarat,Rajkot,LM0385,4600,7500,Dormitory,Dormitory,Boys,Preferred,Required,Required,Preferred,Required,Preferred,Preferred,Required,Fully Furnished
U1585,Student,Gujarat,Rajkot,LM0382,4900,7500,Dormitory,Dormitory,Girls,Preferred,Required,Required,Required,Not Required,Required,Required,Required,Fully Furnished
U1586,Student,Gujarat,Rajkot,LM0386,2800,6400,Shared,Double,Boys,Preferred,Required,Preferred,Required,Preferred,Preferred,Preferred,Required,Semi Furnished
U1587,Working Professional,Gujarat,Rajkot,LM0384,5500,11000,Shared,Double,Girls,Preferred,Required,Preferred,Preferred,Required,Required,Required,Required,Fully Furnished
U1588,Working Professional,Gujarat,Rajkot,LM0385,5500,12800,Private,Double,Girls,Required,Required,Not Required,Required,Preferred,Preferred,Required,Preferred,Any
U1589,Student,Gujarat,Rajkot,LM0392,3500,9200,Private,Double,Girls,Preferred,Preferred,Required,Preferred,Not Required,Required,Not Required,Required,Unfurnished
U1590,Working Professional,Gujarat,Rajkot,LM0384,6700,15300,Private,Double,Girls,Preferred,Preferred,Required,Preferred,Preferred,Preferred,Required,Required,Fully Furnished
U1591,Student,Gujarat,Rajkot,LM0392,4300,8100,Shared,Double,Girls,Required,Preferred,Required,Not Required,Not Required,Required,Preferred,Required,Unfurnished
U1592,Student,Gujarat,Rajkot,LM0394,3200,7100,Shared,Triple,Girls,Preferred,Required,Required,Preferred,Not Required,Required,Preferred,Required,Semi Furnished
U1593,Working Professional,Gujarat,Rajkot,LM0396,5800,15500,Private,Single,Boys,Required,Required,Required,Not Required,Preferred,Required,Required,Required,Semi Furnished
U1594,Student,Gujarat,Rajkot,LM0390,3300,7800,Private,Double,Boys,Not Required,Preferred,Required,Required,Preferred,Required,Required,Required,Semi Furnished
U1595,Student,Gujarat,Rajkot,LM0383,2600,8300,Dormitory,Dormitory,Coed,Preferred,Required,Required,Not Required,Preferred,Required,Not Required,Required,Fully Furnished
U1596,Student,Gujarat,Rajkot,LM0391,3900,7500,Private,Single,Girls,Not Required,Required,Not Required,Required,Not Required,Preferred,Preferred,Required,Semi Furnished
U1597,Student,Gujarat,Rajkot,LM0391,4900,8000,Shared,Double,Girls,Preferred,Preferred,Preferred,Preferred,Not Required,Required,Preferred,Required,Fully Furnished
U1598,Working Professional,Gujarat,Rajkot,LM0394,8500,17300,Shared,Triple,Girls,Required,Not Required,Required,Required,Not Required,Required,Required,Required,Fully Furnished
U1599,Student,Gujarat,Rajkot,LM0379,3400,7900,Shared,Triple,Boys,Required,Required,Preferred,Preferred,Not Required,Not Required,Not Required,Preferred,Semi Furnished
U1600,Working Professional,Gujarat,Rajkot,LM0392,7100,14300,Shared,Double,Girls,Preferred,Preferred,Required,Preferred,Preferred,Required,Required,Required,Any
U1601,Student,Gujarat,Rajkot,LM0382,4800,7900,Shared,Triple,Girls,Preferred,Required,Required,Preferred,Preferred,Preferred,Required,Not Required,Any
U1602,Student,Gujarat,Rajkot,LM0389,2900,8800,Shared,Triple,Boys,Preferred,Required,Required,Required,Preferred,Not Required,Preferred,Required,Any
U1603,Student,Gujarat,Rajkot,LM0391,4000,6600,Shared,Double,Boys,Not Required,Preferred,Required,Preferred,Preferred,Required,Preferred,Required,Any
U1604,Student,Gujarat,Rajkot,LM0386,3700,7300,Private,Double,Girls,Preferred,Preferred,Required,Required,Not Required,Required,Preferred,Required,Semi Furnished
U1605,Working Professional,Gujarat,Rajkot,LM0392,9800,19500,Shared,Double,Girls,Required,Required,Preferred,Required,Required,Preferred,Preferred,Not Required,Any
U1606,Student,Gujarat,Rajkot,LM0394,2900,8000,Shared,Double,Boys,Required,Preferred,Required,Preferred,Not Required,Required,Preferred,Preferred,Fully Furnished
U1607,Working Professional,Gujarat,Rajkot,LM0396,8400,15200,Shared,Triple,Boys,Required,Preferred,Required,Required,Not Required,Preferred,Preferred,Required,Semi Furnished
U1608,Student,Gujarat,Rajkot,LM0380,3500,9100,Shared,Double,Coed,Preferred,Preferred,Required,Required,Not Required,Preferred,Preferred,Required,Semi Furnished
U1609,Student,Gujarat,Rajkot,LM0392,2600,7200,Shared,Double,Girls,Not Required,Preferred,Required,Required,Required,Required,Preferred,Preferred,Semi Furnished
U1610,Working Professional,Gujarat,Rajkot,LM0394,7800,14600,Shared,Triple,Coed,Required,Not Required,Required,Preferred,Not Required,Required,Preferred,Required,Any
U1611,Student,Gujarat,Rajkot,LM0395,3000,8000,Shared,Double,Boys,Preferred,Required,Required,Preferred,Not Required,Preferred,Required,Required,Fully Furnished
U1612,Working Professional,Gujarat,Rajkot,LM0387,6900,15400,Shared,Triple,Girls,Required,Required,Required,Required,Required,Required,Required,Required,Semi Furnished
U1613,Working Professional,Gujarat,Rajkot,LM0390,9100,17900,Shared,Double,Boys,Required,Preferred,Preferred,Preferred,Preferred,Required,Required,Required,Semi Furnished
U1614,Student,Gujarat,Rajkot,LM0395,2500,8000,Shared,Double,Boys,Preferred,Required,Required,Required,Not Required,Preferred,Required,Required,Unfurnished
U1615,Student,Gujarat,Rajkot,LM0380,4900,10700,Shared,Triple,Girls,Preferred,Required,Required,Required,Not Required,Preferred,Required,Preferred,Semi Furnished
U1616,Student,Gujarat,Rajkot,LM0383,4800,10400,Dormitory,Dormitory,Girls,Preferred,Preferred,Required,Required,Not Required,Preferred,Preferred,Preferred,Semi Furnished
U1617,Working Professional,Gujarat,Rajkot,LM0392,8000,16900,Shared,Triple,Boys,Preferred,Preferred,Required,Required,Not Required,Preferred,Preferred,Required,Semi Furnished
U1618,Working Professional,Gujarat,Rajkot,LM0388,6000,12600,Shared,Triple,Girls,Not Required,Required,Preferred,Required,Preferred,Required,Preferred,Required,Fully Furnished
U1619,Student,Gujarat,Rajkot,LM0396,5500,11500,Shared,Double,Girls,Preferred,Required,Required,Not Required,Not Required,Not Required,Not Required,Required,Fully Furnished
U1620,Working Professional,Gujarat,Rajkot,LM0382,8000,15700,Private,Double,Boys,Required,Not Required,Required,Preferred,Required,Required,Required,Required,Semi Furnished
U1621,Working Professional,Gujarat,Rajkot,LM0382,5600,13000,Shared,Triple,Girls,Preferred,Required,Required,Required,Not Required,Preferred,Required,Not Required,Fully Furnished
U1622,Student,Gujarat,Rajkot,LM0378,3800,8500,Shared,Double,Girls,Preferred,Required,Required,Required,Preferred,Required,Required,Required,Any
U1623,Student,Gujarat,Rajkot,LM0387,4200,8300,Shared,Double,Girls,Preferred,Required,Required,Required,Not Required,Preferred,Required,Not Required,Fully Furnished
U1624,Working Professional,Gujarat,Rajkot,LM0385,6600,14700,Private,Double,Girls,Preferred,Preferred,Required,Not Required,Preferred,Required,Preferred,Preferred,Semi Furnished
U1625,Student,Gujarat,Rajkot,LM0386,3800,9100,Shared,Double,Boys,Required,Preferred,Required,Preferred,Preferred,Required,Preferred,Required,Unfurnished
U1626,Working Professional,Gujarat,Rajkot,LM0396,7400,12300,Shared,Triple,Girls,Preferred,Required,Required,Preferred,Preferred,Required,Required,Required,Semi Furnished
U1627,Student,Gujarat,Rajkot,LM0390,4500,9400,Shared,Double,Girls,Preferred,Preferred,Preferred,Not Required,Not Required,Not Required,Required,Required,Fully Furnished
U1628,Working Professional,Gujarat,Rajkot,LM0390,6800,16100,Private,Single,Girls,Preferred,Required,Preferred,Required,Not Required,Required,Preferred,Required,Fully Furnished
U1629,Student,Gujarat,Rajkot,LM0394,4800,8300,Shared,Double,Boys,Preferred,Preferred,Required,Preferred,Not Required,Required,Preferred,Required,Fully Furnished
U1630,Student,Gujarat,Rajkot,LM0386,3000,5700,Private,Single,Boys,Preferred,Required,Preferred,Required,Preferred,Preferred,Not Required,Required,Semi Furnished
U1631,Student,Gujarat,Rajkot,LM0396,3400,7500,Shared,Triple,Girls,Preferred,Required,Required,Preferred,Not Required,Preferred,Required,Preferred,Fully Furnished
U1632,Working Professional,Gujarat,Rajkot,LM0396,5700,15100,Private,Single,Boys,Required,Preferred,Required,Not Required,Not Required,Preferred,Required,Preferred,Fully Furnished
U1633,Student,Gujarat,Rajkot,LM0384,5200,10500,Shared,Double,Girls,Preferred,Preferred,Required,Preferred,Not Required,Preferred,Not Required,Required,Semi Furnished
U1634,Student,Gujarat,Rajkot,LM0391,4800,9600,Shared,Double,Girls,Preferred,Required,Required,Required,Preferred,Preferred,Not Required,Preferred,Fully Furnished
U1635,Working Professional,Gujarat,Rajkot,LM0381,9800,17200,Private,Single,Girls,Required,Not Required,Required,Preferred,Preferred,Required,Preferred,Required,Fully Furnished
U1636,Student,Gujarat,Rajkot,LM0381,5300,9300,Private,Single,Boys,Not Required,Required,Required,Required,Not Required,Preferred,Required,Required,Any
U1637,Student,Gujarat,Rajkot,LM0388,5300,11200,Private,Double,Boys,Not Required,Required,Required,Required,Not Required,Preferred,Required,Required,Any
U1638,Working Professional,Gujarat,Rajkot,LM0382,5400,12000,Shared,Triple,Girls,Preferred,Required,Required,Preferred,Not Required,Preferred,Required,Required,Semi Furnished
U1639,Working Professional,Gujarat,Rajkot,LM0389,5900,11900,Private,Single,Girls,Preferred,Preferred,Required,Required,Required,Preferred,Preferred,Required,Any
U1640,Student,Gujarat,Rajkot,LM0385,2500,8200,Private,Single,Girls,Preferred,Preferred,Required,Preferred,Preferred,Not Required,Required,Required,Semi Furnished
U1641,Working Professional,Gujarat,Rajkot,LM0381,5100,14800,Private,Double,Girls,Preferred,Required,Required,Required,Required,Required,Required,Preferred,Fully Furnished
U1642,Student,Gujarat,Rajkot,LM0387,2800,7400,Private,Double,Girls,Preferred,Preferred,Preferred,Preferred,Not Required,Preferred,Preferred,Required,Any
U1643,Student,Gujarat,Rajkot,LM0392,5200,9800,Private,Double,Coed,Required,Preferred,Required,Not Required,Not Required,Preferred,Required,Required,Fully Furnished
U1644,Student,Gujarat,Rajkot,LM0385,4500,9300,Private,Single,Girls,Not Required,Required,Required,Required,Not Required,Preferred,Required,Required,Semi Furnished
U1645,Student,Gujarat,Rajkot,LM0384,2600,7200,Shared,Double,Boys,Required,Required,Required,Preferred,Not Required,Not Required,Preferred,Required,Semi Furnished
U1646,Working Professional,Gujarat,Rajkot,LM0378,5100,9800,Shared,Double,Boys,Required,Not Required,Required,Preferred,Preferred,Required,Required,Required,Semi Furnished
U1647,Student,Gujarat,Rajkot,LM0388,4800,10400,Shared,Double,Girls,Preferred,Required,Preferred,Required,Not Required,Preferred,Required,Required,Semi Furnished
U1648,Student,Gujarat,Gandhinagar,LM0410,4800,7500,Shared,Double,Coed,Not Required,Required,Preferred,Preferred,Not Required,Not Required,Preferred,Preferred,Fully Furnished
U1649,Student,Gujarat,Gandhinagar,LM0404,3800,7500,Shared,Triple,Girls,Not Required,Required,Not Required,Preferred,Not Required,Required,Preferred,Preferred,Fully Furnished
U1650,Working Professional,Gujarat,Gandhinagar,LM0401,8900,18700,Private,Single,Girls,Not Required,Required,Required,Required,Preferred,Required,Required,Required,Fully Furnished
U1651,Student,Gujarat,Gandhinagar,LM0414,2500,7200,Private,Single,Boys,Preferred,Preferred,Required,Preferred,Preferred,Not Required,Not Required,Required,Any
U1652,Student,Gujarat,Gandhinagar,LM0408,3400,7900,Shared,Double,Girls,Not Required,Not Required,Required,Preferred,Not Required,Preferred,Required,Preferred,Semi Furnished
U1653,Student,Gujarat,Gandhinagar,LM0414,4300,7000,Private,Single,Boys,Not Required,Required,Required,Preferred,Not Required,Required,Required,Preferred,Semi Furnished
U1654,Student,Gujarat,Gandhinagar,LM0400,3400,8100,Shared,Double,Boys,Preferred,Preferred,Required,Preferred,Not Required,Preferred,Preferred,Preferred,Unfurnished
U1655,Student,Gujarat,Gandhinagar,LM0403,5200,10400,Private,Double,Coed,Not Required,Not Required,Required,Required,Not Required,Required,Required,Preferred,Fully Furnished
U1656,Working Professional,Gujarat,Gandhinagar,LM0411,7600,15100,Shared,Triple,Boys,Required,Preferred,Required,Not Required,Required,Not Required,Not Required,Required,Fully Furnished
U1657,Working Professional,Gujarat,Gandhinagar,LM0409,9500,18700,Shared,Triple,Boys,Required,Preferred,Required,Required,Preferred,Preferred,Required,Preferred,Fully Furnished
U1658,Working Professional,Gujarat,Gandhinagar,LM0406,7300,13000,Private,Double,Boys,Required,Required,Preferred,Not Required,Not Required,Preferred,Preferred,Required,Semi Furnished
U1659,Working Professional,Gujarat,Gandhinagar,LM0411,8800,13000,Private,Double,Boys,Required,Required,Required,Required,Not Required,Preferred,Required,Not Required,Fully Furnished
U1660,Student,Gujarat,Gandhinagar,LM0403,3700,8800,Shared,Double,Boys,Not Required,Required,Required,Preferred,Not Required,Required,Required,Not Required,Fully Furnished
U1661,Student,Gujarat,Gandhinagar,LM0405,3400,9000,Shared,Triple,Boys,Not Required,Preferred,Not Required,Preferred,Preferred,Required,Required,Preferred,Fully Furnished
U1662,Student,Gujarat,Gandhinagar,LM0405,2800,8000,Shared,Double,Coed,Preferred,Required,Preferred,Not Required,Preferred,Required,Required,Preferred,Any
U1663,Student,Gujarat,Gandhinagar,LM0398,4800,8600,Shared,Double,Coed,Preferred,Preferred,Preferred,Required,Not Required,Not Required,Required,Not Required,Any
U1664,Student,Gujarat,Gandhinagar,LM0400,3100,7200,Shared,Triple,Coed,Preferred,Preferred,Required,Preferred,Preferred,Not Required,Preferred,Preferred,Semi Furnished
U1665,Working Professional,Gujarat,Gandhinagar,LM0409,5800,15400,Private,Double,Girls,Required,Preferred,Required,Required,Preferred,Preferred,Required,Required,Semi Furnished
U1666,Student,Gujarat,Gandhinagar,LM0405,4700,10100,Shared,Double,Coed,Not Required,Required,Required,Required,Not Required,Preferred,Preferred,Preferred,Any
U1667,Working Professional,Gujarat,Gandhinagar,LM0413,8900,16300,Shared,Double,Girls,Required,Preferred,Required,Required,Required,Preferred,Required,Preferred,Semi Furnished
U1668,Working Professional,Gujarat,Gandhinagar,LM0404,6700,16500,Private,Double,Coed,Preferred,Required,Preferred,Required,Required,Required,Preferred,Required,Fully Furnished
U1669,Working Professional,Gujarat,Gandhinagar,LM0403,7100,16800,Shared,Triple,Boys,Preferred,Required,Required,Preferred,Preferred,Preferred,Preferred,Required,Fully Furnished
U1670,Working Professional,Gujarat,Gandhinagar,LM0412,9500,18700,Private,Single,Boys,Required,Preferred,Required,Required,Required,Required,Not Required,Not Required,Fully Furnished
U1671,Working Professional,Gujarat,Gandhinagar,LM0416,8700,13800,Shared,Double,Girls,Required,Preferred,Required,Preferred,Not Required,Required,Required,Required,Semi Furnished
U1672,Working Professional,Gujarat,Gandhinagar,LM0416,8300,17000,Shared,Triple,Boys,Required,Required,Required,Preferred,Preferred,Required,Required,Required,Fully Furnished
U1673,Student,Gujarat,Gandhinagar,LM0412,4900,7900,Private,Double,Girls,Preferred,Preferred,Preferred,Required,Preferred,Required,Required,Required,Semi Furnished
U1674,Working Professional,Gujarat,Gandhinagar,LM0417,7500,11500,Shared,Double,Boys,Preferred,Preferred,Preferred,Required,Not Required,Preferred,Required,Preferred,Fully Furnished
U1675,Student,Gujarat,Gandhinagar,LM0409,4600,8900,Shared,Triple,Boys,Required,Preferred,Required,Required,Not Required,Required,Preferred,Required,Semi Furnished
U1676,Working Professional,Gujarat,Gandhinagar,LM0412,6300,14000,Private,Double,Girls,Required,Required,Required,Required,Preferred,Preferred,Required,Required,Fully Furnished
U1677,Student,Gujarat,Gandhinagar,LM0413,4200,7600,Shared,Triple,Boys,Required,Required,Required,Preferred,Not Required,Required,Preferred,Required,Fully Furnished
U1678,Student,Gujarat,Gandhinagar,LM0412,3700,6400,Shared,Triple,Coed,Not Required,Required,Required,Required,Not Required,Not Required,Required,Required,Fully Furnished
U1679,Student,Gujarat,Gandhinagar,LM0405,3400,8200,Shared,Double,Boys,Not Required,Required,Preferred,Required,Not Required,Preferred,Required,Required,Semi Furnished
U1680,Student,Gujarat,Gandhinagar,LM0414,3000,7400,Shared,Double,Boys,Preferred,Required,Preferred,Preferred,Not Required,Preferred,Preferred,Not Required,Semi Furnished
U1681,Student,Gujarat,Gandhinagar,LM0398,4400,8100,Shared,Triple,Girls,Not Required,Required,Required,Preferred,Not Required,Preferred,Required,Required,Semi Furnished
U1682,Student,Gujarat,Gandhinagar,LM0400,2600,7300,Private,Double,Girls,Required,Preferred,Required,Not Required,Preferred,Required,Preferred,Required,Semi Furnished
U1683,Working Professional,Gujarat,Gandhinagar,LM0407,7600,12100,Private,Double,Boys,Required,Required,Not Required,Required,Not Required,Required,Required,Preferred,Any
U1684,Student,Gujarat,Gandhinagar,LM0404,3600,8500,Dormitory,Dormitory,Girls,Not Required,Required,Not Required,Preferred,Not Required,Required,Preferred,Required,Semi Furnished
U1685,Student,Gujarat,Gandhinagar,LM0412,4800,8500,Shared,Triple,Girls,Not Required,Required,Required,Preferred,Required,Preferred,Preferred,Required,Semi Furnished
U1686,Student,Gujarat,Gandhinagar,LM0413,3900,9600,Shared,Triple,Boys,Not Required,Preferred,Required,Preferred,Not Required,Not Required,Preferred,Required,Unfurnished
U1687,Working Professional,Gujarat,Gandhinagar,LM0401,7900,14400,Shared,Triple,Boys,Preferred,Preferred,Preferred,Preferred,Not Required,Required,Required,Required,Any
U1688,Student,Gujarat,Gandhinagar,LM0402,3300,6300,Shared,Double,Boys,Preferred,Required,Preferred,Preferred,Not Required,Preferred,Required,Preferred,Semi Furnished
U1689,Working Professional,Gujarat,Gandhinagar,LM0414,7200,14100,Private,Double,Boys,Not Required,Required,Preferred,Required,Preferred,Preferred,Required,Required,Any
U1690,Working Professional,Gujarat,Gandhinagar,LM0411,7400,14000,Private,Double,Boys,Required,Not Required,Preferred,Required,Required,Required,Preferred,Required,Fully Furnished
U1691,Student,Gujarat,Gandhinagar,LM0409,2700,6200,Shared,Triple,Girls,Not Required,Not Required,Required,Preferred,Not Required,Required,Preferred,Preferred,Semi Furnished
U1692,Working Professional,Gujarat,Gandhinagar,LM0406,9000,18100,Private,Double,Girls,Required,Required,Required,Preferred,Required,Required,Preferred,Required,Semi Furnished
U1693,Student,Gujarat,Gandhinagar,LM0411,2700,6300,Shared,Double,Girls,Preferred,Not Required,Required,Not Required,Not Required,Preferred,Required,Preferred,Semi Furnished
U1694,Working Professional,Gujarat,Gandhinagar,LM0406,5300,12900,Private,Single,Girls,Required,Preferred,Required,Preferred,Required,Preferred,Required,Required,Semi Furnished
U1695,Student,Gujarat,Gandhinagar,LM0401,3400,6200,Shared,Triple,Girls,Preferred,Required,Preferred,Not Required,Not Required,Preferred,Required,Preferred,Semi Furnished
U1696,Student,Gujarat,Gandhinagar,LM0400,3300,5900,Shared,Double,Boys,Preferred,Not Required,Preferred,Required,Not Required,Required,Required,Required,Fully Furnished
U1697,Student,Gujarat,Gandhinagar,LM0415,5300,10000,Shared,Triple,Boys,Preferred,Preferred,Required,Required,Preferred,Required,Required,Preferred,Fully Furnished
U1698,Student,Gujarat,Gandhinagar,LM0416,4000,8700,Shared,Triple,Boys,Preferred,Required,Preferred,Preferred,Not Required,Required,Required,Required,Any
U1699,Student,Gujarat,Gandhinagar,LM0406,3900,6700,Shared,Double,Boys,Preferred,Required,Required,Required,Not Required,Required,Required,Preferred,Any
U1700,Working Professional,Gujarat,Gandhinagar,LM0404,5300,12000,Shared,Triple,Boys,Required,Preferred,Required,Preferred,Required,Preferred,Not Required,Preferred,Semi Furnished
U1701,Student,Gujarat,Gandhinagar,LM0398,5400,10800,Shared,Double,Girls,Preferred,Required,Required,Required,Not Required,Preferred,Required,Required,Fully Furnished
U1702,Working Professional,Gujarat,Gandhinagar,LM0399,8600,16500,Private,Single,Coed,Preferred,Preferred,Required,Required,Required,Not Required,Preferred,Required,Any
U1703,Student,Gujarat,Gandhinagar,LM0408,4300,7200,Shared,Triple,Coed,Required,Not Required,Required,Preferred,Not Required,Required,Required,Required,Any
U1704,Student,Gujarat,Gandhinagar,LM0405,2800,6600,Shared,Double,Boys,Required,Preferred,Required,Preferred,Not Required,Required,Preferred,Preferred,Semi Furnished
U1705,Student,Gujarat,Gandhinagar,LM0406,5200,10400,Private,Single,Coed,Preferred,Not Required,Preferred,Required,Not Required,Preferred,Required,Required,Semi Furnished
U1706,Student,Gujarat,Gandhinagar,LM0404,2900,5500,Private,Double,Coed,Required,Preferred,Preferred,Required,Not Required,Required,Required,Required,Semi Furnished
U1707,Working Professional,Gujarat,Gandhinagar,LM0400,5200,11600,Private,Single,Boys,Required,Required,Preferred,Preferred,Required,Required,Preferred,Required,Semi Furnished
U1708,Student,Gujarat,Gandhinagar,LM0414,4000,7600,Shared,Triple,Boys,Required,Required,Required,Preferred,Not Required,Preferred,Not Required,Required,Any
U1709,Student,Gujarat,Gandhinagar,LM0400,3600,7000,Private,Single,Coed,Not Required,Preferred,Required,Required,Not Required,Required,Required,Required,Semi Furnished
U1710,Working Professional,Gujarat,Gandhinagar,LM0404,7500,17000,Private,Single,Boys,Required,Required,Required,Not Required,Not Required,Preferred,Preferred,Required,Semi Furnished
U1711,Student,Gujarat,Gandhinagar,LM0407,4700,8300,Shared,Triple,Girls,Preferred,Preferred,Required,Required,Preferred,Required,Required,Required,Semi Furnished
U1712,Working Professional,Gujarat,Gandhinagar,LM0406,8100,12400,Private,Single,Boys,Required,Required,Preferred,Preferred,Not Required,Required,Required,Not Required,Semi Furnished
U1713,Student,Gujarat,Gandhinagar,LM0414,4700,8900,Shared,Triple,Boys,Preferred,Required,Required,Required,Not Required,Required,Required,Preferred,Fully Furnished
U1714,Working Professional,Gujarat,Gandhinagar,LM0407,6100,10400,Private,Single,Boys,Required,Preferred,Preferred,Preferred,Preferred,Required,Required,Required,Semi Furnished
U1715,Student,Gujarat,Gandhinagar,LM0406,5300,9800,Shared,Triple,Boys,Preferred,Preferred,Required,Required,Not Required,Preferred,Preferred,Preferred,Any
U1716,Working Professional,Gujarat,Gandhinagar,LM0408,5700,13000,Private,Single,Girls,Preferred,Preferred,Preferred,Required,Required,Required,Preferred,Required,Fully Furnished
U1717,Student,Maharashtra,Chhatrapati Sambhajinagar,LM0427,5400,11100,Shared,Triple,Girls,Not Required,Preferred,Required,Preferred,Not Required,Preferred,Preferred,Required,Fully Furnished
U1718,Student,Maharashtra,Chhatrapati Sambhajinagar,LM0418,4200,9600,Shared,Triple,Boys,Preferred,Preferred,Preferred,Preferred,Not Required,Required,Not Required,Required,Semi Furnished
U1719,Student,Maharashtra,Chhatrapati Sambhajinagar,LM0425,5000,9300,Shared,Double,Girls,Not Required,Preferred,Required,Preferred,Not Required,Not Required,Not Required,Required,Semi Furnished
U1720,Working Professional,Maharashtra,Chhatrapati Sambhajinagar,LM0428,7100,14200,Private,Double,Girls,Required,Required,Required,Required,Preferred,Required,Not Required,Preferred,Fully Furnished
U1721,Student,Maharashtra,Chhatrapati Sambhajinagar,LM0427,4200,9100,Private,Single,Coed,Preferred,Required,Required,Required,Not Required,Preferred,Preferred,Required,Fully Furnished
U1722,Student,Maharashtra,Chhatrapati Sambhajinagar,LM0426,3800,8700,Shared,Double,Coed,Not Required,Preferred,Required,Required,Not Required,Required,Required,Required,Any
U1723,Student,Maharashtra,Chhatrapati Sambhajinagar,LM0426,3500,9100,Shared,Triple,Coed,Preferred,Required,Preferred,Preferred,Not Required,Preferred,Required,Required,Fully Furnished
U1724,Student,Maharashtra,Chhatrapati Sambhajinagar,LM0428,3200,7800,Private,Double,Girls,Required,Required,Not Required,Required,Not Required,Required,Preferred,Preferred,Fully Furnished
U1725,Working Professional,Maharashtra,Chhatrapati Sambhajinagar,LM0426,8700,17800,Shared,Triple,Girls,Required,Required,Preferred,Preferred,Required,Not Required,Preferred,Required,Semi Furnished
U1726,Student,Maharashtra,Chhatrapati Sambhajinagar,LM0427,5000,10100,Shared,Double,Girls,Preferred,Required,Preferred,Preferred,Not Required,Not Required,Required,Required,Fully Furnished
U1727,Working Professional,Maharashtra,Chhatrapati Sambhajinagar,LM0427,5600,11900,Shared,Double,Girls,Required,Required,Required,Required,Preferred,Preferred,Required,Preferred,Fully Furnished
U1728,Working Professional,Maharashtra,Chhatrapati Sambhajinagar,LM0423,9900,16900,Shared,Triple,Coed,Preferred,Required,Required,Preferred,Required,Required,Preferred,Not Required,Fully Furnished
U1729,Student,Maharashtra,Chhatrapati Sambhajinagar,LM0427,3300,8900,Shared,Triple,Boys,Required,Not Required,Required,Required,Not Required,Preferred,Required,Preferred,Fully Furnished
U1730,Student,Maharashtra,Chhatrapati Sambhajinagar,LM0432,5400,9100,Dormitory,Dormitory,Girls,Preferred,Required,Required,Required,Not Required,Not Required,Preferred,Required,Fully Furnished
U1731,Student,Maharashtra,Chhatrapati Sambhajinagar,LM0424,3100,6600,Dormitory,Dormitory,Coed,Preferred,Preferred,Required,Preferred,Not Required,Required,Preferred,Required,Unfurnished
U1732,Working Professional,Maharashtra,Chhatrapati Sambhajinagar,LM0426,9500,16800,Private,Single,Girls,Not Required,Required,Required,Preferred,Preferred,Not Required,Preferred,Required,Semi Furnished
U1733,Student,Maharashtra,Chhatrapati Sambhajinagar,LM0420,3800,8200,Shared,Triple,Coed,Required,Required,Required,Required,Not Required,Preferred,Required,Preferred,Semi Furnished
U1734,Working Professional,Maharashtra,Chhatrapati Sambhajinagar,LM0421,8800,18500,Private,Single,Boys,Required,Required,Preferred,Preferred,Required,Preferred,Preferred,Required,Fully Furnished
U1735,Student,Maharashtra,Chhatrapati Sambhajinagar,LM0423,2600,5600,Shared,Triple,Boys,Preferred,Required,Required,Not Required,Not Required,Not Required,Required,Required,Semi Furnished
U1736,Student,Maharashtra,Chhatrapati Sambhajinagar,LM0430,4800,9900,Shared,Double,Girls,Not Required,Required,Required,Preferred,Not Required,Preferred,Required,Not Required,Semi Furnished
U1737,Student,Maharashtra,Chhatrapati Sambhajinagar,LM0421,4100,8300,Private,Double,Boys,Preferred,Required,Required,Required,Preferred,Preferred,Required,Required,Any
U1738,Working Professional,Maharashtra,Chhatrapati Sambhajinagar,LM0426,7600,13100,Private,Double,Girls,Required,Preferred,Required,Required,Required,Preferred,Required,Required,Fully Furnished
U1739,Student,Maharashtra,Chhatrapati Sambhajinagar,LM0427,5100,7900,Shared,Triple,Boys,Preferred,Required,Required,Required,Not Required,Not Required,Required,Preferred,Fully Furnished
U1740,Student,Maharashtra,Chhatrapati Sambhajinagar,LM0420,3800,9100,Shared,Double,Boys,Not Required,Not Required,Preferred,Preferred,Not Required,Not Required,Required,Required,Semi Furnished
U1741,Student,Maharashtra,Chhatrapati Sambhajinagar,LM0423,4900,10300,Shared,Triple,Girls,Preferred,Required,Required,Required,Preferred,Required,Preferred,Required,Unfurnished
U1742,Student,Maharashtra,Chhatrapati Sambhajinagar,LM0429,4500,8800,Shared,Double,Boys,Required,Required,Required,Required,Not Required,Not Required,Required,Preferred,Fully Furnished
U1743,Student,Maharashtra,Chhatrapati Sambhajinagar,LM0423,3400,6000,Shared,Double,Boys,Preferred,Required,Required,Not Required,Not Required,Preferred,Preferred,Required,Any
U1744,Student,Maharashtra,Chhatrapati Sambhajinagar,LM0432,4400,8400,Private,Double,Girls,Required,Required,Preferred,Required,Not Required,Preferred,Preferred,Required,Unfurnished
U1745,Working Professional,Maharashtra,Chhatrapati Sambhajinagar,LM0430,8400,17200,Private,Double,Boys,Required,Required,Required,Required,Not Required,Preferred,Required,Required,Semi Furnished
U1746,Student,Maharashtra,Chhatrapati Sambhajinagar,LM0424,5100,10300,Dormitory,Dormitory,Girls,Not Required,Required,Required,Preferred,Preferred,Not Required,Not Required,Preferred,Semi Furnished
U1747,Working Professional,Maharashtra,Chhatrapati Sambhajinagar,LM0426,9800,17100,Private,Double,Girls,Preferred,Required,Required,Preferred,Preferred,Required,Required,Required,Fully Furnished
U1748,Student,Maharashtra,Chhatrapati Sambhajinagar,LM0432,4100,6900,Shared,Triple,Boys,Preferred,Required,Required,Preferred,Not Required,Preferred,Required,Required,Fully Furnished
U1749,Working Professional,Maharashtra,Chhatrapati Sambhajinagar,LM0420,5100,11400,Shared,Triple,Girls,Required,Required,Required,Required,Preferred,Preferred,Preferred,Preferred,Fully Furnished
U1750,Student,Maharashtra,Chhatrapati Sambhajinagar,LM0418,4900,9100,Shared,Double,Girls,Preferred,Required,Preferred,Preferred,Preferred,Required,Required,Required,Semi Furnished
U1751,Student,Maharashtra,Chhatrapati Sambhajinagar,LM0427,5200,8500,Private,Double,Girls,Not Required,Preferred,Required,Required,Not Required,Required,Preferred,Required,Semi Furnished
U1752,Working Professional,Maharashtra,Chhatrapati Sambhajinagar,LM0422,6200,15800,Shared,Double,Coed,Preferred,Required,Preferred,Not Required,Required,Required,Not Required,Preferred,Any
U1753,Student,Maharashtra,Chhatrapati Sambhajinagar,LM0419,4300,8600,Shared,Double,Boys,Not Required,Required,Preferred,Required,Not Required,Preferred,Required,Required,Fully Furnished
U1754,Student,Maharashtra,Chhatrapati Sambhajinagar,LM0424,3900,9200,Dormitory,Dormitory,Girls,Not Required,Preferred,Required,Required,Not Required,Required,Preferred,Required,Semi Furnished
U1755,Working Professional,Maharashtra,Chhatrapati Sambhajinagar,LM0430,8700,15300,Shared,Triple,Boys,Required,Preferred,Required,Not Required,Required,Required,Required,Required,Semi Furnished
U1756,Student,Maharashtra,Chhatrapati Sambhajinagar,LM0419,4200,8500,Shared,Double,Coed,Required,Required,Required,Preferred,Preferred,Required,Preferred,Preferred,Fully Furnished
U1757,Working Professional,Maharashtra,Chhatrapati Sambhajinagar,LM0420,8000,13200,Private,Double,Boys,Preferred,Required,Required,Required,Required,Required,Preferred,Required,Fully Furnished
U1758,Working Professional,Maharashtra,Chhatrapati Sambhajinagar,LM0429,8100,15100,Shared,Double,Girls,Preferred,Preferred,Preferred,Preferred,Required,Required,Not Required,Preferred,Any
U1759,Student,Maharashtra,Chhatrapati Sambhajinagar,LM0425,4200,7800,Shared,Double,Girls,Preferred,Preferred,Preferred,Required,Not Required,Preferred,Preferred,Required,Semi Furnished
U1760,Student,Maharashtra,Chhatrapati Sambhajinagar,LM0423,4300,10300,Private,Double,Boys,Required,Preferred,Preferred,Preferred,Not Required,Preferred,Required,Preferred,Unfurnished
U1761,Working Professional,Maharashtra,Chhatrapati Sambhajinagar,LM0429,5500,12500,Private,Single,Boys,Preferred,Preferred,Required,Required,Not Required,Not Required,Required,Required,Fully Furnished
U1762,Working Professional,Maharashtra,Chhatrapati Sambhajinagar,LM0420,7800,15100,Private,Single,Coed,Not Required,Required,Required,Preferred,Required,Required,Preferred,Preferred,Fully Furnished
U1763,Student,Maharashtra,Chhatrapati Sambhajinagar,LM0425,3200,6400,Private,Single,Girls,Not Required,Required,Required,Required,Not Required,Preferred,Preferred,Required,Fully Furnished
U1764,Working Professional,Maharashtra,Chhatrapati Sambhajinagar,LM0421,5800,12000,Private,Single,Girls,Required,Preferred,Required,Required,Not Required,Preferred,Preferred,Required,Fully Furnished
U1765,Working Professional,Maharashtra,Chhatrapati Sambhajinagar,LM0421,7000,13400,Private,Single,Girls,Preferred,Required,Required,Required,Required,Required,Required,Preferred,Fully Furnished
U1766,Student,Maharashtra,Chhatrapati Sambhajinagar,LM0422,3800,6700,Shared,Double,Girls,Required,Not Required,Required,Not Required,Not Required,Required,Required,Preferred,Any
U1767,Student,Maharashtra,Chhatrapati Sambhajinagar,LM0432,3900,7300,Shared,Triple,Boys,Not Required,Preferred,Preferred,Required,Preferred,Preferred,Required,Preferred,Any
U1768,Student,Maharashtra,Chhatrapati Sambhajinagar,LM0419,3100,8400,Private,Single,Boys,Preferred,Required,Required,Required,Not Required,Required,Required,Required,Fully Furnished
U1769,Working Professional,Maharashtra,Chhatrapati Sambhajinagar,LM0419,6600,11700,Shared,Triple,Boys,Preferred,Preferred,Required,Required,Required,Required,Preferred,Preferred,Fully Furnished
U1770,Student,Maharashtra,Chhatrapati Sambhajinagar,LM0431,2700,6100,Shared,Double,Boys,Preferred,Required,Preferred,Preferred,Required,Preferred,Required,Required,Semi Furnished
U1771,Working Professional,Maharashtra,Chhatrapati Sambhajinagar,LM0430,8200,16400,Private,Single,Girls,Required,Required,Not Required,Required,Preferred,Required,Required,Required,Fully Furnished
U1772,Student,Maharashtra,Chhatrapati Sambhajinagar,LM0428,5400,9600,Shared,Triple,Girls,Not Required,Preferred,Required,Preferred,Not Required,Preferred,Required,Required,Unfurnished
U1773,Working Professional,Maharashtra,Chhatrapati Sambhajinagar,LM0430,6500,14400,Private,Single,Boys,Required,Preferred,Required,Required,Not Required,Preferred,Required,Required,Fully Furnished
U1774,Student,Maharashtra,Chhatrapati Sambhajinagar,LM0423,2600,6200,Private,Double,Girls,Not Required,Required,Required,Preferred,Not Required,Required,Required,Required,Fully Furnished
U1775,Student,Maharashtra,Chhatrapati Sambhajinagar,LM0419,2900,5500,Shared,Triple,Boys,Preferred,Required,Required,Preferred,Not Required,Preferred,Required,Required,Semi Furnished
U1776,Student,Gujarat,Anand,LM0438,3100,6600,Private,Double,Girls,Preferred,Required,Preferred,Required,Not Required,Preferred,Not Required,Required,Semi Furnished
U1777,Working Professional,Gujarat,Anand,LM0440,7300,11500,Private,Single,Girls,Required,Required,Not Required,Required,Preferred,Not Required,Preferred,Preferred,Semi Furnished
U1778,Working Professional,Gujarat,Anand,LM0444,6600,15300,Private,Double,Boys,Preferred,Required,Required,Preferred,Required,Required,Preferred,Required,Fully Furnished
U1779,Working Professional,Gujarat,Anand,LM0444,10000,16800,Private,Double,Coed,Preferred,Preferred,Required,Preferred,Preferred,Preferred,Preferred,Not Required,Semi Furnished
U1780,Student,Gujarat,Anand,LM0436,4900,7700,Private,Double,Boys,Preferred,Preferred,Required,Preferred,Not Required,Required,Preferred,Required,Any
U1781,Student,Gujarat,Anand,LM0443,3400,8900,Shared,Double,Boys,Not Required,Required,Not Required,Preferred,Preferred,Not Required,Required,Required,Semi Furnished
U1782,Student,Gujarat,Anand,LM0433,4200,7300,Private,Single,Boys,Required,Preferred,Required,Required,Not Required,Preferred,Preferred,Required,Fully Furnished
U1783,Student,Gujarat,Anand,LM0435,3500,6600,Shared,Double,Girls,Preferred,Not Required,Required,Not Required,Not Required,Required,Required,Required,Semi Furnished
U1784,Student,Gujarat,Anand,LM0443,3700,6400,Shared,Triple,Girls,Required,Required,Preferred,Required,Not Required,Preferred,Required,Preferred,Semi Furnished
U1785,Working Professional,Gujarat,Anand,LM0433,9800,15300,Private,Double,Girls,Required,Required,Required,Required,Preferred,Preferred,Preferred,Not Required,Fully Furnished
U1786,Student,Gujarat,Anand,LM0444,4200,8700,Shared,Double,Boys,Required,Required,Required,Not Required,Preferred,Required,Required,Required,Fully Furnished
U1787,Working Professional,Gujarat,Anand,LM0434,9200,17100,Private,Single,Girls,Required,Required,Preferred,Preferred,Preferred,Preferred,Required,Preferred,Fully Furnished
U1788,Working Professional,Gujarat,Anand,LM0435,5600,15000,Private,Single,Girls,Preferred,Required,Required,Required,Preferred,Preferred,Preferred,Preferred,Fully Furnished
U1789,Working Professional,Gujarat,Anand,LM0437,6400,15000,Shared,Triple,Girls,Required,Preferred,Preferred,Not Required,Not Required,Not Required,Preferred,Preferred,Any
U1790,Working Professional,Gujarat,Anand,LM0442,5600,11500,Shared,Double,Boys,Preferred,Required,Required,Required,Required,Preferred,Preferred,Not Required,Fully Furnished
U1791,Working Professional,Gujarat,Anand,LM0438,6100,14700,Private,Single,Boys,Preferred,Required,Required,Not Required,Not Required,Preferred,Preferred,Required,Fully Furnished
U1792,Student,Gujarat,Anand,LM0440,4300,9800,Shared,Triple,Girls,Not Required,Required,Preferred,Not Required,Not Required,Required,Required,Required,Fully Furnished
U1793,Working Professional,Gujarat,Anand,LM0442,6500,12100,Private,Single,Girls,Required,Preferred,Required,Preferred,Not Required,Required,Not Required,Preferred,Semi Furnished
U1794,Student,Gujarat,Anand,LM0439,2900,8300,Dormitory,Dormitory,Girls,Required,Required,Required,Preferred,Not Required,Preferred,Preferred,Preferred,Fully Furnished
U1795,Student,Gujarat,Anand,LM0440,3200,6900,Shared,Double,Girls,Required,Preferred,Preferred,Required,Preferred,Preferred,Required,Required,Semi Furnished
U1796,Student,Gujarat,Anand,LM0435,4500,9500,Shared,Double,Boys,Required,Required,Required,Required,Required,Required,Preferred,Required,Semi Furnished
U1797,Working Professional,Gujarat,Anand,LM0436,8500,14700,Shared,Double,Girls,Required,Required,Preferred,Required,Preferred,Required,Required,Required,Fully Furnished
U1798,Student,Gujarat,Anand,LM0433,3100,8100,Shared,Double,Coed,Preferred,Not Required,Preferred,Required,Not Required,Preferred,Required,Required,Any
U1799,Working Professional,Gujarat,Anand,LM0442,9100,13200,Private,Double,Girls,Preferred,Required,Required,Preferred,Preferred,Required,Required,Required,Semi Furnished
U1800,Student,Gujarat,Anand,LM0437,2900,5500,Shared,Double,Boys,Preferred,Preferred,Preferred,Required,Not Required,Required,Required,Required,Fully Furnished
U1801,Working Professional,Gujarat,Anand,LM0441,6400,15100,Private,Single,Coed,Required,Preferred,Preferred,Preferred,Required,Required,Preferred,Required,Fully Furnished
U1802,Student,Gujarat,Anand,LM0444,3600,8000,Shared,Double,Coed,Required,Required,Required,Not Required,Not Required,Preferred,Required,Preferred,Any
U1803,Student,Gujarat,Anand,LM0438,4400,9100,Private,Double,Girls,Preferred,Preferred,Preferred,Required,Not Required,Required,Required,Required,Any
U1804,Working Professional,Gujarat,Anand,LM0442,9700,15200,Private,Double,Girls,Preferred,Required,Preferred,Required,Preferred,Preferred,Preferred,Required,Semi Furnished
U1805,Working Professional,Gujarat,Anand,LM0440,8000,17000,Private,Single,Boys,Required,Preferred,Required,Required,Preferred,Preferred,Required,Preferred,Fully Furnished
U1806,Working Professional,Gujarat,Anand,LM0433,6400,15100,Shared,Triple,Coed,Not Required,Preferred,Required,Required,Not Required,Required,Required,Not Required,Semi Furnished
U1807,Student,Gujarat,Anand,LM0436,4400,9600,Shared,Triple,Boys,Not Required,Preferred,Required,Not Required,Not Required,Required,Required,Required,Any
U1808,Student,Gujarat,Anand,LM0434,3500,7700,Shared,Double,Coed,Preferred,Required,Required,Not Required,Not Required,Preferred,Required,Required,Unfurnished
U1809,Working Professional,Gujarat,Anand,LM0438,9800,16900,Shared,Double,Coed,Preferred,Required,Not Required,Preferred,Required,Required,Preferred,Preferred,Semi Furnished
U1810,Student,Gujarat,Anand,LM0442,2800,7700,Shared,Triple,Girls,Not Required,Not Required,Preferred,Required,Not Required,Preferred,Required,Preferred,Unfurnished
U1811,Working Professional,Gujarat,Anand,LM0443,7200,13700,Private,Single,Girls,Required,Preferred,Preferred,Preferred,Not Required,Preferred,Not Required,Required,Any
U1812,Student,Gujarat,Anand,LM0438,3800,8700,Shared,Triple,Boys,Preferred,Required,Required,Preferred,Not Required,Required,Required,Preferred,Semi Furnished
U1813,Student,Gujarat,Anand,LM0442,3900,9800,Shared,Triple,Boys,Not Required,Required,Preferred,Required,Not Required,Required,Required,Preferred,Semi Furnished
U1814,Student,Gujarat,Anand,LM0438,4900,9000,Dormitory,Dormitory,Boys,Preferred,Required,Not Required,Required,Preferred,Not Required,Preferred,Required,Semi Furnished
U1815,Student,Gujarat,Anand,LM0438,3200,7900,Shared,Double,Girls,Preferred,Preferred,Preferred,Required,Not Required,Preferred,Required,Preferred,Semi Furnished
U1816,Working Professional,Gujarat,Anand,LM0444,5000,14100,Private,Single,Boys,Required,Required,Required,Required,Preferred,Preferred,Required,Preferred,Semi Furnished
U1817,Student,Gujarat,Anand,LM0442,2700,6900,Shared,Double,Coed,Not Required,Preferred,Required,Required,Preferred,Preferred,Not Required,Required,Any
U1818,Student,Gujarat,Anand,LM0433,2600,6700,Private,Double,Boys,Preferred,Not Required,Preferred,Preferred,Not Required,Required,Required,Required,Fully Furnished
U1819,Working Professional,Gujarat,Anand,LM0442,9800,14700,Shared,Triple,Girls,Required,Required,Required,Preferred,Required,Preferred,Required,Required,Fully Furnished
U1820,Student,Gujarat,Anand,LM0436,4700,9900,Shared,Triple,Girls,Required,Preferred,Preferred,Required,Preferred,Preferred,Preferred,Required,Fully Furnished
U1821,Student,Gujarat,Anand,LM0443,5500,9200,Shared,Double,Coed,Not Required,Required,Required,Preferred,Not Required,Not Required,Required,Preferred,Fully Furnished
U1822,Working Professional,Gujarat,Anand,LM0438,7000,11500,Private,Double,Girls,Required,Preferred,Preferred,Preferred,Not Required,Required,Required,Required,Fully Furnished
U1823,Working Professional,Gujarat,Anand,LM0434,6800,14500,Shared,Triple,Girls,Required,Required,Required,Preferred,Not Required,Preferred,Preferred,Preferred,Any
U1824,Student,Gujarat,Anand,LM0433,4400,9900,Private,Single,Girls,Preferred,Required,Required,Preferred,Not Required,Preferred,Required,Preferred,Fully Furnished
U1825,Student,Gujarat,Bhavnagar,LM0450,2500,7800,Shared,Double,Boys,Not Required,Not Required,Required,Required,Not Required,Not Required,Preferred,Required,Fully Furnished
U1826,Student,Gujarat,Bhavnagar,LM0451,3400,7400,Shared,Triple,Boys,Required,Required,Required,Required,Not Required,Preferred,Preferred,Preferred,Semi Furnished
U1827,Student,Gujarat,Bhavnagar,LM0449,2700,7600,Shared,Triple,Boys,Not Required,Required,Required,Required,Required,Preferred,Preferred,Required,Any
U1828,Working Professional,Gujarat,Bhavnagar,LM0446,9400,18700,Shared,Triple,Boys,Preferred,Preferred,Required,Not Required,Required,Not Required,Required,Preferred,Fully Furnished
U1829,Student,Gujarat,Bhavnagar,LM0449,2800,7500,Shared,Triple,Girls,Required,Required,Required,Preferred,Not Required,Preferred,Not Required,Preferred,Semi Furnished
U1830,Student,Gujarat,Bhavnagar,LM0455,3600,6200,Dormitory,Dormitory,Girls,Required,Preferred,Required,Required,Not Required,Preferred,Required,Preferred,Any
U1831,Student,Gujarat,Bhavnagar,LM0451,5300,9200,Shared,Triple,Boys,Preferred,Not Required,Preferred,Preferred,Not Required,Required,Required,Required,Fully Furnished
U1832,Student,Gujarat,Bhavnagar,LM0447,2800,6500,Shared,Double,Boys,Required,Preferred,Required,Preferred,Not Required,Not Required,Preferred,Preferred,Semi Furnished
U1833,Student,Gujarat,Bhavnagar,LM0451,3000,7700,Shared,Triple,Boys,Not Required,Required,Required,Required,Not Required,Preferred,Required,Preferred,Semi Furnished
U1834,Working Professional,Gujarat,Bhavnagar,LM0448,9100,13600,Private,Single,Girls,Required,Required,Required,Required,Required,Preferred,Required,Not Required,Any
U1835,Student,Gujarat,Bhavnagar,LM0453,4400,8500,Dormitory,Dormitory,Boys,Preferred,Preferred,Preferred,Required,Required,Not Required,Preferred,Required,Unfurnished
U1836,Student,Gujarat,Bhavnagar,LM0456,3200,6900,Shared,Double,Coed,Preferred,Required,Preferred,Preferred,Preferred,Preferred,Not Required,Required,Any
U1837,Student,Gujarat,Bhavnagar,LM0445,4500,9400,Dormitory,Dormitory,Boys,Not Required,Preferred,Required,Required,Not Required,Not Required,Not Required,Required,Fully Furnished
U1838,Working Professional,Gujarat,Bhavnagar,LM0454,6100,13000,Private,Single,Girls,Required,Required,Required,Preferred,Not Required,Preferred,Preferred,Required,Semi Furnished
U1839,Student,Gujarat,Bhavnagar,LM0450,3800,7100,Shared,Double,Girls,Not Required,Required,Required,Required,Not Required,Not Required,Required,Preferred,Fully Furnished
U1840,Working Professional,Gujarat,Bhavnagar,LM0452,6000,14800,Private,Double,Girls,Required,Preferred,Required,Preferred,Preferred,Required,Preferred,Not Required,Any
U1841,Student,Gujarat,Bhavnagar,LM0447,4000,7300,Shared,Triple,Boys,Not Required,Required,Preferred,Preferred,Not Required,Preferred,Not Required,Required,Semi Furnished
U1842,Working Professional,Gujarat,Bhavnagar,LM0451,8300,18000,Private,Double,Girls,Preferred,Required,Required,Required,Required,Required,Preferred,Required,Semi Furnished
U1843,Student,Gujarat,Bhavnagar,LM0445,4900,9600,Private,Single,Boys,Preferred,Required,Required,Required,Not Required,Not Required,Preferred,Preferred,Semi Furnished
U1844,Student,Gujarat,Bhavnagar,LM0446,4400,10000,Private,Double,Girls,Not Required,Preferred,Required,Required,Not Required,Required,Required,Required,Semi Furnished
U1845,Working Professional,Gujarat,Bhavnagar,LM0449,6600,13200,Private,Single,Boys,Required,Preferred,Preferred,Required,Not Required,Not Required,Preferred,Required,Fully Furnished
U1846,Student,Gujarat,Bhavnagar,LM0452,3800,7000,Dormitory,Dormitory,Girls,Required,Required,Required,Not Required,Not Required,Required,Not Required,Preferred,Semi Furnished
U1847,Working Professional,Gujarat,Bhavnagar,LM0447,5600,11500,Private,Double,Boys,Not Required,Required,Preferred,Required,Preferred,Preferred,Preferred,Preferred,Semi Furnished
U1848,Student,Gujarat,Bhavnagar,LM0448,3700,7700,Private,Single,Girls,Required,Required,Required,Required,Not Required,Not Required,Preferred,Required,Any
U1849,Working Professional,Gujarat,Bhavnagar,LM0456,8000,14400,Private,Double,Girls,Not Required,Preferred,Required,Required,Required,Preferred,Required,Not Required,Semi Furnished
U1850,Working Professional,Gujarat,Bhavnagar,LM0450,8500,14700,Shared,Triple,Boys,Preferred,Not Required,Required,Preferred,Not Required,Not Required,Preferred,Not Required,Any
U1851,Working Professional,Gujarat,Bhavnagar,LM0446,9900,14900,Private,Single,Girls,Required,Not Required,Required,Preferred,Required,Required,Required,Preferred,Any
U1852,Working Professional,Gujarat,Bhavnagar,LM0449,7800,16500,Private,Single,Girls,Required,Preferred,Preferred,Preferred,Not Required,Required,Required,Required,Fully Furnished
U1853,Student,Gujarat,Bhavnagar,LM0454,3300,6200,Shared,Double,Boys,Required,Not Required,Preferred,Preferred,Not Required,Required,Preferred,Preferred,Semi Furnished
U1854,Working Professional,Gujarat,Bhavnagar,LM0453,6100,12700,Private,Single,Girls,Preferred,Required,Not Required,Required,Not Required,Required,Preferred,Preferred,Fully Furnished
U1855,Student,Gujarat,Bhavnagar,LM0450,3300,6600,Shared,Double,Boys,Preferred,Required,Required,Required,Not Required,Required,Required,Required,Semi Furnished
U1856,Student,Gujarat,Bhavnagar,LM0445,4300,9500,Shared,Double,Girls,Preferred,Preferred,Required,Required,Not Required,Required,Preferred,Required,Any
U1857,Working Professional,Gujarat,Bhavnagar,LM0452,8500,18300,Private,Single,Boys,Required,Preferred,Required,Required,Preferred,Preferred,Required,Required,Any
U1858,Student,Gujarat,Bhavnagar,LM0455,3600,7600,Shared,Triple,Boys,Preferred,Required,Required,Required,Not Required,Preferred,Preferred,Preferred,Fully Furnished
U1859,Working Professional,Gujarat,Bhavnagar,LM0451,9300,16100,Private,Double,Boys,Required,Preferred,Preferred,Required,Not Required,Preferred,Required,Required,Semi Furnished
U1860,Working Professional,Gujarat,Bhavnagar,LM0451,6000,10500,Private,Single,Boys,Required,Preferred,Preferred,Required,Not Required,Required,Required,Required,Semi Furnished
U1861,Student,Gujarat,Bhavnagar,LM0451,4300,8400,Dormitory,Dormitory,Boys,Required,Required,Required,Not Required,Not Required,Required,Preferred,Preferred,Semi Furnished
U1862,Working Professional,Gujarat,Bhavnagar,LM0451,9900,17000,Private,Single,Boys,Required,Required,Required,Preferred,Required,Required,Required,Required,Fully Furnished
U1863,Working Professional,Gujarat,Bhavnagar,LM0448,6400,12700,Private,Double,Girls,Preferred,Required,Preferred,Required,Required,Preferred,Preferred,Preferred,Fully Furnished
U1864,Working Professional,Gujarat,Jamnagar,LM0457,5000,11000,Private,Single,Boys,Preferred,Required,Required,Required,Required,Preferred,Required,Preferred,Semi Furnished
U1865,Student,Gujarat,Jamnagar,LM0457,3100,7800,Shared,Double,Boys,Preferred,Preferred,Required,Preferred,Not Required,Required,Not Required,Required,Any
U1866,Working Professional,Gujarat,Jamnagar,LM0459,6500,11000,Private,Single,Boys,Required,Required,Required,Required,Preferred,Preferred,Preferred,Required,Any
U1867,Student,Gujarat,Jamnagar,LM0457,2600,8500,Dormitory,Dormitory,Boys,Required,Preferred,Required,Preferred,Not Required,Required,Required,Required,Semi Furnished
U1868,Student,Gujarat,Jamnagar,LM0458,2800,6900,Shared,Double,Coed,Not Required,Required,Required,Preferred,Not Required,Preferred,Preferred,Required,Unfurnished
U1869,Working Professional,Gujarat,Jamnagar,LM0464,6600,16500,Shared,Triple,Boys,Preferred,Required,Required,Required,Not Required,Required,Preferred,Required,Fully Furnished
U1870,Student,Gujarat,Jamnagar,LM0458,2600,6400,Shared,Triple,Girls,Required,Preferred,Required,Required,Not Required,Preferred,Preferred,Required,Semi Furnished
U1871,Working Professional,Gujarat,Jamnagar,LM0464,6000,13200,Private,Double,Girls,Required,Required,Required,Required,Required,Preferred,Required,Required,Fully Furnished
U1872,Working Professional,Gujarat,Jamnagar,LM0458,8700,14400,Private,Double,Boys,Preferred,Required,Required,Required,Preferred,Not Required,Preferred,Preferred,Any
U1873,Student,Gujarat,Jamnagar,LM0464,4100,8800,Shared,Triple,Boys,Required,Preferred,Required,Required,Not Required,Required,Preferred,Not Required,Unfurnished
U1874,Student,Gujarat,Jamnagar,LM0458,4600,9700,Shared,Triple,Boys,Not Required,Required,Required,Preferred,Not Required,Required,Preferred,Preferred,Semi Furnished
U1875,Working Professional,Gujarat,Jamnagar,LM0465,8500,16700,Shared,Double,Girls,Not Required,Preferred,Required,Required,Preferred,Required,Not Required,Required,Any
U1876,Working Professional,Gujarat,Jamnagar,LM0460,10000,16000,Shared,Triple,Girls,Required,Required,Required,Required,Preferred,Required,Preferred,Preferred,Fully Furnished
U1877,Working Professional,Gujarat,Jamnagar,LM0464,8700,17500,Private,Single,Girls,Required,Required,Not Required,Preferred,Required,Required,Preferred,Not Required,Fully Furnished
U1878,Working Professional,Gujarat,Jamnagar,LM0465,7000,15100,Private,Single,Boys,Required,Preferred,Preferred,Required,Not Required,Preferred,Preferred,Required,Fully Furnished
U1879,Student,Gujarat,Jamnagar,LM0460,4500,10200,Shared,Double,Boys,Preferred,Preferred,Preferred,Preferred,Not Required,Required,Preferred,Preferred,Any
U1880,Working Professional,Gujarat,Jamnagar,LM0458,8200,18100,Private,Double,Coed,Required,Required,Required,Required,Preferred,Not Required,Required,Required,Fully Furnished
U1881,Student,Gujarat,Jamnagar,LM0460,4000,9900,Shared,Triple,Boys,Preferred,Not Required,Required,Required,Not Required,Required,Required,Required,Semi Furnished
U1882,Working Professional,Gujarat,Jamnagar,LM0463,9600,14200,Shared,Triple,Boys,Required,Preferred,Required,Required,Not Required,Preferred,Preferred,Required,Fully Furnished
U1883,Student,Gujarat,Jamnagar,LM0458,4600,7600,Private,Single,Boys,Preferred,Preferred,Preferred,Preferred,Not Required,Preferred,Preferred,Preferred,Fully Furnished
U1884,Student,Gujarat,Jamnagar,LM0462,3100,6500,Dormitory,Dormitory,Boys,Preferred,Required,Preferred,Required,Not Required,Required,Not Required,Required,Unfurnished
U1885,Student,Gujarat,Jamnagar,LM0463,2500,5800,Shared,Double,Girls,Required,Not Required,Required,Preferred,Not Required,Preferred,Required,Required,Semi Furnished
U1886,Working Professional,Gujarat,Jamnagar,LM0463,6100,11600,Private,Single,Girls,Preferred,Preferred,Preferred,Required,Required,Required,Preferred,Required,Fully Furnished
U1887,Student,Gujarat,Jamnagar,LM0464,3800,6300,Dormitory,Dormitory,Girls,Preferred,Preferred,Preferred,Required,Preferred,Preferred,Preferred,Required,Semi Furnished
U1888,Working Professional,Gujarat,Jamnagar,LM0463,9500,16500,Private,Single,Girls,Required,Required,Required,Required,Preferred,Required,Required,Required,Any
U1889,Student,Gujarat,Jamnagar,LM0464,4000,8500,Dormitory,Dormitory,Girls,Preferred,Not Required,Not Required,Required,Not Required,Required,Preferred,Required,Fully Furnished
U1890,Working Professional,Gujarat,Jamnagar,LM0462,9000,16000,Shared,Double,Girls,Not Required,Required,Required,Preferred,Required,Not Required,Preferred,Required,Fully Furnished
U1891,Working Professional,Gujarat,Jamnagar,LM0466,8100,12400,Private,Double,Boys,Preferred,Required,Preferred,Required,Not Required,Required,Preferred,Required,Any
U1892,Student,Gujarat,Jamnagar,LM0461,2600,7600,Shared,Triple,Girls,Not Required,Required,Required,Preferred,Not Required,Required,Required,Required,Fully Furnished
U1893,Working Professional,Gujarat,Jamnagar,LM0462,5900,11900,Shared,Triple,Girls,Required,Required,Required,Required,Preferred,Preferred,Required,Required,Any
U1894,Student,Gujarat,Jamnagar,LM0458,5500,9800,Shared,Double,Boys,Required,Required,Required,Required,Preferred,Preferred,Preferred,Required,Fully Furnished
U1895,Student,Gujarat,Jamnagar,LM0460,4200,8100,Shared,Double,Boys,Not Required,Required,Preferred,Preferred,Not Required,Required,Preferred,Required,Fully Furnished
U1896,Working Professional,Gujarat,Jamnagar,LM0464,8100,12500,Private,Double,Girls,Required,Required,Required,Required,Required,Preferred,Required,Required,Fully Furnished
U1897,Working Professional,Gujarat,Jamnagar,LM0457,9700,14200,Shared,Triple,Coed,Required,Not Required,Required,Required,Preferred,Required,Preferred,Required,Any
U1898,Student,Maharashtra,Kolhapur,LM0470,2700,7800,Dormitory,Dormitory,Girls,Required,Preferred,Required,Required,Not Required,Preferred,Required,Preferred,Fully Furnished
U1899,Working Professional,Maharashtra,Kolhapur,LM0476,5700,10800,Private,Single,Boys,Preferred,Required,Preferred,Preferred,Preferred,Required,Preferred,Required,Fully Furnished
U1900,Working Professional,Maharashtra,Kolhapur,LM0467,6300,15100,Private,Single,Boys,Required,Required,Required,Required,Not Required,Not Required,Preferred,Preferred,Fully Furnished
U1901,Student,Maharashtra,Kolhapur,LM0469,3900,8100,Shared,Double,Girls,Preferred,Required,Required,Required,Required,Required,Preferred,Required,Fully Furnished
U1902,Student,Maharashtra,Kolhapur,LM0467,3600,8500,Shared,Double,Boys,Not Required,Required,Preferred,Preferred,Not Required,Not Required,Preferred,Not Required,Semi Furnished
U1903,Student,Maharashtra,Kolhapur,LM0473,3000,8300,Shared,Double,Coed,Preferred,Required,Required,Required,Not Required,Required,Required,Required,Fully Furnished
U1904,Student,Maharashtra,Kolhapur,LM0474,5200,7900,Shared,Double,Boys,Required,Required,Preferred,Required,Not Required,Not Required,Required,Preferred,Any
U1905,Working Professional,Maharashtra,Kolhapur,LM0469,9100,13900,Shared,Triple,Girls,Required,Preferred,Required,Preferred,Required,Preferred,Preferred,Required,Fully Furnished
U1906,Student,Maharashtra,Kolhapur,LM0470,5200,10300,Shared,Double,Boys,Preferred,Required,Not Required,Preferred,Not Required,Preferred,Required,Required,Any
U1907,Student,Maharashtra,Kolhapur,LM0470,4500,7700,Shared,Triple,Girls,Preferred,Required,Required,Preferred,Preferred,Preferred,Preferred,Required,Semi Furnished
U1908,Working Professional,Maharashtra,Kolhapur,LM0473,8700,15600,Private,Double,Boys,Preferred,Preferred,Preferred,Not Required,Preferred,Preferred,Required,Preferred,Semi Furnished
U1909,Student,Maharashtra,Kolhapur,LM0475,4100,8100,Private,Double,Boys,Preferred,Required,Required,Not Required,Preferred,Preferred,Required,Preferred,Fully Furnished
U1910,Student,Maharashtra,Kolhapur,LM0476,3800,6900,Shared,Triple,Girls,Not Required,Not Required,Required,Preferred,Preferred,Preferred,Required,Preferred,Any
U1911,Student,Maharashtra,Kolhapur,LM0470,4100,6900,Shared,Double,Boys,Required,Required,Required,Preferred,Preferred,Preferred,Required,Not Required,Fully Furnished
U1912,Working Professional,Maharashtra,Kolhapur,LM0474,6600,14700,Private,Double,Girls,Required,Preferred,Required,Required,Required,Preferred,Required,Required,Semi Furnished
U1913,Student,Maharashtra,Kolhapur,LM0470,4200,9600,Private,Single,Girls,Preferred,Not Required,Required,Preferred,Not Required,Required,Preferred,Required,Fully Furnished
U1914,Student,Maharashtra,Kolhapur,LM0472,3500,9300,Dormitory,Dormitory,Girls,Not Required,Preferred,Preferred,Preferred,Not Required,Preferred,Required,Required,Semi Furnished
U1915,Working Professional,Maharashtra,Kolhapur,LM0474,9100,18800,Shared,Double,Coed,Required,Required,Required,Required,Required,Required,Preferred,Required,Fully Furnished
U1916,Working Professional,Maharashtra,Kolhapur,LM0475,9400,15200,Private,Double,Girls,Not Required,Preferred,Preferred,Required,Not Required,Not Required,Preferred,Required,Any
U1917,Working Professional,Maharashtra,Kolhapur,LM0474,8100,16500,Private,Single,Boys,Required,Not Required,Required,Required,Preferred,Required,Preferred,Preferred,Any
U1918,Student,Maharashtra,Kolhapur,LM0471,3900,7900,Dormitory,Dormitory,Boys,Not Required,Preferred,Preferred,Preferred,Not Required,Required,Required,Required,Semi Furnished
U1919,Student,Maharashtra,Kolhapur,LM0473,4000,7600,Shared,Double,Girls,Not Required,Required,Preferred,Required,Not Required,Required,Not Required,Required,Semi Furnished
U1920,Student,Maharashtra,Kolhapur,LM0475,3400,7700,Dormitory,Dormitory,Girls,Preferred,Required,Required,Required,Preferred,Not Required,Required,Not Required,Fully Furnished
U1921,Student,Maharashtra,Kolhapur,LM0474,2700,7500,Shared,Triple,Boys,Preferred,Required,Preferred,Preferred,Not Required,Preferred,Required,Required,Any
U1922,Working Professional,Maharashtra,Kolhapur,LM0470,8600,16100,Shared,Double,Boys,Required,Required,Required,Preferred,Preferred,Not Required,Preferred,Preferred,Fully Furnished
U1923,Student,Maharashtra,Kolhapur,LM0467,2500,6100,Private,Single,Boys,Preferred,Preferred,Required,Required,Not Required,Required,Preferred,Required,Fully Furnished
U1924,Working Professional,Maharashtra,Kolhapur,LM0475,6900,13700,Private,Double,Girls,Preferred,Preferred,Preferred,Preferred,Required,Preferred,Required,Preferred,Semi Furnished
U1925,Working Professional,Maharashtra,Kolhapur,LM0473,7500,16900,Private,Double,Boys,Preferred,Required,Not Required,Preferred,Required,Preferred,Preferred,Required,Semi Furnished
U1926,Student,Maharashtra,Kolhapur,LM0475,4100,8400,Private,Double,Coed,Preferred,Preferred,Required,Preferred,Not Required,Required,Preferred,Required,Semi Furnished
U1927,Student,Maharashtra,Kolhapur,LM0475,3300,6600,Private,Double,Girls,Preferred,Not Required,Required,Required,Not Required,Not Required,Required,Preferred,Semi Furnished
U1928,Student,Maharashtra,Kolhapur,LM0469,5200,11200,Shared,Double,Coed,Preferred,Required,Required,Preferred,Not Required,Not Required,Preferred,Preferred,Any
U1929,Working Professional,Maharashtra,Kolhapur,LM0471,7900,16100,Private,Single,Boys,Preferred,Required,Required,Required,Not Required,Preferred,Required,Required,Fully Furnished
U1930,Working Professional,Maharashtra,Kolhapur,LM0469,8000,15200,Private,Single,Girls,Required,Not Required,Required,Required,Required,Preferred,Preferred,Required,Semi Furnished
U1931,Working Professional,Maharashtra,Kolhapur,LM0472,9500,14700,Shared,Double,Coed,Preferred,Required,Preferred,Required,Preferred,Not Required,Preferred,Required,Fully Furnished
U1932,Student,Gujarat,Mehsana,LM0482,4300,7000,Shared,Double,Boys,Not Required,Preferred,Required,Required,Not Required,Required,Required,Required,Semi Furnished
U1933,Student,Gujarat,Mehsana,LM0478,3700,7200,Dormitory,Dormitory,Girls,Preferred,Preferred,Required,Preferred,Not Required,Preferred,Required,Required,Semi Furnished
U1934,Working Professional,Gujarat,Mehsana,LM0478,5000,10900,Private,Double,Coed,Required,Preferred,Preferred,Not Required,Preferred,Required,Not Required,Required,Semi Furnished
U1935,Working Professional,Gujarat,Mehsana,LM0478,10000,17700,Private,Single,Boys,Required,Preferred,Preferred,Required,Required,Preferred,Preferred,Not Required,Semi Furnished
U1936,Student,Gujarat,Mehsana,LM0480,4000,7900,Dormitory,Dormitory,Girls,Not Required,Preferred,Required,Required,Preferred,Not Required,Preferred,Required,Semi Furnished
U1937,Student,Gujarat,Mehsana,LM0479,2700,5600,Shared,Triple,Boys,Not Required,Required,Preferred,Required,Not Required,Preferred,Required,Preferred,Any
U1938,Student,Gujarat,Mehsana,LM0482,5300,8000,Private,Single,Boys,Preferred,Preferred,Preferred,Preferred,Not Required,Preferred,Required,Preferred,Semi Furnished
U1939,Student,Gujarat,Mehsana,LM0480,3800,9600,Shared,Triple,Coed,Required,Not Required,Preferred,Preferred,Not Required,Required,Required,Required,Fully Furnished
U1940,Student,Gujarat,Mehsana,LM0480,4400,10100,Shared,Triple,Girls,Not Required,Required,Preferred,Preferred,Not Required,Preferred,Preferred,Required,Any
U1941,Student,Gujarat,Mehsana,LM0477,4300,7000,Shared,Triple,Coed,Required,Required,Preferred,Preferred,Not Required,Required,Preferred,Preferred,Semi Furnished
U1942,Working Professional,Gujarat,Mehsana,LM0482,7500,13400,Private,Double,Coed,Preferred,Required,Preferred,Not Required,Not Required,Preferred,Preferred,Required,Fully Furnished
U1943,Student,Gujarat,Mehsana,LM0482,2900,8000,Dormitory,Dormitory,Coed,Not Required,Preferred,Required,Required,Not Required,Required,Preferred,Preferred,Semi Furnished
U1944,Student,Gujarat,Mehsana,LM0477,5400,8900,Shared,Triple,Boys,Not Required,Preferred,Required,Preferred,Preferred,Required,Required,Required,Any
U1945,Working Professional,Gujarat,Mehsana,LM0481,5000,13900,Private,Single,Boys,Preferred,Preferred,Required,Required,Not Required,Preferred,Not Required,Required,Semi Furnished
U1946,Student,Gujarat,Mehsana,LM0480,3200,5900,Dormitory,Dormitory,Girls,Required,Required,Required,Required,Not Required,Preferred,Required,Required,Fully Furnished
U1947,Working Professional,Gujarat,Mehsana,LM0479,8600,14200,Private,Single,Boys,Preferred,Required,Preferred,Preferred,Preferred,Required,Preferred,Preferred,Any
U1948,Student,Gujarat,Mehsana,LM0480,4300,8200,Shared,Double,Coed,Not Required,Required,Required,Preferred,Not Required,Preferred,Preferred,Preferred,Any
U1949,Student,Gujarat,Mehsana,LM0480,3700,7600,Shared,Double,Boys,Preferred,Preferred,Required,Preferred,Not Required,Preferred,Preferred,Required,Semi Furnished
U1950,Working Professional,Gujarat,Mehsana,LM0481,7000,11200,Private,Single,Girls,Preferred,Required,Required,Preferred,Not Required,Preferred,Preferred,Preferred,Fully Furnished
U1951,Working Professional,Gujarat,Mehsana,LM0477,10000,19300,Shared,Triple,Boys,Required,Required,Required,Required,Not Required,Preferred,Preferred,Required,Any
U1952,Student,Gujarat,Nadiad,LM0487,4800,7400,Shared,Double,Boys,Preferred,Required,Required,Preferred,Preferred,Required,Preferred,Required,Semi Furnished
U1953,Working Professional,Gujarat,Nadiad,LM0484,8200,15000,Shared,Double,Girls,Required,Not Required,Required,Required,Preferred,Preferred,Preferred,Not Required,Any
U1954,Working Professional,Gujarat,Nadiad,LM0484,9800,14400,Shared,Triple,Boys,Required,Required,Preferred,Required,Not Required,Required,Not Required,Not Required,Semi Furnished
U1955,Working Professional,Gujarat,Nadiad,LM0487,7300,12000,Private,Double,Coed,Preferred,Required,Required,Preferred,Preferred,Preferred,Not Required,Required,Semi Furnished
U1956,Working Professional,Gujarat,Nadiad,LM0486,5500,10700,Shared,Triple,Coed,Preferred,Preferred,Required,Required,Preferred,Required,Preferred,Required,Semi Furnished
U1957,Student,Gujarat,Nadiad,LM0485,4900,8900,Private,Double,Boys,Not Required,Preferred,Required,Preferred,Required,Required,Required,Not Required,Unfurnished
U1958,Working Professional,Gujarat,Nadiad,LM0487,9800,19000,Private,Single,Girls,Preferred,Not Required,Required,Required,Required,Required,Preferred,Required,Fully Furnished
U1959,Working Professional,Gujarat,Nadiad,LM0487,5700,10400,Private,Double,Girls,Required,Preferred,Preferred,Required,Not Required,Preferred,Required,Required,Fully Furnished
U1960,Student,Gujarat,Nadiad,LM0485,4600,8500,Shared,Triple,Girls,Not Required,Preferred,Required,Required,Not Required,Preferred,Preferred,Required,Fully Furnished
U1961,Student,Gujarat,Nadiad,LM0486,4600,8900,Shared,Triple,Girls,Not Required,Preferred,Required,Preferred,Preferred,Preferred,Preferred,Preferred,Fully Furnished
U1962,Student,Gujarat,Nadiad,LM0483,2600,8300,Shared,Triple,Coed,Not Required,Not Required,Required,Required,Not Required,Required,Not Required,Required,Unfurnished
U1963,Student,Gujarat,Nadiad,LM0486,4000,7500,Private,Single,Girls,Preferred,Preferred,Preferred,Not Required,Preferred,Required,Preferred,Required,Any
U1964,Student,Gujarat,Nadiad,LM0487,5000,7800,Private,Double,Girls,Required,Preferred,Required,Not Required,Not Required,Required,Required,Preferred,Semi Furnished
U1965,Student,Gujarat,Nadiad,LM0485,2600,7400,Private,Double,Girls,Preferred,Required,Preferred,Preferred,Not Required,Preferred,Preferred,Not Required,Fully Furnished
U1966,Student,Gujarat,Nadiad,LM0484,3400,7000,Shared,Double,Boys,Preferred,Required,Required,Required,Not Required,Required,Preferred,Required,Fully Furnished
U1967,Student,Gujarat,Vapi,LM0489,3900,8100,Shared,Triple,Coed,Preferred,Required,Required,Required,Not Required,Not Required,Preferred,Required,Any
U1968,Working Professional,Gujarat,Vapi,LM0489,7500,11900,Shared,Double,Boys,Not Required,Required,Required,Required,Not Required,Not Required,Required,Required,Semi Furnished
U1969,Student,Gujarat,Vapi,LM0491,2800,6400,Shared,Double,Boys,Not Required,Required,Preferred,Required,Not Required,Preferred,Required,Preferred,Semi Furnished
U1970,Working Professional,Gujarat,Vapi,LM0488,7300,16800,Private,Single,Coed,Required,Preferred,Required,Required,Preferred,Required,Required,Preferred,Semi Furnished
U1971,Working Professional,Gujarat,Vapi,LM0488,5600,11100,Private,Single,Coed,Preferred,Preferred,Required,Preferred,Required,Preferred,Required,Required,Semi Furnished
U1972,Student,Gujarat,Vapi,LM0492,3600,6600,Dormitory,Dormitory,Girls,Preferred,Preferred,Required,Preferred,Not Required,Required,Required,Preferred,Any
U1973,Working Professional,Gujarat,Vapi,LM0489,8600,14300,Private,Single,Boys,Required,Not Required,Required,Preferred,Preferred,Preferred,Required,Preferred,Fully Furnished
U1974,Student,Gujarat,Vapi,LM0492,3100,8300,Private,Double,Girls,Preferred,Required,Required,Required,Not Required,Preferred,Required,Required,Fully Furnished
U1975,Student,Gujarat,Vapi,LM0491,5200,7900,Shared,Double,Girls,Not Required,Required,Preferred,Required,Not Required,Required,Required,Required,Semi Furnished
U1976,Student,Gujarat,Vapi,LM0490,3900,6500,Shared,Double,Girls,Required,Required,Required,Required,Not Required,Required,Required,Required,Unfurnished
U1977,Student,Gujarat,Vapi,LM0488,4700,8000,Shared,Double,Girls,Not Required,Preferred,Required,Required,Not Required,Preferred,Required,Required,Fully Furnished
U1978,Student,Gujarat,Vapi,LM0488,5100,10100,Shared,Double,Girls,Not Required,Required,Required,Preferred,Not Required,Preferred,Required,Required,Fully Furnished
U1979,Student,Gujarat,Vapi,LM0491,3900,7600,Shared,Double,Boys,Required,Required,Required,Preferred,Not Required,Preferred,Preferred,Required,Fully Furnished
U1980,Student,Gujarat,Vapi,LM0491,5300,10200,Private,Double,Boys,Required,Preferred,Required,Preferred,Not Required,Preferred,Preferred,Preferred,Any
U1981,Student,Gujarat,Vapi,LM0488,3600,6600,Private,Single,Boys,Required,Required,Not Required,Required,Not Required,Required,Required,Preferred,Fully Furnished
U1982,Working Professional,Maharashtra,Amravati,LM0496,5500,10600,Shared,Triple,Boys,Required,Required,Required,Required,Not Required,Preferred,Required,Required,Fully Furnished
U1983,Working Professional,Maharashtra,Amravati,LM0493,6700,13300,Private,Double,Boys,Required,Required,Required,Preferred,Required,Preferred,Required,Required,Semi Furnished
U1984,Student,Maharashtra,Amravati,LM0496,3000,6600,Shared,Double,Boys,Not Required,Preferred,Required,Preferred,Not Required,Preferred,Preferred,Not Required,Semi Furnished
U1985,Working Professional,Maharashtra,Amravati,LM0494,9400,16200,Shared,Triple,Girls,Preferred,Required,Required,Required,Required,Required,Required,Required,Fully Furnished
U1986,Student,Maharashtra,Amravati,LM0495,4300,7600,Shared,Double,Girls,Preferred,Preferred,Required,Preferred,Not Required,Not Required,Preferred,Required,Fully Furnished
U1987,Student,Maharashtra,Amravati,LM0495,3200,7500,Dormitory,Dormitory,Girls,Preferred,Required,Required,Preferred,Not Required,Preferred,Required,Required,Semi Furnished
U1988,Working Professional,Maharashtra,Amravati,LM0496,7900,13200,Private,Single,Boys,Preferred,Required,Required,Preferred,Preferred,Preferred,Required,Required,Fully Furnished
U1989,Working Professional,Maharashtra,Amravati,LM0495,7600,16700,Shared,Triple,Coed,Preferred,Required,Preferred,Preferred,Required,Preferred,Required,Preferred,Semi Furnished
U1990,Student,Maharashtra,Amravati,LM0495,4000,8300,Private,Single,Boys,Required,Preferred,Preferred,Preferred,Not Required,Required,Preferred,Required,Any
U1991,Student,Maharashtra,Amravati,LM0494,5200,8900,Dormitory,Dormitory,Boys,Not Required,Required,Required,Required,Not Required,Not Required,Preferred,Required,Any
U1992,Student,Maharashtra,Nanded,LM0500,4900,8300,Dormitory,Dormitory,Boys,Not Required,Preferred,Required,Not Required,Not Required,Preferred,Required,Required,Any
U1993,Working Professional,Maharashtra,Nanded,LM0500,6700,14700,Private,Single,Boys,Required,Required,Preferred,Required,Not Required,Preferred,Preferred,Required,Fully Furnished
U1994,Student,Maharashtra,Nanded,LM0498,4100,7900,Private,Double,Girls,Preferred,Required,Preferred,Preferred,Not Required,Required,Not Required,Not Required,Fully Furnished
U1995,Student,Maharashtra,Nanded,LM0502,5400,9700,Shared,Triple,Girls,Required,Required,Required,Required,Not Required,Preferred,Preferred,Required,Semi Furnished
U1996,Student,Maharashtra,Nanded,LM0502,3900,7800,Shared,Double,Coed,Not Required,Required,Preferred,Required,Not Required,Required,Required,Required,Fully Furnished
U1997,Student,Maharashtra,Nanded,LM0501,5000,10600,Shared,Triple,Boys,Preferred,Required,Required,Required,Preferred,Required,Preferred,Preferred,Semi Furnished
U1998,Working Professional,Maharashtra,Nanded,LM0499,7300,14000,Private,Double,Boys,Preferred,Required,Required,Preferred,Not Required,Required,Required,Required,Semi Furnished
U1999,Student,Maharashtra,Nanded,LM0499,3900,7700,Shared,Triple,Girls,Preferred,Required,Required,Required,Not Required,Required,Required,Preferred,Fully Furnished
U2000,Working Professional,Maharashtra,Nanded,LM0502,5600,11200,Shared,Triple,Girls,Required,Required,Required,Not Required,Required,Preferred,Required,Required,Any
U2001,Student,Maharashtra,Nanded,LM0502,3800,8700,Private,Double,Boys,Required,Required,Not Required,Preferred,Not Required,Preferred,Required,Required,Semi Furnished
