pg_id,pg_name,state,city,area,address,latitude,longitude,rent_monthly,deposit,room_type,sharing_type,gender_preference,ac_available,food_available,wifi_available,bike_parking,car_parking,laundry_available,power_backup,geyser_available,furnished_type,rating,rating_count,availability,owner_id
PG00001,Ganesh Home,Maharashtra,Mumbai,Ghatkopar,"136, Lane, Ghatkopar, Mumbai",19.0409,72.8172,26300,39500,Private,Single,Girls,1,1,1,1,0,0,1,1,Semi Furnished,3.2,42,Limited,OWN0009
PG00002,Happy Retreat,Maharashtra,Mumbai,Mulund,"134, Complex, Mulund, Mumbai",19.0164,72.8315,21500,21500,Private,Single,Girls,0,1,1,1,0,1,0,1,Semi Furnished,3.5,102,Available,OWN0142
PG00003,Urban Living,Maharashtra,Mumbai,Vile Parle,"153, Lane, Vile Parle, Mumbai",19.0194,72.8627,11800,12000,Shared,Triple,Boys,1,1,1,1,0,1,1,1,Fully Furnished,3.5,208,Available,OWN0170
PG00004,Serene Boys Hostel,Maharashtra,Mumbai,Vile Parle,"95, Chowk, Vile Parle, Mumbai",19.13,72.8594,19100,28500,Private,Double,Girls,1,0,1,1,0,1,0,0,Fully Furnished,4.0,435,Available,OWN0134
PG00005,Legacy Nivas,Maharashtra,Mumbai,Chembur,"294, Lane, Chembur, Mumbai",19.0727,72.8188,10400,15500,Dormitory,Dormitory,Girls,1,0,1,1,0,1,0,1,Unfurnished,3.1,221,Available,OWN0175
PG00006,Star Villa,Maharashtra,Mumbai,Chembur,"305, Road, Chembur, Mumbai",19.0508,72.9095,18000,27000,Shared,Double,Boys,1,1,1,1,0,0,1,1,Fully Furnished,4.0,303,Limited,OWN0026
PG00007,Nest Heights,Maharashtra,Mumbai,Powai,"147, Marg, Powai, Mumbai",19.1292,72.9306,15700,47000,Private,Double,Girls,1,1,1,1,0,1,1,0,Semi Furnished,4.8,195,Available,OWN0078
PG00008,Silver Nivas,Maharashtra,Mumbai,Mulund,"357, Complex, Mulund, Mumbai",19.1421,72.8396,17800,18000,Private,Double,Girls,1,0,1,1,0,0,1,1,Fully Furnished,3.9,86,Available,OWN0182
PG00009,Elite Home,Maharashtra,Mumbai,Dadar,"89, Lane, Dadar, Mumbai",19.1285,72.8358,24100,36000,Private,Single,Girls,0,0,1,0,0,0,1,1,Fully Furnished,4.9,247,Available,OWN0090
PG00010,Sunshine Comforts,Maharashtra,Mumbai,Kurla,"384, Complex, Kurla, Mumbai",19.0459,72.8618,25300,25500,Private,Single,Coed,1,1,1,1,1,0,0,1,Unfurnished,3.3,316,Limited,OWN0079
PG00011,Sai Boys Hostel,Maharashtra,Mumbai,Vile Parle,"179, Colony, Vile Parle, Mumbai",19.0413,72.873,12700,25500,Shared,Triple,Girls,1,0,0,0,0,1,1,1,Fully Furnished,4.2,446,Available,OWN0168
PG00012,Star Villa,Maharashtra,Mumbai,Mulund,"265, Lane, Mulund, Mumbai",19.132,72.9205,12500,19000,Shared,Triple,Girls,1,0,1,0,1,1,1,1,Semi Furnished,3.6,370,Available,OWN0137
PG00013,Urban Inn,Maharashtra,Mumbai,Kandivali,"260, Road, Kandivali, Mumbai",19.1244,72.9254,17300,34500,Shared,Double,Boys,1,0,1,1,0,0,0,1,Fully Furnished,3.7,174,Available,OWN0150
PG00014,Ganesh Heights,Maharashtra,Mumbai,Mulund,"241, Nagar, Mulund, Mumbai",19.1273,72.8894,7400,22000,Dormitory,Dormitory,Boys,0,1,0,1,1,1,0,1,Fully Furnished,3.1,446,Limited,OWN0200
PG00015,Om Retreat,Maharashtra,Mumbai,Bandra,"324, Society, Bandra, Mumbai",19.0499,72.8158,16300,16500,Shared,Double,Girls,1,0,1,0,1,0,1,1,Unfurnished,4.0,379,Available,OWN0004
PG00016,New PG,Maharashtra,Mumbai,Ghatkopar,"10, Nagar, Ghatkopar, Mumbai",19.0937,72.8425,13000,19500,Shared,Triple,Boys,1,1,1,1,1,0,1,1,Fully Furnished,3.6,255,Available,OWN0049
PG00017,Nirvana Boys Hostel,Maharashtra,Mumbai,Borivali,"10, Lane, Borivali, Mumbai",19.0374,72.9456,25300,25500,Private,Single,Girls,1,1,1,1,0,1,1,1,Unfurnished,2.9,64,Available,OWN0098
PG00018,Legacy Comforts,Maharashtra,Mumbai,Powai,"243, Society, Powai, Mumbai",19.0348,72.9037,16900,25500,Private,Double,Girls,1,1,1,1,0,1,0,1,Fully Furnished,4.1,403,Available,OWN0134
PG00019,Krishna Girls Hostel,Maharashtra,Mumbai,Goregaon,"152, Society, Goregaon, Mumbai",19.0115,72.8772,15900,32000,Private,Double,Boys,1,1,0,0,0,1,1,1,Semi Furnished,4.2,238,Full,OWN0076
PG00020,Ganesh Residency,Maharashtra,Mumbai,Vile Parle,"52, Society, Vile Parle, Mumbai",19.1284,72.927,15900,16000,Private,Double,Girls,1,0,0,1,1,0,1,0,Unfurnished,3.6,180,Available,OWN0103
PG00021,Ganesh Comforts,Maharashtra,Mumbai,Dadar,"198, Colony, Dadar, Mumbai",19.118,72.8985,18200,18000,Shared,Double,Boys,1,0,1,1,0,1,1,1,Semi Furnished,4.7,434,Limited,OWN0034
PG00022,Om Heights,Maharashtra,Mumbai,Kandivali,"211, Colony, Kandivali, Mumbai",19.0124,72.8443,24800,25000,Private,Single,Coed,1,1,1,1,1,0,1,1,Semi Furnished,2.8,85,Available,OWN0121
PG00023,Cozy Rooms,Maharashtra,Mumbai,Kandivali,"39, Colony, Kandivali, Mumbai",19.0509,72.854,25600,25500,Private,Single,Girls,1,0,1,1,0,1,1,1,Unfurnished,3.0,216,Available,OWN0141
PG00024,Blue Palace,Maharashtra,Mumbai,Andheri West,"310, Road, Andheri West, Mumbai",19.1306,72.8864,10900,16500,Shared,Triple,Coed,1,1,1,1,0,0,1,1,Semi Furnished,2.8,186,Limited,OWN0075
PG00025,Metro Heights,Maharashtra,Mumbai,Kurla,"24, Society, Kurla, Mumbai",19.0749,72.9228,14700,14500,Shared,Triple,Boys,1,1,0,1,0,0,0,1,Fully Furnished,4.5,235,Available,OWN0151
PG00026,Om Home,Maharashtra,Mumbai,Malad,"272, Nagar, Malad, Mumbai",19.0835,72.8683,17900,27000,Shared,Double,Girls,1,0,1,1,0,1,0,1,Semi Furnished,3.4,180,Full,OWN0116
PG00027,Elite Girls Hostel,Maharashtra,Mumbai,Malad,"309, Marg, Malad, Mumbai",19.0478,72.9059,16600,16500,Shared,Double,Boys,1,1,1,1,0,0,0,1,Semi Furnished,4.5,292,Available,OWN0147
PG00028,Urban Living,Maharashtra,Mumbai,Chembur,"217, Nagar, Chembur, Mumbai",19.0792,72.8112,24800,25000,Private,Single,Boys,0,1,1,1,0,0,1,1,Fully Furnished,4.2,350,Limited,OWN0058
PG00029,Golden Living,Maharashtra,Mumbai,Dadar,"355, Nagar, Dadar, Mumbai",19.1357,72.862,9500,19000,Dormitory,Dormitory,Coed,1,1,1,1,0,0,0,0,Unfurnished,4.5,284,Limited,OWN0051
PG00030,Vraj House,Maharashtra,Mumbai,Goregaon,"91, Complex, Goregaon, Mumbai",19.0322,72.832,12100,24000,Shared,Triple,Boys,1,1,1,0,1,1,0,1,Unfurnished,3.9,298,Available,OWN0019
PG00031,Modern Stay,Maharashtra,Mumbai,Ghatkopar,"95, Marg, Ghatkopar, Mumbai",19.0155,72.8784,18900,19000,Private,Double,Boys,1,1,1,1,1,0,1,0,Semi Furnished,3.1,182,Available,OWN0165
PG00032,Divine Retreat,Maharashtra,Mumbai,Santacruz,"196, Complex, Santacruz, Mumbai",19.06,72.8833,17400,17500,Private,Double,Girls,1,1,1,1,1,1,1,0,Semi Furnished,3.3,327,Limited,OWN0176
PG00033,Blue Heights,Maharashtra,Mumbai,Chembur,"106, Marg, Chembur, Mumbai",19.122,72.9307,10000,15000,Shared,Triple,Girls,0,0,1,1,1,1,1,1,Semi Furnished,4.8,213,Available,OWN0162
PG00034,Sai Retreat,Maharashtra,Mumbai,Dadar,"9, Park, Dadar, Mumbai",19.1003,72.8826,17000,51000,Shared,Double,Girls,1,0,1,0,1,0,1,1,Semi Furnished,4.6,20,Available,OWN0137
PG00035,Elite Boys Hostel,Maharashtra,Mumbai,Santacruz,"280, Road, Santacruz, Mumbai",19.1404,72.8279,14100,28000,Shared,Triple,Coed,1,0,1,1,0,1,1,1,Fully Furnished,3.3,335,Full,OWN0037
PG00036,Sunshine Stay,Maharashtra,Mumbai,Borivali,"316, Road, Borivali, Mumbai",19.0332,72.8331,15200,23000,Shared,Double,Coed,0,0,1,1,1,1,1,1,Fully Furnished,4.3,125,Available,OWN0159
PG00037,Star Retreat,Maharashtra,Mumbai,Bandra,"249, Colony, Bandra, Mumbai",19.052,72.9,16000,32000,Shared,Double,Girls,1,1,1,1,1,1,0,1,Semi Furnished,4.7,241,Available,OWN0199
PG00038,Om Heights,Maharashtra,Mumbai,Mulund,"90, Complex, Mulund, Mumbai",19.1239,72.9279,24200,48500,Private,Single,Boys,0,1,1,1,0,1,1,1,Semi Furnished,4.0,281,Available,OWN0199
PG00039,Krishna Boys Hostel,Maharashtra,Mumbai,Malad,"115, Road, Malad, Mumbai",19.0247,72.8779,17300,26000,Private,Double,Girls,1,0,1,1,1,1,1,1,Unfurnished,4.4,252,Full,OWN0011
PG00040,New Nivas,Maharashtra,Mumbai,Santacruz,"119, Complex, Santacruz, Mumbai",19.043,72.8405,10000,15000,Shared,Triple,Boys,0,0,1,1,1,0,1,1,Semi Furnished,3.6,198,Available,OWN0168
PG00041,Modern Comforts,Maharashtra,Mumbai,Bandra,"193, Lane, Bandra, Mumbai",19.0783,72.8571,11100,11000,Shared,Triple,Girls,0,1,0,1,1,1,1,1,Fully Furnished,4.3,217,Limited,OWN0185
PG00042,Om Nivas,Maharashtra,Mumbai,Powai,"246, Lane, Powai, Mumbai",19.0887,72.8983,25100,25000,Private,Single,Boys,1,1,1,1,0,1,1,1,Unfurnished,4.7,377,Limited,OWN0073
PG00043,Star House,Maharashtra,Mumbai,Bandra,"311, Colony, Bandra, Mumbai",19.1274,72.8316,15300,15500,Shared,Double,Girls,0,1,1,1,0,1,1,1,Fully Furnished,2.8,272,Full,OWN0130
PG00044,Blue Villa,Maharashtra,Mumbai,Chembur,"311, Complex, Chembur, Mumbai",19.0308,72.9339,17900,53500,Shared,Double,Boys,1,0,1,1,0,0,1,1,Semi Furnished,3.3,415,Available,OWN0197
PG00045,Krishna Heights,Maharashtra,Mumbai,Dadar,"218, Society, Dadar, Mumbai",19.0416,72.9149,9200,18500,Dormitory,Dormitory,Boys,1,1,1,1,0,1,1,1,Fully Furnished,3.7,59,Available,OWN0167
PG00046,Silver Girls Hostel,Maharashtra,Mumbai,Vile Parle,"290, Chowk, Vile Parle, Mumbai",19.0917,72.9466,24000,24000,Private,Single,Boys,0,1,1,1,1,1,1,1,Semi Furnished,4.4,233,Limited,OWN0042
PG00047,Star Boys Hostel,Maharashtra,Mumbai,Powai,"174, Marg, Powai, Mumbai",19.092,72.9035,17800,53500,Private,Double,Coed,1,1,1,0,0,1,1,1,Fully Furnished,4.2,271,Available,OWN0153
PG00048,New Rooms,Maharashtra,Mumbai,Andheri East,"328, Colony, Andheri East, Mumbai",19.0675,72.8359,10000,30000,Shared,Triple,Boys,0,1,1,1,0,1,0,0,Fully Furnished,3.6,207,Available,OWN0052
PG00049,City Palace,Maharashtra,Mumbai,Andheri West,"47, Marg, Andheri West, Mumbai",19.0458,72.9239,6300,12500,Dormitory,Dormitory,Boys,0,1,1,1,0,1,1,1,Fully Furnished,3.5,64,Limited,OWN0066
PG00050,Metro House,Maharashtra,Mumbai,Vile Parle,"194, Colony, Vile Parle, Mumbai",19.1138,72.9137,9600,19000,Dormitory,Dormitory,Girls,1,1,1,1,1,0,0,1,Fully Furnished,3.9,9,Limited,OWN0068
PG00051,Vraj Palace,Maharashtra,Mumbai,Santacruz,"205, Chowk, Santacruz, Mumbai",19.0166,72.9381,12300,18500,Shared,Triple,Boys,1,1,1,0,1,0,1,1,Fully Furnished,4.6,187,Available,OWN0028
PG00052,Serene Nivas,Maharashtra,Mumbai,Powai,"315, Nagar, Powai, Mumbai",19.113,72.8835,19100,28500,Private,Double,Boys,1,0,0,1,1,1,0,1,Fully Furnished,2.9,414,Available,OWN0139
PG00053,Modern Inn,Maharashtra,Mumbai,Andheri East,"202, Society, Andheri East, Mumbai",19.07,72.8246,13600,27000,Shared,Triple,Girls,1,1,1,1,0,1,1,1,Fully Furnished,3.2,222,Available,OWN0180
PG00054,Krishna Boys Hostel,Maharashtra,Mumbai,Kurla,"144, Colony, Kurla, Mumbai",19.0312,72.8261,18000,27000,Shared,Double,Girls,1,0,1,0,1,0,0,1,Fully Furnished,5.0,439,Limited,OWN0137
PG00055,Nirvana Nivas,Maharashtra,Mumbai,Ghatkopar,"154, Road, Ghatkopar, Mumbai",19.0847,72.8872,22100,22000,Private,Single,Boys,0,1,1,1,1,1,1,0,Fully Furnished,3.6,352,Full,OWN0051
PG00056,New Living,Maharashtra,Mumbai,Borivali,"182, Chowk, Borivali, Mumbai",19.1002,72.8759,15700,23500,Shared,Double,Boys,1,1,1,1,0,1,1,1,Semi Furnished,3.6,165,Available,OWN0075
PG00057,Comfort Boys Hostel,Maharashtra,Mumbai,Vile Parle,"139, Colony, Vile Parle, Mumbai",19.1153,72.9391,11700,35000,Shared,Triple,Boys,1,1,1,1,0,0,1,1,Fully Furnished,4.0,18,Limited,OWN0135
PG00058,Royal Comforts,Maharashtra,Mumbai,Bandra,"317, Society, Bandra, Mumbai",19.0178,72.9381,27900,56000,Private,Single,Boys,1,1,1,0,1,0,0,1,Fully Furnished,4.0,74,Full,OWN0179
PG00059,Nest House,Maharashtra,Mumbai,Borivali,"324, Park, Borivali, Mumbai",19.0793,72.8972,17500,17500,Private,Double,Girls,1,1,1,1,1,1,1,1,Fully Furnished,4.3,256,Full,OWN0123
PG00060,Happy Girls Hostel,Maharashtra,Mumbai,Mulund,"150, Lane, Mulund, Mumbai",19.1175,72.8844,17800,35500,Private,Double,Boys,1,0,1,1,1,1,1,1,Unfurnished,3.4,385,Available,OWN0069
PG00061,Star Palace,Maharashtra,Mumbai,Chembur,"94, Society, Chembur, Mumbai",19.0465,72.8969,11500,11500,Shared,Triple,Girls,1,1,1,0,1,0,1,1,Fully Furnished,3.1,257,Available,OWN0108
PG00062,Nirvana Nivas,Maharashtra,Mumbai,Mulund,"191, Colony, Mulund, Mumbai",19.1036,72.8121,21900,65500,Private,Single,Boys,0,1,1,1,0,0,0,1,Semi Furnished,3.3,22,Available,OWN0189
PG00063,Modern PG,Maharashtra,Mumbai,Powai,"243, Park, Powai, Mumbai",19.1014,72.8514,26000,26000,Private,Single,Girls,1,1,1,1,1,1,0,0,Fully Furnished,3.2,146,Available,OWN0102
PG00064,Happy Residency,Maharashtra,Mumbai,Santacruz,"298, Colony, Santacruz, Mumbai",19.1024,72.8294,15900,24000,Shared,Double,Boys,1,1,0,0,0,1,1,1,Semi Furnished,3.5,290,Limited,OWN0194
PG00065,Nirvana House,Maharashtra,Mumbai,Kurla,"376, Lane, Kurla, Mumbai",19.009,72.8606,14400,21500,Shared,Triple,Coed,1,1,1,1,1,1,1,1,Fully Furnished,3.0,84,Available,OWN0068
PG00066,Ganesh Home,Maharashtra,Mumbai,Kurla,"398, Marg, Kurla, Mumbai",19.0591,72.8337,16600,33000,Private,Double,Girls,1,0,1,1,1,1,1,1,Semi Furnished,3.0,272,Limited,OWN0012
PG00067,Sunshine Residency,Maharashtra,Mumbai,Malad,"104, Complex, Malad, Mumbai",19.074,72.8215,14600,14500,Shared,Triple,Girls,1,0,1,1,0,1,0,1,Fully Furnished,3.8,332,Available,OWN0143
PG00068,Blue Inn,Maharashtra,Mumbai,Chembur,"363, Nagar, Chembur, Mumbai",19.1213,72.8449,26800,80500,Private,Single,Girls,1,1,1,1,1,1,1,1,Semi Furnished,4.4,397,Limited,OWN0092
PG00069,Metro Girls Hostel,Maharashtra,Mumbai,Jogeshwari,"54, Society, Jogeshwari, Mumbai",19.1169,72.8847,16600,25000,Shared,Double,Girls,1,0,0,1,0,0,1,1,Semi Furnished,4.0,114,Available,OWN0141
PG00070,Krishna House,Maharashtra,Mumbai,Vile Parle,"230, Park, Vile Parle, Mumbai",19.006,72.8126,23900,36000,Private,Single,Girls,0,1,1,1,0,1,0,1,Fully Furnished,3.0,240,Available,OWN0036
PG00071,Krishna Stay,Maharashtra,Mumbai,Vile Parle,"120, Road, Vile Parle, Mumbai",19.1196,72.8206,27100,81500,Private,Single,Girls,1,0,1,0,0,1,0,1,Fully Furnished,3.0,33,Full,OWN0086
PG00072,Blue Girls Hostel,Maharashtra,Mumbai,Kurla,"214, Complex, Kurla, Mumbai",19.1278,72.8394,19000,57000,Shared,Double,Girls,1,1,1,1,0,1,0,1,Semi Furnished,4.5,299,Available,OWN0057
PG00073,Vraj Boys Hostel,Maharashtra,Mumbai,Chembur,"76, Society, Chembur, Mumbai",19.0531,72.8743,14000,21000,Shared,Triple,Boys,1,1,1,0,0,1,1,1,Semi Furnished,3.3,141,Limited,OWN0083
PG00074,Royal Girls Hostel,Maharashtra,Mumbai,Bandra,"217, Chowk, Bandra, Mumbai",19.0548,72.8526,16000,16000,Shared,Double,Girls,1,1,1,0,0,1,0,1,Semi Furnished,3.0,32,Available,OWN0159
PG00075,Cozy Living,Maharashtra,Mumbai,Malad,"8, Chowk, Malad, Mumbai",19.1031,72.8233,16800,17000,Shared,Double,Boys,1,1,1,0,0,0,0,1,Semi Furnished,3.4,35,Available,OWN0179
PG00076,Divine House,Maharashtra,Mumbai,Vile Parle,"336, Nagar, Vile Parle, Mumbai",19.0153,72.9002,12400,18500,Shared,Triple,Coed,1,0,1,1,1,0,1,1,Semi Furnished,3.2,239,Available,OWN0183
PG00077,Divine Stay,Maharashtra,Mumbai,Andheri West,"272, Road, Andheri West, Mumbai",19.0527,72.8628,18500,37000,Private,Double,Girls,1,1,0,0,1,1,1,1,Unfurnished,3.3,179,Full,OWN0169
PG00078,Serene Boys Hostel,Maharashtra,Mumbai,Malad,"267, Lane, Malad, Mumbai",19.0644,72.8879,17300,26000,Private,Double,Coed,1,1,1,1,0,0,0,1,Semi Furnished,3.7,399,Available,OWN0145
PG00079,Shree Palace,Maharashtra,Mumbai,Borivali,"286, Marg, Borivali, Mumbai",19.1388,72.8243,24700,24500,Private,Single,Girls,0,0,1,1,0,0,0,0,Fully Furnished,3.1,18,Limited,OWN0157
PG00080,Comfort Stay,Maharashtra,Mumbai,Vile Parle,"306, Lane, Vile Parle, Mumbai",19.0383,72.8114,17400,35000,Private,Double,Boys,0,1,1,1,1,1,1,1,Fully Furnished,4.9,118,Limited,OWN0052
PG00081,Serene Rooms,Maharashtra,Mumbai,Goregaon,"225, Colony, Goregaon, Mumbai",19.1023,72.929,13300,13500,Shared,Triple,Boys,1,0,1,1,0,0,1,1,Semi Furnished,3.8,428,Full,OWN0063
PG00082,City Residency,Maharashtra,Mumbai,Dadar,"286, Park, Dadar, Mumbai",19.0783,72.896,16300,16500,Private,Double,Girls,0,0,1,1,1,0,0,0,Fully Furnished,4.4,62,Available,OWN0150
PG00083,Radha Girls Hostel,Maharashtra,Mumbai,Malad,"166, Colony, Malad, Mumbai",19.0095,72.8712,15800,47500,Shared,Double,Coed,1,1,1,1,1,0,1,1,Semi Furnished,4.4,266,Limited,OWN0041
PG00084,Legacy Boys Hostel,Maharashtra,Mumbai,Dadar,"23, Society, Dadar, Mumbai",19.1337,72.8869,18900,19000,Shared,Double,Boys,1,0,1,1,0,0,1,1,Semi Furnished,4.2,134,Available,OWN0128
PG00085,Legacy Home,Maharashtra,Mumbai,Kandivali,"312, Colony, Kandivali, Mumbai",19.0393,72.8901,12700,19000,Shared,Triple,Girls,1,1,0,1,0,0,1,1,Fully Furnished,4.7,346,Available,OWN0155
PG00086,Shree Palace,Maharashtra,Mumbai,Mulund,"26, Complex, Mulund, Mumbai",19.0644,72.8327,15700,47000,Shared,Double,Coed,1,1,1,0,1,0,0,1,Semi Furnished,3.1,360,Full,OWN0085
PG00087,Modern PG,Maharashtra,Mumbai,Chembur,"357, Lane, Chembur, Mumbai",19.0917,72.823,17000,51000,Shared,Double,Girls,1,0,0,1,0,1,1,0,Fully Furnished,3.9,328,Available,OWN0047
PG00088,Metro Living,Maharashtra,Mumbai,Santacruz,"100, Nagar, Santacruz, Mumbai",19.0225,72.8728,14100,28000,Shared,Double,Girls,0,1,1,1,0,1,1,1,Semi Furnished,4.5,63,Limited,OWN0088
PG00089,City Home,Maharashtra,Mumbai,Dadar,"90, Lane, Dadar, Mumbai",19.0523,72.855,13400,27000,Shared,Triple,Girls,1,1,1,0,0,1,0,1,Semi Furnished,4.0,352,Available,OWN0138
PG00090,Star Retreat,Maharashtra,Mumbai,Andheri West,"182, Complex, Andheri West, Mumbai",19.1417,72.847,15400,46000,Private,Double,Girls,0,1,1,1,0,0,0,1,Fully Furnished,4.7,195,Available,OWN0078
PG00091,Modern Living,Maharashtra,Mumbai,Goregaon,"90, Complex, Goregaon, Mumbai",19.0584,72.8129,27600,41500,Private,Single,Girls,1,1,1,1,0,0,1,1,Fully Furnished,3.3,23,Available,OWN0183
PG00092,Happy Living,Maharashtra,Mumbai,Powai,"23, Complex, Powai, Mumbai",19.0527,72.9322,14600,14500,Private,Double,Boys,0,1,1,1,1,1,0,1,Fully Furnished,2.8,323,Available,OWN0027
PG00093,Legacy Inn,Maharashtra,Mumbai,Goregaon,"282, Chowk, Goregaon, Mumbai",19.0439,72.9398,17900,53500,Shared,Double,Boys,1,0,1,1,1,0,1,1,Fully Furnished,4.2,164,Available,OWN0051
PG00094,New House,Maharashtra,Mumbai,Bandra,"291, Society, Bandra, Mumbai",19.019,72.92,18900,38000,Shared,Double,Girls,1,0,1,1,1,0,1,0,Fully Furnished,4.5,171,Available,OWN0008
PG00095,Om Heights,Maharashtra,Mumbai,Bandra,"180, Colony, Bandra, Mumbai",19.0706,72.8316,17400,26000,Shared,Double,Girls,1,0,1,1,1,1,1,1,Fully Furnished,4.9,201,Available,OWN0054
PG00096,Nirvana Girls Hostel,Maharashtra,Mumbai,Chembur,"291, Chowk, Chembur, Mumbai",19.0822,72.8408,18600,56000,Shared,Double,Girls,1,0,1,1,1,1,1,1,Fully Furnished,3.5,335,Limited,OWN0024
PG00097,Blue Villa,Maharashtra,Mumbai,Goregaon,"298, Nagar, Goregaon, Mumbai",19.112,72.9002,14900,30000,Shared,Triple,Boys,1,1,1,1,0,0,1,0,Fully Furnished,5.0,303,Available,OWN0131
PG00098,Cozy Villa,Maharashtra,Mumbai,Dadar,"151, Nagar, Dadar, Mumbai",19.0577,72.8845,17100,25500,Private,Double,Boys,1,1,1,1,0,0,1,1,Fully Furnished,3.2,201,Limited,OWN0093
PG00099,Elite Living,Maharashtra,Mumbai,Chembur,"344, Society, Chembur, Mumbai",19.0248,72.8177,14600,44000,Private,Double,Girls,0,1,1,0,0,0,0,0,Semi Furnished,4.0,235,Available,OWN0058
PG00100,Sai Home,Maharashtra,Mumbai,Borivali,"296, Colony, Borivali, Mumbai",19.1246,72.8408,12300,24500,Shared,Triple,Coed,1,1,1,1,1,1,0,1,Semi Furnished,3.8,45,Available,OWN0157
PG00101,Golden Nivas,Maharashtra,Mumbai,Bandra,"323, Complex, Bandra, Mumbai",19.1018,72.8832,17100,34000,Shared,Double,Coed,1,1,1,0,0,1,1,0,Fully Furnished,4.4,293,Available,OWN0162
PG00102,Nest Rooms,Maharashtra,Mumbai,Kandivali,"294, Nagar, Kandivali, Mumbai",19.0979,72.8485,17100,25500,Shared,Double,Boys,1,1,0,1,1,1,0,1,Fully Furnished,4.3,194,Limited,OWN0067
PG00103,Om Rooms,Maharashtra,Mumbai,Santacruz,"271, Nagar, Santacruz, Mumbai",19.054,72.8195,22900,23000,Private,Single,Girls,0,1,1,1,0,1,1,0,Fully Furnished,2.9,242,Available,OWN0078
PG00104,City Stay,Maharashtra,Mumbai,Kandivali,"195, Park, Kandivali, Mumbai",19.0724,72.828,15100,30000,Shared,Double,Boys,0,1,1,1,0,1,1,1,Semi Furnished,3.5,141,Limited,OWN0066
PG00105,Ganesh Stay,Maharashtra,Mumbai,Dadar,"376, Lane, Dadar, Mumbai",19.0788,72.9026,8600,8500,Dormitory,Dormitory,Boys,1,1,1,1,0,0,1,1,Fully Furnished,2.9,309,Limited,OWN0056
PG00106,Metro Heights,Maharashtra,Mumbai,Powai,"45, Society, Powai, Mumbai",19.0586,72.9146,17700,35500,Shared,Double,Coed,1,1,1,0,0,0,1,1,Unfurnished,3.4,404,Available,OWN0199
PG00107,Radha Boys Hostel,Maharashtra,Mumbai,Andheri East,"171, Nagar, Andheri East, Mumbai",19.0422,72.9215,23000,23000,Private,Single,Girls,0,1,1,1,1,0,1,1,Unfurnished,2.9,41,Available,OWN0065
PG00108,Happy Nivas,Maharashtra,Mumbai,Jogeshwari,"77, Nagar, Jogeshwari, Mumbai",19.1366,72.9007,16500,49500,Private,Double,Coed,1,1,0,1,0,0,0,1,Fully Furnished,3.1,279,Full,OWN0092
PG00109,Urban Living,Maharashtra,Mumbai,Ghatkopar,"206, Nagar, Ghatkopar, Mumbai",19.0945,72.9419,17700,35500,Private,Double,Boys,1,0,1,1,1,1,1,1,Semi Furnished,3.9,328,Available,OWN0049
PG00110,Divine PG,Maharashtra,Mumbai,Malad,"13, Lane, Malad, Mumbai",19.0745,72.8165,11300,34000,Shared,Triple,Girls,0,0,0,1,1,1,0,1,Fully Furnished,4.9,450,Full,OWN0039
PG00111,Serene Residency,Maharashtra,Mumbai,Santacruz,"377, Society, Santacruz, Mumbai",19.0744,72.8104,7700,7500,Dormitory,Dormitory,Girls,1,1,1,1,0,0,1,1,Semi Furnished,3.1,309,Limited,OWN0057
PG00112,Nirvana PG,Maharashtra,Mumbai,Bandra,"219, Chowk, Bandra, Mumbai",19.1196,72.9452,14200,21500,Shared,Triple,Boys,1,1,1,0,1,1,1,1,Fully Furnished,4.3,288,Available,OWN0063
PG00113,Elite Heights,Maharashtra,Mumbai,Andheri East,"324, Park, Andheri East, Mumbai",19.1149,72.8099,14900,44500,Shared,Double,Boys,0,0,1,1,0,0,1,1,Fully Furnished,3.7,94,Limited,OWN0010
PG00114,Metro Nivas,Maharashtra,Mumbai,Borivali,"314, Complex, Borivali, Mumbai",19.0938,72.9173,24200,24000,Private,Single,Girls,1,0,0,1,0,0,1,1,Semi Furnished,3.2,412,Available,OWN0122
PG00115,Sunshine Rooms,Maharashtra,Mumbai,Kandivali,"344, Nagar, Kandivali, Mumbai",19.0136,72.8587,17100,51500,Private,Double,Boys,0,0,1,1,0,1,0,1,Fully Furnished,4.1,171,Available,OWN0192
PG00116,Golden Heights,Maharashtra,Mumbai,Ghatkopar,"167, Lane, Ghatkopar, Mumbai",19.0197,72.911,12200,24500,Shared,Triple,Coed,1,1,1,1,1,0,1,1,Fully Furnished,4.9,108,Available,OWN0009
PG00117,Silver Villa,Maharashtra,Mumbai,Andheri East,"57, Colony, Andheri East, Mumbai",19.0702,72.8317,17500,52500,Private,Double,Girls,0,1,1,1,0,0,1,0,Fully Furnished,4.6,147,Available,OWN0110
PG00118,Golden Retreat,Maharashtra,Mumbai,Santacruz,"223, Lane, Santacruz, Mumbai",19.1309,72.8905,26200,26000,Private,Single,Boys,1,0,1,1,0,1,0,1,Fully Furnished,4.0,11,Limited,OWN0105
PG00119,Elite Inn,Maharashtra,Mumbai,Goregaon,"152, Lane, Goregaon, Mumbai",19.0967,72.8204,12700,12500,Shared,Triple,Boys,1,1,1,0,0,1,0,1,Semi Furnished,4.7,41,Available,OWN0177
PG00120,Modern Residency,Maharashtra,Mumbai,Ghatkopar,"152, Park, Ghatkopar, Mumbai",19.1114,72.9054,18700,37500,Shared,Double,Girls,1,0,1,1,0,0,0,1,Fully Furnished,3.6,336,Available,OWN0018
PG00121,Elite Retreat,Maharashtra,Mumbai,Goregaon,"123, Marg, Goregaon, Mumbai",19.0219,72.8747,7200,21500,Dormitory,Dormitory,Girls,0,1,1,1,1,1,0,1,Fully Furnished,3.9,429,Available,OWN0182
PG00122,Ganesh Inn,Maharashtra,Mumbai,Mulund,"345, Complex, Mulund, Mumbai",19.0324,72.9315,16500,25000,Private,Double,Coed,1,0,1,1,0,1,0,1,Semi Furnished,3.8,220,Available,OWN0166
PG00123,Vraj PG,Maharashtra,Mumbai,Andheri West,"33, Nagar, Andheri West, Mumbai",19.1281,72.8402,9000,18000,Dormitory,Dormitory,Girls,1,1,1,1,0,0,0,1,Fully Furnished,3.2,138,Available,OWN0096
PG00124,New Residency,Maharashtra,Mumbai,Mulund,"76, Chowk, Mulund, Mumbai",19.0458,72.9416,16900,34000,Shared,Double,Girls,1,0,1,1,0,1,1,1,Fully Furnished,3.6,110,Available,OWN0009
PG00125,Krishna Villa,Maharashtra,Mumbai,Ghatkopar,"191, Colony, Ghatkopar, Mumbai",19.0816,72.8305,25200,50500,Private,Single,Boys,1,1,1,1,1,0,0,1,Semi Furnished,4.9,391,Full,OWN0147
PG00126,Nirvana House,Maharashtra,Mumbai,Malad,"174, Complex, Malad, Mumbai",19.1084,72.9337,24000,24000,Private,Single,Boys,1,0,1,1,1,0,1,1,Unfurnished,3.0,439,Available,OWN0172
PG00127,Modern Boys Hostel,Maharashtra,Mumbai,Bandra,"100, Colony, Bandra, Mumbai",19.0505,72.8924,7800,23500,Dormitory,Dormitory,Coed,1,1,0,1,1,1,1,0,Semi Furnished,4.4,217,Limited,OWN0074
PG00128,Nirvana Girls Hostel,Maharashtra,Mumbai,Borivali,"374, Park, Borivali, Mumbai",19.0255,72.8899,22600,68000,Private,Single,Boys,0,1,1,0,0,1,1,1,Fully Furnished,4.4,391,Full,OWN0052
PG00129,Blue Boys Hostel,Maharashtra,Mumbai,Borivali,"149, Marg, Borivali, Mumbai",19.0747,72.9229,16500,25000,Private,Double,Girls,1,1,1,1,1,0,1,1,Semi Furnished,3.9,357,Limited,OWN0008
PG00130,New Comforts,Maharashtra,Mumbai,Powai,"253, Complex, Powai, Mumbai",19.0898,72.8583,12600,19000,Shared,Triple,Coed,1,1,1,1,0,1,0,1,Fully Furnished,3.6,32,Available,OWN0108
PG00131,Divine Living,Maharashtra,Mumbai,Kurla,"150, Marg, Kurla, Mumbai",19.0955,72.8185,26400,53000,Private,Single,Girls,1,1,1,1,0,0,1,1,Fully Furnished,4.6,11,Available,OWN0073
PG00132,New Nivas,Maharashtra,Mumbai,Kurla,"211, Chowk, Kurla, Mumbai",19.1349,72.8305,25200,25000,Private,Single,Girls,0,1,1,0,0,0,0,0,Fully Furnished,4.6,13,Available,OWN0080
PG00133,Elite House,Maharashtra,Mumbai,Kurla,"306, Marg, Kurla, Mumbai",19.1129,72.8556,15900,16000,Shared,Double,Girls,1,1,1,1,1,1,0,1,Semi Furnished,4.5,392,Available,OWN0051
PG00134,Divine Residency,Maharashtra,Mumbai,Powai,"241, Complex, Powai, Mumbai",19.1332,72.8138,23800,47500,Private,Single,Girls,0,0,1,0,1,1,1,0,Unfurnished,3.6,442,Available,OWN0187
PG00135,Modern Palace,Maharashtra,Mumbai,Santacruz,"51, Nagar, Santacruz, Mumbai",19.08,72.9079,8400,8500,Dormitory,Dormitory,Boys,0,1,1,0,0,0,1,1,Fully Furnished,3.2,186,Full,OWN0109
PG00136,Modern Stay,Maharashtra,Mumbai,Goregaon,"209, Complex, Goregaon, Mumbai",19.1126,72.8517,18400,27500,Shared,Double,Girls,1,1,1,1,0,1,1,1,Semi Furnished,4.0,153,Full,OWN0110
PG00137,Cozy Palace,Maharashtra,Mumbai,Goregaon,"244, Chowk, Goregaon, Mumbai",19.0311,72.9475,17800,26500,Shared,Double,Boys,1,1,1,1,0,0,0,0,Fully Furnished,3.5,309,Limited,OWN0104
PG00138,Golden Girls Hostel,Maharashtra,Mumbai,Powai,"372, Colony, Powai, Mumbai",19.045,72.9076,9400,28000,Shared,Triple,Girls,0,0,1,1,0,0,1,1,Fully Furnished,3.9,326,Full,OWN0008
PG00139,City Residency,Maharashtra,Mumbai,Powai,"35, Colony, Powai, Mumbai",19.1009,72.9438,17400,35000,Private,Double,Boys,1,1,1,0,0,0,1,1,Fully Furnished,4.6,281,Available,OWN0196
PG00140,Sai Heights,Maharashtra,Mumbai,Andheri East,"197, Colony, Andheri East, Mumbai",19.05,72.8604,17200,51500,Shared,Double,Boys,1,0,0,1,0,1,1,1,Semi Furnished,3.8,442,Available,OWN0015
PG00141,Silver Nivas,Maharashtra,Mumbai,Dadar,"303, Park, Dadar, Mumbai",19.0924,72.8571,9700,19500,Dormitory,Dormitory,Boys,1,1,1,1,0,1,0,1,Fully Furnished,3.7,33,Limited,OWN0064
PG00142,Zenith Living,Maharashtra,Mumbai,Santacruz,"304, Complex, Santacruz, Mumbai",19.1335,72.8169,17600,53000,Private,Double,Boys,1,1,1,1,0,1,1,1,Fully Furnished,3.5,55,Limited,OWN0026
PG00143,Shree Nivas,Maharashtra,Mumbai,Goregaon,"258, Chowk, Goregaon, Mumbai",19.0293,72.8496,9700,9500,Dormitory,Dormitory,Boys,1,0,1,0,1,1,1,1,Semi Furnished,4.4,301,Available,OWN0087
PG00144,Serene Nivas,Maharashtra,Mumbai,Vile Parle,"219, Lane, Vile Parle, Mumbai",19.0546,72.8184,13500,40500,Shared,Triple,Girls,1,1,1,1,0,0,1,1,Semi Furnished,3.3,426,Limited,OWN0120
PG00145,Zenith Girls Hostel,Maharashtra,Mumbai,Vile Parle,"290, Nagar, Vile Parle, Mumbai",19.0791,72.8587,22600,34000,Private,Single,Girls,0,0,1,0,0,0,0,1,Fully Furnished,3.7,63,Available,OWN0008
PG00146,Nirvana Living,Maharashtra,Mumbai,Santacruz,"238, Colony, Santacruz, Mumbai",19.0844,72.8688,15700,15500,Shared,Double,Boys,1,1,1,1,0,0,1,1,Semi Furnished,3.5,157,Full,OWN0105
PG00147,Urban Palace,Maharashtra,Mumbai,Kurla,"204, Society, Kurla, Mumbai",19.039,72.8876,16000,48000,Shared,Double,Girls,0,0,0,1,0,1,1,0,Fully Furnished,4.6,385,Available,OWN0109
PG00148,Elite Heights,Maharashtra,Mumbai,Goregaon,"90, Lane, Goregaon, Mumbai",19.1418,72.8692,27000,54000,Private,Single,Girls,1,0,1,1,0,0,0,0,Fully Furnished,2.8,315,Available,OWN0190
PG00149,Metro Stay,Maharashtra,Mumbai,Andheri East,"130, Marg, Andheri East, Mumbai",19.0599,72.8972,16500,25000,Shared,Double,Girls,1,1,1,0,0,0,1,0,Semi Furnished,4.8,328,Available,OWN0197
PG00150,Nirvana Residency,Maharashtra,Mumbai,Chembur,"141, Complex, Chembur, Mumbai",19.1212,72.9394,12400,25000,Shared,Triple,Coed,1,1,0,1,1,1,1,1,Semi Furnished,3.8,19,Limited,OWN0165
PG00151,Zenith House,Maharashtra,Mumbai,Borivali,"329, Society, Borivali, Mumbai",19.0064,72.8357,27600,41500,Private,Single,Boys,1,0,1,1,1,1,1,0,Fully Furnished,3.4,356,Available,OWN0084
PG00152,Star Palace,Maharashtra,Mumbai,Mulund,"213, Chowk, Mulund, Mumbai",19.0315,72.9304,8100,24500,Dormitory,Dormitory,Coed,1,0,0,1,0,0,0,1,Semi Furnished,4.2,312,Available,OWN0023
PG00153,Sunshine Heights,Maharashtra,Mumbai,Kurla,"8, Marg, Kurla, Mumbai",19.0669,72.9365,14000,28000,Shared,Triple,Boys,1,1,0,0,1,1,1,0,Semi Furnished,4.4,101,Available,OWN0105
PG00154,Happy Living,Maharashtra,Mumbai,Malad,"135, Lane, Malad, Mumbai",19.0925,72.9347,18400,18500,Private,Double,Boys,1,0,0,1,1,1,1,1,Fully Furnished,3.5,125,Available,OWN0091
PG00155,Happy Comforts,Maharashtra,Mumbai,Andheri East,"259, Park, Andheri East, Mumbai",19.0484,72.863,24700,37000,Private,Single,Girls,1,1,0,0,1,1,1,1,Fully Furnished,3.9,432,Available,OWN0093
PG00156,Vraj Comforts,Maharashtra,Mumbai,Chembur,"314, Road, Chembur, Mumbai",19.0784,72.8687,19000,57000,Private,Double,Girls,1,0,1,0,1,1,1,1,Fully Furnished,3.1,258,Available,OWN0092
PG00157,Ganesh Nivas,Maharashtra,Mumbai,Kandivali,"58, Society, Kandivali, Mumbai",19.0233,72.8208,19700,29500,Shared,Double,Girls,1,0,1,1,1,0,1,1,Fully Furnished,4.5,351,Available,OWN0085
PG00158,Vraj Heights,Maharashtra,Mumbai,Andheri West,"202, Chowk, Andheri West, Mumbai",19.0886,72.9409,17100,25500,Shared,Double,Boys,1,0,1,1,1,0,1,1,Semi Furnished,3.3,29,Limited,OWN0073
PG00159,Nirvana Residency,Maharashtra,Mumbai,Ghatkopar,"381, Complex, Ghatkopar, Mumbai",19.0826,72.892,13400,40000,Private,Double,Boys,0,0,1,0,1,0,1,1,Semi Furnished,4.6,381,Limited,OWN0080
PG00160,Krishna Heights,Maharashtra,Mumbai,Malad,"189, Marg, Malad, Mumbai",19.034,72.8701,17300,26000,Private,Double,Girls,1,0,1,1,0,1,1,1,Fully Furnished,4.8,274,Limited,OWN0135
PG00161,Vraj House,Maharashtra,Mumbai,Bandra,"224, Complex, Bandra, Mumbai",19.133,72.8746,26100,52000,Private,Single,Girls,1,1,1,1,0,0,1,1,Fully Furnished,3.6,304,Available,OWN0129
PG00162,Royal House,Maharashtra,Mumbai,Andheri West,"92, Society, Andheri West, Mumbai",19.124,72.814,19900,40000,Private,Double,Boys,1,0,1,0,1,0,0,1,Fully Furnished,4.7,59,Available,OWN0005
PG00163,Radha Heights,Maharashtra,Mumbai,Andheri West,"7, Society, Andheri West, Mumbai",19.0978,72.8721,16900,25500,Private,Double,Boys,0,1,1,0,0,0,1,1,Fully Furnished,4.7,112,Available,OWN0038
PG00164,Sai PG,Maharashtra,Mumbai,Santacruz,"45, Road, Santacruz, Mumbai",19.1138,72.8284,23700,23500,Private,Single,Boys,1,0,0,1,0,1,1,1,Semi Furnished,3.0,438,Limited,OWN0107
PG00165,City Living,Maharashtra,Mumbai,Kandivali,"19, Colony, Kandivali, Mumbai",19.062,72.8796,12800,38500,Shared,Triple,Boys,1,1,1,1,1,0,0,1,Semi Furnished,4.3,15,Available,OWN0186
PG00166,Om Inn,Maharashtra,Mumbai,Goregaon,"225, Lane, Goregaon, Mumbai",19.0771,72.89,12700,25500,Shared,Triple,Boys,1,0,0,0,0,0,0,1,Semi Furnished,4.3,49,Limited,OWN0034
PG00167,Star Rooms,Maharashtra,Mumbai,Borivali,"311, Colony, Borivali, Mumbai",19.0201,72.8659,8700,26000,Dormitory,Dormitory,Boys,1,1,1,0,1,1,0,0,Fully Furnished,3.1,121,Available,OWN0058
PG00168,Silver Retreat,Maharashtra,Mumbai,Kandivali,"182, Nagar, Kandivali, Mumbai",19.1138,72.8857,15400,15500,Shared,Double,Girls,0,1,1,0,1,1,1,1,Unfurnished,3.9,90,Limited,OWN0053
PG00169,Sunshine Living,Maharashtra,Mumbai,Kurla,"363, Colony, Kurla, Mumbai",19.1127,72.8775,18300,18500,Shared,Double,Girls,1,1,1,1,0,0,1,0,Fully Furnished,3.4,371,Limited,OWN0093
PG00170,Elite Girls Hostel,Maharashtra,Mumbai,Santacruz,"117, Society, Santacruz, Mumbai",19.1182,72.8656,17900,27000,Private,Double,Coed,1,1,0,1,0,0,1,1,Fully Furnished,3.8,206,Limited,OWN0170
PG00171,Nest Residency,Maharashtra,Mumbai,Malad,"324, Marg, Malad, Mumbai",19.1422,72.8664,12700,38000,Shared,Triple,Girls,1,1,1,0,0,1,1,1,Semi Furnished,4.3,420,Limited,OWN0104
PG00172,Vraj Palace,Maharashtra,Mumbai,Goregaon,"19, Marg, Goregaon, Mumbai",19.0528,72.9092,17400,35000,Shared,Double,Girls,1,1,1,1,1,0,1,0,Fully Furnished,4.4,263,Available,OWN0016
PG00173,Silver Inn,Maharashtra,Mumbai,Kurla,"64, Nagar, Kurla, Mumbai",19.1119,72.9395,23000,34500,Private,Single,Girls,0,0,0,1,0,0,1,1,Fully Furnished,4.4,271,Limited,OWN0027
PG00174,Modern PG,Maharashtra,Mumbai,Ghatkopar,"399, Chowk, Ghatkopar, Mumbai",19.0696,72.8282,17400,52000,Private,Double,Boys,1,0,1,1,1,1,1,1,Fully Furnished,4.2,230,Limited,OWN0126
PG00175,Blue Rooms,Maharashtra,Mumbai,Chembur,"74, Marg, Chembur, Mumbai",19.0238,72.9073,25500,38000,Private,Single,Girls,1,1,1,1,0,1,0,1,Fully Furnished,3.1,161,Full,OWN0078
PG00176,Om Home,Maharashtra,Mumbai,Mulund,"74, Society, Mulund, Mumbai",19.1157,72.8667,10100,20000,Dormitory,Dormitory,Boys,1,1,1,1,0,1,1,1,Fully Furnished,4.5,248,Limited,OWN0156
PG00177,New Villa,Maharashtra,Mumbai,Malad,"259, Colony, Malad, Mumbai",19.1126,72.9011,16800,25000,Private,Double,Boys,1,1,1,0,1,1,0,1,Fully Furnished,4.4,297,Limited,OWN0198
PG00178,Legacy Heights,Maharashtra,Mumbai,Mulund,"330, Marg, Mulund, Mumbai",19.0179,72.9414,19400,58000,Shared,Double,Coed,1,0,1,1,0,1,0,1,Fully Furnished,3.0,278,Limited,OWN0103
PG00179,Om Home,Maharashtra,Mumbai,Andheri East,"175, Park, Andheri East, Mumbai",19.0313,72.8111,13700,27500,Shared,Triple,Boys,1,1,1,1,1,1,1,1,Fully Furnished,3.2,370,Available,OWN0100
PG00180,Shree Villa,Maharashtra,Mumbai,Powai,"212, Chowk, Powai, Mumbai",19.0421,72.9395,15700,47000,Shared,Double,Boys,0,1,1,0,1,1,1,1,Fully Furnished,4.2,14,Available,OWN0151
PG00181,Golden Villa,Maharashtra,Mumbai,Powai,"156, Park, Powai, Mumbai",19.0684,72.9262,14000,21000,Shared,Double,Boys,0,0,1,1,0,1,1,1,Semi Furnished,2.8,251,Available,OWN0065
PG00182,Krishna PG,Maharashtra,Mumbai,Dadar,"300, Marg, Dadar, Mumbai",19.0454,72.8303,18900,38000,Shared,Double,Boys,1,1,1,1,1,1,1,0,Fully Furnished,4.2,390,Limited,OWN0070
PG00183,Urban Retreat,Maharashtra,Mumbai,Santacruz,"175, Lane, Santacruz, Mumbai",19.0704,72.8916,27300,27500,Private,Single,Girls,1,1,0,1,0,0,0,1,Fully Furnished,4.0,431,Limited,OWN0114
PG00184,Krishna Boys Hostel,Maharashtra,Mumbai,Powai,"308, Chowk, Powai, Mumbai",19.0601,72.9252,17700,26500,Shared,Double,Boys,1,1,1,1,0,0,0,1,Semi Furnished,3.3,257,Full,OWN0010
PG00185,Om PG,Maharashtra,Mumbai,Vile Parle,"4, Lane, Vile Parle, Mumbai",19.1438,72.8971,17400,26000,Private,Double,Girls,1,1,1,1,0,1,1,1,Fully Furnished,4.7,378,Limited,OWN0050
PG00186,Metro Comforts,Maharashtra,Mumbai,Andheri West,"349, Marg, Andheri West, Mumbai",19.1296,72.808,23700,71000,Private,Single,Coed,1,0,1,1,0,1,1,1,Semi Furnished,4.0,166,Available,OWN0050
PG00187,Serene Home,Maharashtra,Mumbai,Ghatkopar,"378, Lane, Ghatkopar, Mumbai",19.1429,72.867,24400,73000,Private,Single,Boys,1,1,1,1,0,1,0,0,Semi Furnished,3.3,179,Limited,OWN0086
PG00188,Serene House,Maharashtra,Mumbai,Santacruz,"392, Complex, Santacruz, Mumbai",19.0935,72.8888,24900,25000,Private,Single,Coed,1,0,1,0,1,0,1,1,Fully Furnished,4.0,155,Limited,OWN0103
PG00189,Comfort Girls Hostel,Maharashtra,Mumbai,Powai,"120, Nagar, Powai, Mumbai",19.0695,72.8727,21700,32500,Private,Single,Boys,0,0,1,1,1,1,1,1,Semi Furnished,4.2,136,Available,OWN0124
PG00190,Sunshine Stay,Maharashtra,Mumbai,Jogeshwari,"71, Nagar, Jogeshwari, Mumbai",19.0145,72.8513,13200,13000,Private,Double,Boys,0,0,1,1,1,1,1,1,Semi Furnished,3.7,105,Full,OWN0164
PG00191,Nirvana Palace,Maharashtra,Mumbai,Goregaon,"175, Lane, Goregaon, Mumbai",19.0995,72.905,9300,9500,Dormitory,Dormitory,Girls,1,1,0,1,0,1,1,1,Fully Furnished,4.2,359,Available,OWN0160
PG00192,Golden Nivas,Maharashtra,Mumbai,Goregaon,"377, Chowk, Goregaon, Mumbai",19.119,72.8603,25200,38000,Private,Single,Boys,1,1,1,1,1,1,0,1,Fully Furnished,3.3,139,Limited,OWN0087
PG00193,Sunshine PG,Maharashtra,Mumbai,Santacruz,"12, Society, Santacruz, Mumbai",19.124,72.9352,24000,72000,Private,Single,Boys,0,1,0,1,1,0,0,0,Unfurnished,4.7,38,Available,OWN0034
PG00194,Star Boys Hostel,Maharashtra,Mumbai,Goregaon,"356, Chowk, Goregaon, Mumbai",19.0505,72.8678,18500,55500,Shared,Double,Girls,1,0,1,1,1,0,1,1,Fully Furnished,3.3,46,Limited,OWN0170
PG00195,Sunshine Boys Hostel,Maharashtra,Mumbai,Bandra,"385, Marg, Bandra, Mumbai",19.0584,72.8803,17100,25500,Private,Double,Girls,1,0,1,1,0,0,1,1,Semi Furnished,3.7,161,Available,OWN0097
PG00196,Blue Inn,Maharashtra,Mumbai,Borivali,"131, Marg, Borivali, Mumbai",19.0179,72.9129,18000,36000,Private,Double,Boys,1,1,1,1,0,1,1,1,Fully Furnished,4.2,188,Full,OWN0076
PG00197,Nirvana Comforts,Maharashtra,Mumbai,Bandra,"117, Complex, Bandra, Mumbai",19.0226,72.8581,13100,26000,Shared,Triple,Boys,1,1,1,1,1,0,0,0,Semi Furnished,2.8,158,Available,OWN0089
PG00198,Radha Home,Maharashtra,Mumbai,Dadar,"242, Marg, Dadar, Mumbai",19.1445,72.9409,17200,51500,Shared,Double,Boys,1,1,1,0,0,0,1,1,Fully Furnished,3.3,235,Full,OWN0008
PG00199,Elite Villa,Maharashtra,Mumbai,Kurla,"157, Nagar, Kurla, Mumbai",19.076,72.8999,27800,55500,Private,Single,Boys,1,1,1,1,1,1,0,0,Fully Furnished,4.1,414,Limited,OWN0156
PG00200,Radha PG,Maharashtra,Mumbai,Dadar,"201, Complex, Dadar, Mumbai",19.0808,72.8341,16400,24500,Private,Double,Girls,1,1,1,1,0,0,1,1,Unfurnished,3.3,342,Available,OWN0117
PG00201,Krishna Home,Maharashtra,Mumbai,Andheri East,"88, Chowk, Andheri East, Mumbai",19.1264,72.8652,24100,48000,Private,Single,Boys,1,0,1,0,1,0,1,0,Semi Furnished,4.1,262,Limited,OWN0118
PG00202,Star Home,Maharashtra,Mumbai,Vile Parle,"74, Colony, Vile Parle, Mumbai",19.015,72.8636,9000,13500,Shared,Triple,Coed,0,1,1,1,1,0,1,1,Semi Furnished,3.7,96,Full,OWN0188
PG00203,Ganesh Boys Hostel,Maharashtra,Mumbai,Chembur,"338, Society, Chembur, Mumbai",19.1038,72.8211,17500,17500,Shared,Double,Boys,0,1,1,1,0,0,0,1,Fully Furnished,5.0,44,Limited,OWN0130
PG00204,Sai House,Maharashtra,Mumbai,Ghatkopar,"85, Road, Ghatkopar, Mumbai",19.035,72.8139,16700,25000,Private,Double,Boys,1,0,1,1,1,0,1,1,Fully Furnished,4.4,229,Available,OWN0072
PG00205,Sunshine Home,Maharashtra,Mumbai,Borivali,"311, Complex, Borivali, Mumbai",19.0308,72.8251,15900,16000,Shared,Double,Boys,0,1,1,1,1,1,0,1,Semi Furnished,3.7,162,Available,OWN0154
PG00206,Divine Boys Hostel,Maharashtra,Mumbai,Andheri West,"393, Lane, Andheri West, Mumbai",19.136,72.8602,26000,26000,Private,Single,Boys,1,1,1,1,1,0,1,0,Semi Furnished,3.7,60,Limited,OWN0083
PG00207,Comfort PG,Maharashtra,Mumbai,Goregaon,"278, Park, Goregaon, Mumbai",19.1374,72.8246,19600,59000,Private,Double,Boys,1,1,1,1,1,0,1,1,Fully Furnished,3.5,311,Available,OWN0027
PG00208,Silver Heights,Maharashtra,Mumbai,Borivali,"308, Chowk, Borivali, Mumbai",19.1434,72.9052,18700,28000,Shared,Double,Boys,1,0,1,0,0,1,1,1,Fully Furnished,3.9,365,Full,OWN0060
PG00209,Comfort Heights,Maharashtra,Mumbai,Andheri West,"159, Lane, Andheri West, Mumbai",19.1093,72.9137,16000,32000,Shared,Double,Boys,1,1,1,1,1,0,0,1,Semi Furnished,4.2,394,Available,OWN0107
PG00210,New Home,Maharashtra,Mumbai,Mulund,"118, Chowk, Mulund, Mumbai",19.054,72.8365,23200,35000,Private,Single,Girls,1,1,0,1,1,0,1,1,Unfurnished,4.9,69,Available,OWN0152
PG00211,Golden Palace,Maharashtra,Mumbai,Goregaon,"219, Colony, Goregaon, Mumbai",19.0496,72.9087,26100,78500,Private,Single,Girls,1,1,0,1,0,1,0,1,Fully Furnished,3.9,381,Available,OWN0040
PG00212,Happy Boys Hostel,Maharashtra,Mumbai,Kandivali,"219, Complex, Kandivali, Mumbai",19.1122,72.9367,19700,19500,Shared,Double,Girls,1,1,1,1,0,1,1,1,Fully Furnished,2.8,261,Limited,OWN0096
PG00213,Radha Girls Hostel,Maharashtra,Mumbai,Kandivali,"203, Chowk, Kandivali, Mumbai",19.0598,72.8508,6200,18500,Dormitory,Dormitory,Boys,0,0,1,0,1,0,0,1,Semi Furnished,4.2,193,Limited,OWN0167
PG00214,Sai Stay,Maharashtra,Mumbai,Dadar,"125, Colony, Dadar, Mumbai",19.0108,72.9215,19200,57500,Shared,Double,Girls,1,1,1,1,1,0,0,0,Fully Furnished,3.7,305,Full,OWN0021
PG00215,Sai Rooms,Maharashtra,Mumbai,Goregaon,"219, Road, Goregaon, Mumbai",19.1029,72.8778,12200,36500,Shared,Triple,Girls,1,0,0,0,1,1,0,0,Fully Furnished,4.3,8,Full,OWN0126
PG00216,Royal Palace,Maharashtra,Mumbai,Andheri West,"397, Park, Andheri West, Mumbai",19.0795,72.8993,18300,27500,Shared,Double,Boys,1,1,1,1,1,1,1,1,Semi Furnished,3.4,214,Available,OWN0160
PG00217,Cozy Rooms,Maharashtra,Mumbai,Powai,"41, Road, Powai, Mumbai",19.018,72.8252,26300,26500,Private,Single,Girls,1,1,1,1,0,1,1,0,Fully Furnished,3.6,271,Full,OWN0195
PG00218,Om Nivas,Maharashtra,Mumbai,Vile Parle,"388, Chowk, Vile Parle, Mumbai",19.0906,72.8548,11400,17000,Shared,Triple,Coed,0,0,1,1,1,1,1,1,Fully Furnished,2.9,67,Full,OWN0072
PG00219,Krishna House,Maharashtra,Mumbai,Santacruz,"317, Colony, Santacruz, Mumbai",19.0781,72.9001,18000,54000,Private,Double,Boys,1,1,1,1,0,0,1,1,Fully Furnished,5.0,443,Limited,OWN0026
PG00220,Vraj PG,Maharashtra,Mumbai,Dadar,"365, Society, Dadar, Mumbai",19.1278,72.9304,13800,20500,Shared,Double,Boys,0,1,1,1,0,1,1,1,Semi Furnished,3.2,342,Limited,OWN0028
PG00221,Metro Home,Maharashtra,Mumbai,Chembur,"83, Chowk, Chembur, Mumbai",19.1324,72.915,16000,16000,Private,Double,Girls,0,1,1,0,0,1,0,1,Fully Furnished,4.2,198,Full,OWN0191
PG00222,Zenith Girls Hostel,Maharashtra,Mumbai,Dadar,"120, Lane, Dadar, Mumbai",19.0423,72.8484,15900,47500,Private,Double,Girls,0,0,1,1,0,0,1,1,Fully Furnished,5.0,168,Limited,OWN0174
PG00223,Modern Stay,Maharashtra,Mumbai,Malad,"55, Park, Malad, Mumbai",19.0073,72.927,20000,20000,Private,Double,Girls,1,1,1,1,0,0,0,1,Fully Furnished,3.4,439,Limited,OWN0123
PG00224,Om Living,Maharashtra,Mumbai,Goregaon,"361, Park, Goregaon, Mumbai",19.0142,72.9211,24200,36500,Private,Single,Coed,0,1,1,0,0,0,0,1,Semi Furnished,5.0,285,Available,OWN0109
PG00225,Krishna Boys Hostel,Maharashtra,Mumbai,Kandivali,"201, Complex, Kandivali, Mumbai",19.0799,72.8473,17500,52500,Shared,Double,Girls,1,1,1,0,0,1,0,1,Semi Furnished,4.3,154,Full,OWN0054
PG00226,Nirvana PG,Maharashtra,Mumbai,Goregaon,"377, Nagar, Goregaon, Mumbai",19.0567,72.9276,23200,69500,Private,Single,Boys,0,1,1,1,1,1,0,1,Fully Furnished,4.9,326,Limited,OWN0063
PG00227,Royal Stay,Maharashtra,Mumbai,Andheri East,"204, Colony, Andheri East, Mumbai",19.0484,72.8912,14400,14500,Private,Double,Girls,0,1,1,1,0,1,1,1,Fully Furnished,3.9,347,Full,OWN0058
PG00228,Nest Nivas,Maharashtra,Mumbai,Andheri West,"141, Complex, Andheri West, Mumbai",19.1172,72.8331,13200,39500,Shared,Triple,Boys,1,1,1,0,0,1,0,1,Semi Furnished,2.9,433,Available,OWN0183
PG00229,New PG,Maharashtra,Mumbai,Powai,"338, Complex, Powai, Mumbai",19.0313,72.8916,17800,26500,Private,Double,Girls,1,1,1,1,0,0,1,0,Fully Furnished,3.7,341,Available,OWN0077
PG00230,Modern Living,Maharashtra,Mumbai,Andheri East,"338, Marg, Andheri East, Mumbai",19.0683,72.8885,13400,27000,Shared,Triple,Girls,1,1,1,1,1,1,0,1,Fully Furnished,3.4,378,Limited,OWN0020
PG00231,Silver Boys Hostel,Maharashtra,Mumbai,Vile Parle,"333, Society, Vile Parle, Mumbai",19.062,72.8194,17300,26000,Private,Double,Coed,1,1,1,1,0,0,0,1,Semi Furnished,3.7,83,Available,OWN0112
PG00232,Happy Stay,Maharashtra,Mumbai,Dadar,"40, Road, Dadar, Mumbai",19.0234,72.8231,19800,20000,Shared,Double,Boys,1,0,1,1,0,1,1,0,Fully Furnished,3.2,377,Full,OWN0151
PG00233,Royal Inn,Maharashtra,Mumbai,Kandivali,"359, Road, Kandivali, Mumbai",19.0832,72.8927,13900,21000,Shared,Double,Boys,0,1,1,1,0,1,0,1,Semi Furnished,4.2,78,Available,OWN0189
PG00234,Divine Inn,Maharashtra,Mumbai,Vile Parle,"363, Lane, Vile Parle, Mumbai",19.101,72.8663,11300,34000,Shared,Triple,Coed,0,1,1,1,0,0,0,1,Semi Furnished,4.5,437,Available,OWN0021
PG00235,City Stay,Maharashtra,Mumbai,Bandra,"48, Society, Bandra, Mumbai",19.0865,72.8195,16900,17000,Private,Double,Girls,1,0,1,0,1,1,0,1,Fully Furnished,4.2,430,Limited,OWN0183
PG00236,Metro Inn,Maharashtra,Mumbai,Chembur,"126, Marg, Chembur, Mumbai",19.1018,72.8136,23300,23500,Private,Single,Girls,0,1,1,1,0,1,0,1,Fully Furnished,3.5,352,Available,OWN0139
PG00237,Vraj Living,Maharashtra,Mumbai,Powai,"248, Road, Powai, Mumbai",19.0431,72.808,13700,27500,Shared,Triple,Boys,1,0,1,0,1,1,1,1,Fully Furnished,3.5,59,Available,OWN0185
PG00238,Radha Inn,Maharashtra,Mumbai,Borivali,"5, Complex, Borivali, Mumbai",19.0663,72.8354,14900,44500,Shared,Double,Boys,0,1,1,1,0,1,1,0,Fully Furnished,4.2,229,Available,OWN0091
PG00239,Happy Inn,Maharashtra,Mumbai,Chembur,"364, Lane, Chembur, Mumbai",19.0215,72.8476,15500,31000,Private,Double,Girls,0,1,1,1,0,1,1,1,Semi Furnished,4.5,404,Full,OWN0129
PG00240,Elite Heights,Maharashtra,Mumbai,Dadar,"56, Nagar, Dadar, Mumbai",19.0237,72.8559,23600,35500,Private,Single,Boys,0,1,1,1,0,1,1,1,Semi Furnished,3.3,397,Available,OWN0068
PG00241,Urban Girls Hostel,Maharashtra,Mumbai,Santacruz,"102, Colony, Santacruz, Mumbai",19.1049,72.9211,14700,14500,Shared,Double,Boys,0,1,1,1,0,1,1,1,Fully Furnished,3.6,273,Available,OWN0163
PG00242,Golden Retreat,Maharashtra,Mumbai,Santacruz,"219, Colony, Santacruz, Mumbai",19.0146,72.8675,26200,26000,Private,Single,Boys,1,1,1,1,1,1,1,1,Fully Furnished,3.7,134,Full,OWN0094
PG00243,Vraj Heights,Maharashtra,Mumbai,Ghatkopar,"50, Nagar, Ghatkopar, Mumbai",19.1016,72.9156,19100,19000,Private,Double,Girls,1,0,1,1,0,1,1,0,Fully Furnished,2.9,340,Limited,OWN0050
PG00244,Royal Palace,Maharashtra,Mumbai,Jogeshwari,"280, Chowk, Jogeshwari, Mumbai",19.0482,72.8741,19000,57000,Shared,Double,Boys,1,1,1,0,0,0,0,0,Fully Furnished,2.9,219,Available,OWN0129
PG00245,Sunshine Comforts,Maharashtra,Mumbai,Andheri West,"357, Society, Andheri West, Mumbai",19.0466,72.9415,25500,38000,Private,Single,Girls,1,1,0,0,1,0,1,1,Fully Furnished,2.8,297,Available,OWN0179
PG00246,Nirvana House,Maharashtra,Mumbai,Andheri West,"258, Marg, Andheri West, Mumbai",19.0422,72.927,17700,26500,Private,Double,Girls,1,1,1,1,1,0,0,1,Semi Furnished,5.0,112,Available,OWN0001
PG00247,Zenith Inn,Maharashtra,Mumbai,Kurla,"167, Complex, Kurla, Mumbai",19.1385,72.9315,24900,25000,Private,Single,Boys,1,1,1,0,0,1,0,1,Unfurnished,4.4,357,Available,OWN0168
PG00248,Cozy PG,Maharashtra,Mumbai,Vile Parle,"227, Lane, Vile Parle, Mumbai",19.0514,72.8362,13200,20000,Shared,Triple,Boys,1,0,1,0,1,1,1,0,Fully Furnished,4.2,15,Available,OWN0046
PG00249,Urban PG,Maharashtra,Mumbai,Dadar,"36, Society, Dadar, Mumbai",19.0161,72.842,9800,10000,Dormitory,Dormitory,Coed,1,1,1,0,0,1,1,0,Semi Furnished,3.1,399,Available,OWN0037
PG00250,Nirvana Home,Maharashtra,Mumbai,Andheri West,"55, Marg, Andheri West, Mumbai",19.1091,72.8551,14100,14000,Shared,Double,Boys,0,0,1,1,0,1,1,1,Fully Furnished,3.0,156,Available,OWN0107
PG00251,Happy Stay,Maharashtra,Mumbai,Malad,"13, Lane, Malad, Mumbai",19.0658,72.8283,16800,33500,Shared,Double,Coed,1,1,1,0,0,0,1,0,Fully Furnished,3.1,48,Full,OWN0155
PG00252,Sunshine Girls Hostel,Maharashtra,Mumbai,Malad,"272, Chowk, Malad, Mumbai",19.0899,72.9028,18500,28000,Private,Double,Girls,1,0,1,1,1,1,0,1,Semi Furnished,4.5,80,Available,OWN0100
PG00253,City Nivas,Maharashtra,Mumbai,Jogeshwari,"35, Complex, Jogeshwari, Mumbai",19.0869,72.942,27800,41500,Private,Single,Boys,1,0,1,1,0,0,1,1,Fully Furnished,3.6,286,Available,OWN0137
PG00254,Legacy Stay,Maharashtra,Mumbai,Kandivali,"197, Complex, Kandivali, Mumbai",19.0873,72.8668,19500,29000,Shared,Double,Girls,1,1,0,1,0,0,0,1,Fully Furnished,3.4,78,Limited,OWN0142
PG00255,Golden PG,Maharashtra,Mumbai,Chembur,"115, Nagar, Chembur, Mumbai",19.1106,72.8241,17800,18000,Shared,Double,Boys,1,0,1,1,0,1,0,0,Fully Furnished,3.3,11,Available,OWN0107
PG00256,New Rooms,Maharashtra,Mumbai,Malad,"241, Society, Malad, Mumbai",19.1107,72.9055,17900,53500,Private,Double,Girls,1,1,1,1,1,0,1,1,Fully Furnished,4.3,237,Available,OWN0067
PG00257,Metro Stay,Maharashtra,Mumbai,Mulund,"217, Society, Mulund, Mumbai",19.0441,72.8206,26800,80500,Private,Single,Girls,1,1,1,0,0,0,1,1,Fully Furnished,4.6,89,Available,OWN0096
PG00258,Star Comforts,Maharashtra,Mumbai,Chembur,"56, Complex, Chembur, Mumbai",19.0169,72.8921,16800,17000,Shared,Double,Boys,1,1,1,1,0,1,1,0,Fully Furnished,4.0,409,Available,OWN0013
PG00259,Serene Living,Maharashtra,Mumbai,Ghatkopar,"5, Chowk, Ghatkopar, Mumbai",19.1112,72.9419,13600,41000,Shared,Triple,Girls,1,0,1,1,0,0,1,0,Fully Furnished,3.8,449,Full,OWN0075
PG00260,Elite House,Maharashtra,Mumbai,Borivali,"41, Complex, Borivali, Mumbai",19.1394,72.8401,25800,77500,Private,Single,Girls,1,0,1,1,0,0,1,1,Fully Furnished,2.9,369,Limited,OWN0100
PG00261,Star Palace,Maharashtra,Mumbai,Santacruz,"79, Colony, Santacruz, Mumbai",19.0196,72.8098,9300,14000,Shared,Triple,Girls,0,0,1,1,1,0,1,1,Fully Furnished,4.4,240,Available,OWN0122
PG00262,New House,Maharashtra,Mumbai,Vile Parle,"333, Society, Vile Parle, Mumbai",19.1376,72.9437,12300,24500,Shared,Triple,Coed,1,0,0,1,1,0,0,1,Semi Furnished,4.7,354,Available,OWN0165
PG00263,City Stay,Maharashtra,Mumbai,Andheri East,"359, Marg, Andheri East, Mumbai",19.0071,72.9271,22600,22500,Private,Single,Girls,0,1,0,1,1,1,1,0,Fully Furnished,4.8,208,Limited,OWN0052
PG00264,Shree Palace,Maharashtra,Mumbai,Dadar,"163, Chowk, Dadar, Mumbai",19.1455,72.8758,14300,43000,Shared,Triple,Boys,1,1,0,1,1,1,0,1,Fully Furnished,5.0,114,Available,OWN0006
PG00265,Silver Comforts,Maharashtra,Mumbai,Chembur,"326, Society, Chembur, Mumbai",19.0177,72.8174,16000,24000,Private,Double,Coed,1,1,1,0,1,1,0,1,Unfurnished,3.6,219,Available,OWN0138
PG00266,Metro Girls Hostel,Maharashtra,Mumbai,Borivali,"182, Park, Borivali, Mumbai",19.1212,72.8862,18100,27000,Shared,Double,Boys,1,1,1,0,0,0,0,1,Fully Furnished,3.9,167,Available,OWN0173
PG00267,Silver Home,Maharashtra,Mumbai,Chembur,"231, Society, Chembur, Mumbai",19.0948,72.8971,13100,26000,Shared,Double,Boys,0,1,1,1,1,1,0,0,Semi Furnished,2.8,162,Available,OWN0032
PG00268,Zenith House,Maharashtra,Mumbai,Kandivali,"212, Park, Kandivali, Mumbai",19.0552,72.9236,17500,17500,Private,Double,Boys,1,1,1,1,0,1,0,1,Fully Furnished,5.0,417,Limited,OWN0023
PG00269,Comfort Girls Hostel,Maharashtra,Mumbai,Andheri West,"54, Colony, Andheri West, Mumbai",19.111,72.895,8700,26000,Shared,Triple,Girls,0,1,0,1,0,1,1,0,Unfurnished,3.7,425,Limited,OWN0190
PG00270,Happy Inn,Maharashtra,Mumbai,Dadar,"115, Marg, Dadar, Mumbai",19.0457,72.9308,17100,51500,Private,Double,Girls,1,0,1,1,0,0,1,1,Fully Furnished,3.3,205,Available,OWN0165
PG00271,Blue Residency,Maharashtra,Mumbai,Dadar,"296, Park, Dadar, Mumbai",19.024,72.8968,7200,14500,Dormitory,Dormitory,Boys,0,1,1,1,0,1,1,1,Semi Furnished,4.6,86,Full,OWN0053
PG00272,Serene Home,Maharashtra,Mumbai,Bandra,"224, Nagar, Bandra, Mumbai",19.094,72.8908,27400,82000,Private,Single,Girls,1,0,0,1,0,1,0,1,Fully Furnished,4.5,342,Available,OWN0022
PG00273,Zenith Home,Maharashtra,Mumbai,Malad,"327, Complex, Malad, Mumbai",19.0215,72.9375,25400,25500,Private,Single,Boys,0,1,1,1,0,1,1,1,Fully Furnished,3.3,219,Available,OWN0081
PG00274,Nirvana Rooms,Maharashtra,Mumbai,Jogeshwari,"93, Road, Jogeshwari, Mumbai",19.0074,72.8327,17400,26000,Shared,Double,Boys,1,1,0,1,1,1,1,1,Semi Furnished,3.3,191,Available,OWN0056
PG00275,Shree Villa,Maharashtra,Mumbai,Andheri West,"113, Complex, Andheri West, Mumbai",19.1079,72.9393,17200,34500,Private,Double,Boys,1,0,1,1,0,1,0,0,Fully Furnished,4.9,57,Available,OWN0197
PG00276,Sunshine PG,Maharashtra,Mumbai,Mulund,"370, Colony, Mulund, Mumbai",19.0667,72.8702,13300,40000,Shared,Triple,Girls,1,1,1,1,1,0,1,1,Fully Furnished,3.4,428,Full,OWN0136
PG00277,Radha Home,Maharashtra,Mumbai,Kurla,"59, Society, Kurla, Mumbai",19.1193,72.8678,26600,26500,Private,Single,Boys,1,1,1,1,1,1,1,1,Semi Furnished,3.6,313,Available,OWN0056
PG00278,Legacy Comforts,Maharashtra,Mumbai,Powai,"367, Complex, Powai, Mumbai",19.0864,72.8982,12800,13000,Shared,Triple,Boys,1,1,1,1,0,1,1,1,Fully Furnished,3.4,334,Limited,OWN0148
PG00279,Ganesh Living,Maharashtra,Mumbai,Andheri West,"68, Park, Andheri West, Mumbai",19.0112,72.8824,13600,41000,Shared,Triple,Girls,1,1,1,1,1,0,1,1,Fully Furnished,3.5,237,Available,OWN0165
PG00280,Blue Inn,Maharashtra,Mumbai,Powai,"317, Complex, Powai, Mumbai",19.0101,72.8144,24400,24500,Private,Single,Coed,0,0,1,1,0,0,0,1,Fully Furnished,3.4,406,Available,OWN0013
PG00281,Serene Comforts,Maharashtra,Mumbai,Mulund,"169, Park, Mulund, Mumbai",19.0438,72.8315,18200,54500,Private,Double,Boys,1,1,1,0,0,0,0,1,Fully Furnished,4.9,169,Limited,OWN0124
PG00282,Serene Comforts,Maharashtra,Mumbai,Santacruz,"393, Road, Santacruz, Mumbai",19.1056,72.8571,16900,25500,Shared,Double,Girls,1,1,1,0,1,1,1,0,Fully Furnished,4.6,394,Available,OWN0081
PG00283,Metro House,Maharashtra,Mumbai,Mulund,"336, Society, Mulund, Mumbai",19.1247,72.8225,15900,47500,Private,Double,Boys,1,1,1,1,1,1,0,0,Semi Furnished,4.7,386,Available,OWN0005
PG00284,Sunshine Comforts,Maharashtra,Mumbai,Jogeshwari,"15, Colony, Jogeshwari, Mumbai",19.0987,72.8711,23700,35500,Private,Single,Boys,1,1,1,1,0,1,1,1,Unfurnished,3.7,309,Available,OWN0156
PG00285,Modern Girls Hostel,Maharashtra,Mumbai,Kandivali,"56, Nagar, Kandivali, Mumbai",19.0965,72.942,27400,55000,Private,Single,Coed,1,1,1,1,0,0,1,1,Fully Furnished,3.9,92,Limited,OWN0089
PG00286,Metro Living,Maharashtra,Mumbai,Mulund,"376, Nagar, Mulund, Mumbai",19.0192,72.8782,9500,9500,Shared,Triple,Girls,0,1,1,1,1,1,1,0,Semi Furnished,3.2,140,Full,OWN0044
PG00287,Comfort Inn,Maharashtra,Mumbai,Andheri West,"243, Nagar, Andheri West, Mumbai",19.0744,72.8424,24600,49000,Private,Single,Girls,0,0,1,1,1,1,1,1,Fully Furnished,4.3,134,Available,OWN0004
PG00288,Vraj Retreat,Maharashtra,Mumbai,Kurla,"266, Colony, Kurla, Mumbai",19.0218,72.9037,16800,50500,Shared,Double,Boys,1,1,0,1,1,1,0,1,Fully Furnished,4.2,145,Full,OWN0174
PG00289,Modern Rooms,Maharashtra,Mumbai,Jogeshwari,"136, Chowk, Jogeshwari, Mumbai",19.1303,72.8624,19900,59500,Private,Double,Boys,1,1,1,1,0,1,0,1,Fully Furnished,4.8,80,Available,OWN0039
PG00290,Comfort Rooms,Maharashtra,Mumbai,Mulund,"156, Colony, Mulund, Mumbai",19.0464,72.9197,23700,35500,Private,Single,Boys,0,1,1,1,1,0,1,1,Semi Furnished,4.9,370,Available,OWN0188
PG00291,Sai Palace,Maharashtra,Mumbai,Goregaon,"149, Lane, Goregaon, Mumbai",19.0105,72.9383,15400,23000,Private,Double,Girls,0,1,1,1,1,1,0,1,Semi Furnished,3.4,218,Available,OWN0078
PG00292,Serene Living,Maharashtra,Mumbai,Mulund,"291, Colony, Mulund, Mumbai",19.0824,72.8603,14700,14500,Shared,Triple,Boys,1,1,1,1,1,1,1,0,Fully Furnished,4.9,220,Available,OWN0036
PG00293,Nirvana Stay,Maharashtra,Mumbai,Mulund,"298, Marg, Mulund, Mumbai",19.0582,72.8946,12500,12500,Shared,Triple,Boys,0,1,1,1,0,1,0,1,Fully Furnished,3.5,54,Limited,OWN0145
PG00294,Metro Retreat,Maharashtra,Mumbai,Kandivali,"32, Complex, Kandivali, Mumbai",19.1097,72.9021,18800,56500,Shared,Double,Girls,1,1,0,1,0,0,1,1,Semi Furnished,4.2,107,Available,OWN0001
PG00295,Comfort Heights,Maharashtra,Mumbai,Malad,"267, Complex, Malad, Mumbai",19.0406,72.8222,16300,16500,Private,Double,Boys,0,1,1,1,1,0,1,1,Fully Furnished,3.8,330,Available,OWN0037
PG00296,Sunshine PG,Maharashtra,Mumbai,Santacruz,"244, Colony, Santacruz, Mumbai",19.0466,72.9012,7500,15000,Dormitory,Dormitory,Girls,1,1,1,1,0,1,1,1,Semi Furnished,2.9,338,Full,OWN0159
PG00297,Divine Inn,Maharashtra,Mumbai,Jogeshwari,"72, Colony, Jogeshwari, Mumbai",19.1295,72.8719,22200,33500,Private,Single,Boys,0,1,1,1,1,1,0,1,Semi Furnished,3.4,395,Limited,OWN0101
PG00298,Blue Nivas,Maharashtra,Mumbai,Bandra,"193, Colony, Bandra, Mumbai",19.0908,72.833,11900,35500,Shared,Triple,Boys,1,0,1,1,0,1,0,1,Fully Furnished,3.5,123,Full,OWN0188
PG00299,Royal Rooms,Maharashtra,Mumbai,Santacruz,"373, Park, Santacruz, Mumbai",19.1118,72.8665,17500,26000,Private,Double,Boys,0,1,1,1,0,0,1,1,Fully Furnished,3.2,256,Available,OWN0074
PG00300,Star Rooms,Maharashtra,Mumbai,Santacruz,"223, Marg, Santacruz, Mumbai",19.1192,72.8346,14700,44000,Shared,Double,Boys,0,0,1,1,0,1,1,1,Unfurnished,3.2,111,Available,OWN0122
PG00301,Krishna Villa,Maharashtra,Mumbai,Kurla,"35, Colony, Kurla, Mumbai",19.0659,72.8604,24900,50000,Private,Single,Boys,1,1,1,1,0,1,0,1,Semi Furnished,2.9,85,Full,OWN0020
PG00302,Cozy Living,Maharashtra,Mumbai,Santacruz,"205, Nagar, Santacruz, Mumbai",19.0824,72.9326,13700,13500,Shared,Triple,Girls,1,1,1,0,1,1,0,1,Semi Furnished,3.3,42,Limited,OWN0145
PG00303,Krishna Palace,Maharashtra,Mumbai,Andheri East,"214, Complex, Andheri East, Mumbai",19.1303,72.8747,27200,41000,Private,Single,Boys,1,1,1,1,0,0,1,0,Fully Furnished,4.0,445,Available,OWN0176
PG00304,Legacy Nivas,Maharashtra,Mumbai,Andheri West,"27, Park, Andheri West, Mumbai",19.1132,72.9051,16500,49500,Private,Double,Girls,1,1,1,0,1,1,0,1,Fully Furnished,4.4,418,Limited,OWN0146
PG00305,Nirvana Home,Maharashtra,Mumbai,Andheri East,"369, Lane, Andheri East, Mumbai",19.1198,72.8184,27800,41500,Private,Single,Boys,1,1,0,0,1,1,0,1,Fully Furnished,3.9,381,Limited,OWN0057
PG00306,Metro Living,Maharashtra,Mumbai,Jogeshwari,"188, Marg, Jogeshwari, Mumbai",19.047,72.8992,12300,24500,Shared,Triple,Boys,1,1,1,1,0,1,1,0,Semi Furnished,4.4,112,Available,OWN0186
PG00307,Divine Stay,Maharashtra,Mumbai,Malad,"358, Colony, Malad, Mumbai",19.097,72.8712,18100,27000,Private,Double,Girls,1,1,1,0,1,0,1,1,Fully Furnished,3.3,99,Limited,OWN0137
PG00308,Urban Living,Maharashtra,Mumbai,Andheri East,"17, Marg, Andheri East, Mumbai",19.1128,72.9389,10200,10000,Dormitory,Dormitory,Girls,1,0,1,0,1,1,0,1,Semi Furnished,4.6,288,Available,OWN0185
PG00309,Cozy House,Maharashtra,Mumbai,Mulund,"218, Marg, Mulund, Mumbai",19.0424,72.9421,16800,33500,Shared,Double,Boys,1,0,0,1,1,1,1,1,Semi Furnished,4.5,419,Limited,OWN0004
PG00310,Vraj Retreat,Maharashtra,Mumbai,Powai,"136, Society, Powai, Mumbai",19.0681,72.8101,25100,50000,Private,Single,Coed,1,0,1,1,0,1,1,1,Fully Furnished,3.4,258,Available,OWN0162
PG00311,Elite Residency,Maharashtra,Mumbai,Borivali,"120, Complex, Borivali, Mumbai",19.0976,72.8335,14000,21000,Shared,Triple,Girls,1,0,1,1,1,1,0,0,Fully Furnished,3.6,44,Available,OWN0029
PG00312,Golden PG,Maharashtra,Mumbai,Bandra,"167, Chowk, Bandra, Mumbai",19.1221,72.903,16100,16000,Private,Double,Coed,1,1,1,1,0,0,1,0,Semi Furnished,3.4,81,Full,OWN0007
PG00313,Comfort PG,Maharashtra,Mumbai,Powai,"161, Marg, Powai, Mumbai",19.1062,72.9116,12000,36000,Shared,Triple,Coed,1,1,1,1,0,0,0,0,Unfurnished,4.0,67,Limited,OWN0136
PG00314,Comfort Nivas,Maharashtra,Mumbai,Andheri East,"338, Marg, Andheri East, Mumbai",19.0788,72.8521,16400,16500,Private,Double,Coed,1,0,0,1,1,0,0,1,Unfurnished,3.6,263,Available,OWN0093
PG00315,Comfort Stay,Maharashtra,Mumbai,Kandivali,"230, Park, Kandivali, Mumbai",19.0382,72.9236,10300,15500,Dormitory,Dormitory,Coed,1,0,1,1,0,0,1,1,Fully Furnished,4.1,328,Full,OWN0051
PG00316,Ganesh Home,Maharashtra,Mumbai,Borivali,"86, Complex, Borivali, Mumbai",19.0646,72.9149,11200,33500,Shared,Triple,Girls,1,1,1,1,0,1,0,0,Unfurnished,4.3,128,Limited,OWN0031
PG00317,Blue Retreat,Maharashtra,Mumbai,Ghatkopar,"303, Complex, Ghatkopar, Mumbai",19.1452,72.814,10900,11000,Shared,Triple,Coed,0,1,1,1,0,0,0,1,Semi Furnished,3.1,8,Available,OWN0095
PG00318,Radha Retreat,Maharashtra,Mumbai,Jogeshwari,"225, Society, Jogeshwari, Mumbai",19.0772,72.89,9100,13500,Dormitory,Dormitory,Boys,1,1,1,0,0,0,1,1,Fully Furnished,2.9,381,Full,OWN0188
PG00319,Sai Comforts,Maharashtra,Mumbai,Goregaon,"295, Chowk, Goregaon, Mumbai",19.0199,72.8476,18400,27500,Private,Double,Girls,1,1,0,1,0,1,1,1,Fully Furnished,2.9,25,Full,OWN0139
PG00320,Happy Nivas,Maharashtra,Mumbai,Goregaon,"14, Chowk, Goregaon, Mumbai",19.0344,72.9396,11500,11500,Shared,Triple,Girls,0,1,1,1,0,1,1,1,Semi Furnished,4.9,416,Available,OWN0057
PG00321,Shree Rooms,Maharashtra,Mumbai,Bandra,"260, Chowk, Bandra, Mumbai",19.0447,72.896,15600,15500,Shared,Double,Girls,1,0,1,0,0,1,0,1,Semi Furnished,3.3,305,Available,OWN0057
PG00322,Silver Nivas,Maharashtra,Mumbai,Goregaon,"78, Colony, Goregaon, Mumbai",19.1199,72.9104,26900,80500,Private,Single,Girls,1,1,1,1,0,1,1,1,Fully Furnished,4.2,125,Limited,OWN0124
PG00323,Vraj Stay,Maharashtra,Mumbai,Borivali,"150, Colony, Borivali, Mumbai",19.0746,72.8959,14800,15000,Shared,Triple,Boys,1,0,0,0,0,1,1,1,Fully Furnished,3.6,208,Limited,OWN0199
PG00324,Blue Nivas,Maharashtra,Mumbai,Kandivali,"308, Park, Kandivali, Mumbai",19.1022,72.8118,21400,32000,Private,Single,Coed,0,1,1,1,1,1,1,1,Unfurnished,3.5,424,Available,OWN0115
PG00325,Golden Rooms,Maharashtra,Mumbai,Chembur,"275, Lane, Chembur, Mumbai",19.1151,72.8231,7700,7500,Dormitory,Dormitory,Girls,1,1,0,1,1,0,1,1,Semi Furnished,3.9,190,Available,OWN0041
PG00326,Cozy Stay,Maharashtra,Mumbai,Dadar,"149, Society, Dadar, Mumbai",19.1335,72.8541,27200,41000,Private,Single,Coed,1,1,0,1,1,1,1,1,Fully Furnished,2.9,388,Available,OWN0097
PG00327,Elite Comforts,Maharashtra,Mumbai,Dadar,"44, Complex, Dadar, Mumbai",19.0163,72.9088,12000,12000,Shared,Triple,Boys,1,1,0,1,0,1,0,0,Semi Furnished,3.5,239,Available,OWN0068
PG00328,Radha Living,Maharashtra,Mumbai,Kandivali,"220, Complex, Kandivali, Mumbai",19.0371,72.8646,19900,59500,Private,Double,Coed,1,1,1,1,1,1,1,1,Fully Furnished,4.5,233,Available,OWN0145
PG00329,Zenith Living,Maharashtra,Mumbai,Powai,"171, Society, Powai, Mumbai",19.1194,72.9443,23700,71000,Private,Single,Boys,0,1,1,1,0,1,0,1,Fully Furnished,3.5,177,Limited,OWN0010
PG00330,Metro Girls Hostel,Maharashtra,Mumbai,Ghatkopar,"3, Road, Ghatkopar, Mumbai",19.1027,72.9134,11800,12000,Shared,Triple,Boys,1,1,1,1,0,0,1,1,Semi Furnished,3.2,388,Available,OWN0051
PG00331,Cozy Heights,Maharashtra,Mumbai,Jogeshwari,"20, Park, Jogeshwari, Mumbai",19.0753,72.8954,16800,25000,Shared,Double,Girls,1,1,1,1,1,0,0,1,Semi Furnished,3.1,272,Limited,OWN0158
PG00332,Modern Comforts,Maharashtra,Mumbai,Kurla,"242, Colony, Kurla, Mumbai",19.0355,72.8539,16800,50500,Shared,Double,Boys,1,1,1,1,0,0,1,1,Fully Furnished,3.5,36,Limited,OWN0153
PG00333,Serene Inn,Maharashtra,Mumbai,Borivali,"326, Marg, Borivali, Mumbai",19.1297,72.856,21300,32000,Private,Single,Boys,0,0,1,1,0,1,1,1,Semi Furnished,3.0,115,Available,OWN0068
PG00334,Elite Boys Hostel,Maharashtra,Mumbai,Powai,"170, Road, Powai, Mumbai",19.1413,72.9109,14900,22500,Shared,Triple,Boys,1,1,1,0,0,1,1,1,Fully Furnished,3.9,230,Available,OWN0121
PG00335,Vraj Heights,Maharashtra,Mumbai,Ghatkopar,"124, Marg, Ghatkopar, Mumbai",19.0611,72.916,12500,37500,Shared,Triple,Boys,1,1,0,0,0,0,0,1,Semi Furnished,4.3,133,Limited,OWN0143
PG00336,Zenith Inn,Maharashtra,Mumbai,Chembur,"92, Nagar, Chembur, Mumbai",19.1273,72.9275,13300,13500,Shared,Triple,Girls,1,1,0,0,1,1,0,1,Fully Furnished,4.1,173,Available,OWN0095
PG00337,Modern Home,Maharashtra,Mumbai,Vile Parle,"311, Road, Vile Parle, Mumbai",19.0107,72.8462,17100,17000,Shared,Double,Coed,1,1,1,1,1,0,1,1,Fully Furnished,2.9,19,Limited,OWN0183
PG00338,Metro Rooms,Maharashtra,Mumbai,Malad,"68, Complex, Malad, Mumbai",19.0647,72.9261,21600,43000,Private,Single,Boys,0,1,0,1,0,1,0,0,Semi Furnished,3.9,345,Available,OWN0171
PG00339,Serene PG,Maharashtra,Mumbai,Andheri East,"390, Marg, Andheri East, Mumbai",19.0267,72.845,26500,26500,Private,Single,Boys,1,1,1,1,0,1,1,1,Fully Furnished,4.0,242,Available,OWN0024
PG00340,City Palace,Maharashtra,Mumbai,Borivali,"96, Chowk, Borivali, Mumbai",19.0888,72.9429,16000,16000,Shared,Double,Boys,1,1,1,1,0,0,0,1,Semi Furnished,3.6,151,Available,OWN0036
PG00341,Sai Stay,Maharashtra,Mumbai,Ghatkopar,"97, Road, Ghatkopar, Mumbai",19.1297,72.8325,16800,25000,Private,Double,Boys,1,1,1,1,0,0,0,1,Semi Furnished,5.0,227,Available,OWN0175
PG00342,Star Retreat,Maharashtra,Mumbai,Mulund,"359, Marg, Mulund, Mumbai",19.0832,72.9117,26600,26500,Private,Single,Boys,1,1,1,1,1,1,1,1,Fully Furnished,3.5,58,Limited,OWN0003
PG00343,Sai Nivas,Maharashtra,Mumbai,Borivali,"172, Chowk, Borivali, Mumbai",19.0967,72.8217,8400,17000,Dormitory,Dormitory,Boys,1,1,1,0,0,1,1,1,Semi Furnished,4.1,252,Limited,OWN0077
PG00344,Golden Heights,Maharashtra,Mumbai,Andheri East,"216, Park, Andheri East, Mumbai",19.1144,72.9413,26300,26500,Private,Single,Boys,1,1,1,1,0,0,1,1,Semi Furnished,4.9,163,Limited,OWN0037
PG00345,Ganesh Boys Hostel,Maharashtra,Mumbai,Kurla,"85, Colony, Kurla, Mumbai",19.0061,72.8283,11800,35500,Shared,Triple,Boys,1,0,1,1,1,1,0,1,Fully Furnished,4.3,246,Limited,OWN0119
PG00346,New Heights,Maharashtra,Mumbai,Santacruz,"199, Society, Santacruz, Mumbai",19.0506,72.9386,16100,24000,Private,Double,Coed,0,0,1,1,1,1,0,1,Fully Furnished,3.6,179,Available,OWN0001
PG00347,Serene Stay,Maharashtra,Mumbai,Dadar,"71, Colony, Dadar, Mumbai",19.0323,72.8373,18300,18500,Private,Double,Boys,1,1,1,1,0,1,0,1,Fully Furnished,3.8,47,Available,OWN0188
PG00348,Zenith Boys Hostel,Maharashtra,Mumbai,Powai,"7, Society, Powai, Mumbai",19.0507,72.8882,16800,50500,Private,Double,Boys,1,1,1,1,0,0,1,0,Unfurnished,4.4,437,Available,OWN0094
PG00349,Nirvana Rooms,Maharashtra,Mumbai,Powai,"218, Marg, Powai, Mumbai",19.1123,72.9295,23700,47500,Private,Single,Boys,0,1,1,0,0,1,1,1,Fully Furnished,2.9,311,Limited,OWN0065
PG00350,Shree Living,Maharashtra,Pune,Deccan Gymkhana,"393, Nagar, Deccan Gymkhana, Pune",18.5264,73.8117,25000,75000,Private,Single,Girls,1,1,1,1,0,1,1,1,Fully Furnished,3.7,145,Available,OWN0118
PG00351,Blue House,Maharashtra,Pune,Magarpatta,"21, Complex, Magarpatta, Pune",18.4961,73.7921,16100,48500,Shared,Double,Boys,0,1,0,1,0,1,0,1,Semi Furnished,4.9,411,Available,OWN0067
PG00352,Comfort Stay,Maharashtra,Pune,Katraj,"356, Nagar, Katraj, Pune",18.5028,73.8529,14200,21500,Shared,Triple,Boys,1,1,1,1,1,1,1,1,Fully Furnished,3.4,241,Available,OWN0163
PG00353,Royal Stay,Maharashtra,Pune,Kondhwa,"116, Nagar, Kondhwa, Pune",18.5497,73.8176,14100,21000,Shared,Triple,Girls,1,1,1,0,1,1,1,1,Fully Furnished,4.0,92,Limited,OWN0066
PG00354,Divine Palace,Maharashtra,Pune,Hadapsar,"324, Colony, Hadapsar, Pune",18.529,73.835,15600,31000,Private,Double,Boys,0,1,1,1,0,0,1,1,Semi Furnished,4.0,256,Full,OWN0097
PG00355,Radha Heights,Maharashtra,Pune,Aundh,"50, Park, Aundh, Pune",18.481,73.9256,15200,30500,Shared,Double,Coed,0,0,0,1,1,1,0,1,Semi Furnished,3.9,277,Available,OWN0104
PG00356,New House,Maharashtra,Pune,Wagholi,"147, Colony, Wagholi, Pune",18.4724,73.909,25700,38500,Private,Single,Girls,1,1,1,0,1,0,0,1,Semi Furnished,4.1,262,Full,OWN0154
PG00357,Happy Retreat,Maharashtra,Pune,Deccan Gymkhana,"313, Lane, Deccan Gymkhana, Pune",18.4737,73.8743,13200,20000,Shared,Triple,Boys,1,0,1,1,1,0,1,1,Fully Furnished,3.5,155,Available,OWN0008
PG00358,Nest House,Maharashtra,Pune,Shivaji Nagar,"236, Lane, Shivaji Nagar, Pune",18.5461,73.8488,24600,74000,Private,Single,Coed,1,1,1,1,0,1,1,0,Fully Furnished,4.7,245,Full,OWN0019
PG00359,Silver Heights,Maharashtra,Pune,Deccan Gymkhana,"367, Marg, Deccan Gymkhana, Pune",18.5505,73.8481,17000,34000,Shared,Double,Boys,1,0,1,1,0,1,1,1,Fully Furnished,4.5,301,Limited,OWN0029
PG00360,Krishna Girls Hostel,Maharashtra,Pune,Baner,"337, Chowk, Baner, Pune",18.4703,73.8207,12900,26000,Shared,Triple,Boys,1,1,0,1,1,1,1,1,Semi Furnished,4.1,394,Available,OWN0134
PG00361,Happy Stay,Maharashtra,Pune,Katraj,"190, Chowk, Katraj, Pune",18.5503,73.8296,12200,24500,Shared,Triple,Girls,1,1,1,1,1,1,1,1,Fully Furnished,3.1,11,Available,OWN0185
PG00362,Om Rooms,Maharashtra,Pune,Hadapsar,"177, Society, Hadapsar, Pune",18.5326,73.8569,12300,24500,Shared,Triple,Coed,1,1,1,1,0,1,0,1,Fully Furnished,4.1,378,Limited,OWN0167
PG00363,Krishna Nivas,Maharashtra,Pune,Shivaji Nagar,"236, Nagar, Shivaji Nagar, Pune",18.568,73.9051,16800,17000,Shared,Double,Girls,1,1,1,0,0,1,0,0,Fully Furnished,3.8,272,Available,OWN0066
PG00364,Metro Stay,Maharashtra,Pune,Baner,"117, Colony, Baner, Pune",18.4752,73.9238,17100,17000,Private,Double,Boys,1,0,1,0,0,1,1,1,Semi Furnished,3.5,329,Available,OWN0123
PG00365,Ganesh Palace,Maharashtra,Pune,Wakad,"244, Lane, Wakad, Pune",18.4644,73.8692,11500,34500,Shared,Triple,Girls,1,0,1,0,0,1,0,1,Fully Furnished,4.1,257,Limited,OWN0085
PG00366,Modern Living,Maharashtra,Pune,Wagholi,"331, Road, Wagholi, Pune",18.4874,73.8612,17900,18000,Private,Double,Girls,1,0,1,1,0,1,1,1,Semi Furnished,4.8,231,Available,OWN0176
PG00367,Star Heights,Maharashtra,Pune,Baner,"391, Lane, Baner, Pune",18.4803,73.8569,16000,48000,Private,Double,Boys,1,1,1,1,1,0,0,0,Semi Furnished,4.2,408,Available,OWN0186
PG00368,Golden Comforts,Maharashtra,Pune,Kharadi,"242, Road, Kharadi, Pune",18.5023,73.8296,12700,12500,Shared,Triple,Girls,1,1,1,0,0,0,1,0,Unfurnished,4.6,108,Available,OWN0184
PG00369,Vraj Inn,Maharashtra,Pune,Kharadi,"13, Chowk, Kharadi, Pune",18.5102,73.8402,18300,55000,Shared,Double,Girls,1,1,1,1,1,0,0,1,Unfurnished,4.3,366,Available,OWN0072
PG00370,Divine Heights,Maharashtra,Pune,Hadapsar,"29, Chowk, Hadapsar, Pune",18.489,73.8384,8800,13000,Dormitory,Dormitory,Boys,1,0,1,0,0,1,1,1,Fully Furnished,3.5,284,Limited,OWN0067
PG00371,Metro Home,Maharashtra,Pune,Katraj,"72, Complex, Katraj, Pune",18.5723,73.8846,14100,14000,Shared,Triple,Coed,1,0,1,1,0,1,0,1,Fully Furnished,3.1,333,Available,OWN0102
PG00372,Nirvana Residency,Maharashtra,Pune,Wagholi,"271, Nagar, Wagholi, Pune",18.5782,73.8584,16000,16000,Private,Double,Coed,0,0,1,1,1,1,1,1,Fully Furnished,4.0,413,Available,OWN0023
PG00373,Comfort PG,Maharashtra,Pune,Pimple Saudagar,"385, Complex, Pimple Saudagar, Pune",18.5578,73.847,15600,47000,Private,Double,Coed,0,1,1,1,0,1,0,1,Unfurnished,4.1,8,Limited,OWN0100
PG00374,Happy Stay,Maharashtra,Pune,Kothrud,"166, Park, Kothrud, Pune",18.4715,73.9065,12600,12500,Shared,Triple,Girls,1,1,1,0,0,0,1,1,Fully Furnished,2.9,313,Full,OWN0011
PG00375,Legacy Inn,Maharashtra,Pune,Aundh,"36, Chowk, Aundh, Pune",18.5723,73.9167,16800,50500,Shared,Double,Boys,1,1,0,1,1,1,0,1,Semi Furnished,4.7,442,Limited,OWN0098
PG00376,Ganesh House,Maharashtra,Pune,Viman Nagar,"205, Lane, Viman Nagar, Pune",18.4792,73.84,16500,25000,Shared,Double,Coed,1,1,1,1,1,0,0,1,Unfurnished,5.0,414,Available,OWN0123
PG00377,Modern Heights,Maharashtra,Pune,Kharadi,"234, Nagar, Kharadi, Pune",18.4514,73.8992,23600,47000,Private,Single,Boys,0,0,1,0,1,0,1,1,Fully Furnished,4.4,170,Available,OWN0064
PG00378,Nest Home,Maharashtra,Pune,Baner,"66, Marg, Baner, Pune",18.4722,73.884,19300,29000,Shared,Double,Girls,1,0,1,1,0,1,1,1,Fully Furnished,3.6,61,Limited,OWN0008
PG00379,Star Living,Maharashtra,Pune,Wagholi,"207, Chowk, Wagholi, Pune",18.5777,73.8238,22100,33000,Private,Single,Boys,0,1,0,0,1,1,1,1,Fully Furnished,3.0,38,Available,OWN0122
PG00380,Sai House,Maharashtra,Pune,Pimple Saudagar,"69, Nagar, Pimple Saudagar, Pune",18.494,73.8524,9000,13500,Dormitory,Dormitory,Boys,1,1,1,1,0,0,0,1,Fully Furnished,3.3,47,Limited,OWN0184
PG00381,Vraj Heights,Maharashtra,Pune,Hadapsar,"128, Lane, Hadapsar, Pune",18.4855,73.8889,15100,45500,Private,Double,Girls,1,1,0,0,1,1,0,1,Unfurnished,4.2,411,Available,OWN0047
PG00382,Elite Residency,Maharashtra,Pune,Kothrud,"122, Society, Kothrud, Pune",18.5059,73.7883,9800,19500,Shared,Triple,Boys,0,0,1,0,0,1,1,1,Semi Furnished,3.5,100,Available,OWN0125
PG00383,Urban Heights,Maharashtra,Pune,Pimple Saudagar,"343, Chowk, Pimple Saudagar, Pune",18.5573,73.8235,10500,10500,Shared,Triple,Girls,0,1,1,1,1,1,1,0,Fully Furnished,4.9,263,Available,OWN0131
PG00384,Elite Stay,Maharashtra,Pune,Shivaji Nagar,"398, Nagar, Shivaji Nagar, Pune",18.4782,73.8909,17700,26500,Shared,Double,Girls,1,1,1,1,0,0,1,1,Semi Furnished,4.7,389,Limited,OWN0139
PG00385,Cozy PG,Maharashtra,Pune,Deccan Gymkhana,"143, Nagar, Deccan Gymkhana, Pune",18.5847,73.9195,18900,19000,Private,Double,Coed,1,1,0,1,1,1,1,0,Semi Furnished,4.5,76,Available,OWN0042
PG00386,Radha Rooms,Maharashtra,Pune,Magarpatta,"331, Park, Magarpatta, Pune",18.5051,73.8138,15100,15000,Shared,Double,Boys,0,1,1,1,0,0,1,1,Fully Furnished,3.9,273,Available,OWN0161
PG00387,Golden House,Maharashtra,Pune,Wagholi,"153, Complex, Wagholi, Pune",18.5262,73.8721,14700,29500,Private,Double,Coed,0,1,1,1,0,1,1,1,Semi Furnished,3.3,57,Available,OWN0188
PG00388,Golden Nivas,Maharashtra,Pune,Warje,"360, Park, Warje, Pune",18.5094,73.876,12200,36500,Shared,Triple,Coed,1,0,1,1,0,1,1,1,Semi Furnished,3.3,227,Limited,OWN0027
PG00389,Legacy Boys Hostel,Maharashtra,Pune,Wagholi,"311, Marg, Wagholi, Pune",18.5723,73.8802,23400,23500,Private,Single,Girls,0,0,1,1,0,1,0,0,Fully Furnished,3.6,408,Available,OWN0118
PG00390,Radha Girls Hostel,Maharashtra,Pune,Viman Nagar,"343, Nagar, Viman Nagar, Pune",18.4806,73.812,10600,10500,Shared,Triple,Boys,0,0,1,0,1,0,1,0,Fully Furnished,3.5,362,Full,OWN0068
PG00391,Star Retreat,Maharashtra,Pune,Baner,"380, Park, Baner, Pune",18.5559,73.896,16600,50000,Private,Double,Coed,1,1,1,0,1,0,1,1,Semi Furnished,4.2,392,Available,OWN0068
PG00392,Krishna Retreat,Maharashtra,Pune,Wagholi,"225, Chowk, Wagholi, Pune",18.5561,73.921,27000,81000,Private,Single,Boys,1,1,1,1,0,1,1,1,Fully Furnished,4.7,79,Limited,OWN0137
PG00393,Radha Villa,Maharashtra,Pune,Warje,"198, Complex, Warje, Pune",18.5687,73.8898,11400,17000,Shared,Triple,Girls,0,1,1,0,1,1,0,1,Fully Furnished,3.3,120,Available,OWN0056
PG00394,Happy Living,Maharashtra,Pune,Aundh,"125, Nagar, Aundh, Pune",18.5705,73.8544,21900,44000,Private,Single,Boys,0,1,1,0,0,0,0,0,Semi Furnished,3.6,125,Available,OWN0092
PG00395,Metro Villa,Maharashtra,Pune,Hinjewadi,"165, Lane, Hinjewadi, Pune",18.5618,73.8678,19400,58000,Private,Double,Girls,1,0,1,1,0,0,0,1,Fully Furnished,4.2,259,Available,OWN0017
PG00396,Happy House,Maharashtra,Pune,Baner,"287, Nagar, Baner, Pune",18.5758,73.8534,18500,28000,Shared,Double,Girls,1,0,1,0,0,0,1,1,Unfurnished,4.3,163,Available,OWN0173
PG00397,Shree Stay,Maharashtra,Pune,Katraj,"292, Marg, Katraj, Pune",18.5829,73.8069,9700,14500,Shared,Triple,Coed,0,1,1,1,0,1,1,1,Fully Furnished,4.6,20,Limited,OWN0127
PG00398,Shree Palace,Maharashtra,Pune,Wakad,"49, Park, Wakad, Pune",18.5308,73.9196,17200,34500,Private,Double,Boys,1,0,1,1,1,1,1,1,Fully Furnished,5.0,329,Available,OWN0116
PG00399,Modern Comforts,Maharashtra,Pune,Wakad,"11, Nagar, Wakad, Pune",18.5879,73.795,24200,72500,Private,Single,Boys,0,1,1,1,0,1,1,1,Fully Furnished,3.2,116,Full,OWN0025
PG00400,Comfort Inn,Maharashtra,Pune,Aundh,"294, Society, Aundh, Pune",18.5752,73.8856,12900,19500,Shared,Double,Girls,0,1,1,0,0,0,1,0,Unfurnished,4.1,90,Full,OWN0128
PG00401,Comfort Villa,Maharashtra,Pune,Shivaji Nagar,"314, Chowk, Shivaji Nagar, Pune",18.5817,73.9167,9200,27500,Shared,Triple,Girls,0,1,1,1,1,0,1,1,Fully Furnished,4.6,342,Limited,OWN0152
PG00402,Cozy Palace,Maharashtra,Pune,Wakad,"340, Chowk, Wakad, Pune",18.5781,73.8655,13200,26500,Shared,Triple,Girls,1,1,1,0,1,0,1,1,Fully Furnished,4.0,317,Available,OWN0128
PG00403,New Residency,Maharashtra,Pune,Katraj,"271, Nagar, Katraj, Pune",18.4767,73.7992,18100,27000,Shared,Double,Girls,1,1,1,1,1,0,1,0,Semi Furnished,3.9,353,Limited,OWN0055
PG00404,Ganesh Rooms,Maharashtra,Pune,Wakad,"114, Chowk, Wakad, Pune",18.4606,73.8152,25900,39000,Private,Single,Boys,1,0,1,1,0,0,0,1,Fully Furnished,3.6,433,Available,OWN0040
PG00405,Comfort Stay,Maharashtra,Pune,Aundh,"319, Road, Aundh, Pune",18.5739,73.8459,9700,9500,Shared,Triple,Boys,0,0,1,1,0,1,1,0,Semi Furnished,4.2,207,Available,OWN0197
PG00406,Elite Stay,Maharashtra,Pune,Pimple Saudagar,"37, Complex, Pimple Saudagar, Pune",18.4665,73.913,19200,57500,Shared,Double,Girls,1,0,0,1,0,1,1,0,Fully Furnished,4.6,108,Full,OWN0143
PG00407,Star Villa,Maharashtra,Pune,Wagholi,"266, Nagar, Wagholi, Pune",18.5161,73.802,15200,23000,Private,Double,Boys,0,0,1,1,0,1,1,1,Unfurnished,4.5,376,Available,OWN0146
PG00408,Elite Retreat,Maharashtra,Pune,Kothrud,"129, Society, Kothrud, Pune",18.4994,73.8148,10100,20000,Shared,Triple,Boys,0,1,1,1,1,0,1,1,Semi Furnished,4.0,78,Available,OWN0082
PG00409,Royal Palace,Maharashtra,Pune,Viman Nagar,"210, Marg, Viman Nagar, Pune",18.5252,73.8733,18700,18500,Private,Double,Boys,1,1,1,1,0,0,0,1,Fully Furnished,2.8,426,Full,OWN0147
PG00410,Vraj Boys Hostel,Maharashtra,Pune,Hadapsar,"231, Lane, Hadapsar, Pune",18.546,73.8725,14600,14500,Private,Double,Girls,0,1,0,1,1,0,0,1,Fully Furnished,3.7,158,Available,OWN0118
PG00411,Metro Stay,Maharashtra,Pune,Deccan Gymkhana,"206, Society, Deccan Gymkhana, Pune",18.568,73.8361,9300,14000,Dormitory,Dormitory,Girls,1,0,1,1,1,1,1,1,Fully Furnished,4.1,378,Limited,OWN0159
PG00412,Ganesh Girls Hostel,Maharashtra,Pune,Warje,"192, Road, Warje, Pune",18.4803,73.8065,14600,44000,Private,Double,Boys,0,0,1,1,1,1,1,1,Fully Furnished,2.9,110,Available,OWN0171
PG00413,Silver Villa,Maharashtra,Pune,Baner,"329, Park, Baner, Pune",18.5309,73.8988,15800,16000,Private,Double,Girls,0,1,0,1,0,0,0,0,Semi Furnished,2.8,446,Full,OWN0085
PG00414,Shree Inn,Maharashtra,Pune,Hinjewadi,"104, Society, Hinjewadi, Pune",18.5845,73.8298,15900,47500,Private,Double,Girls,0,1,1,1,1,1,0,1,Fully Furnished,3.1,287,Limited,OWN0180
PG00415,Metro Stay,Maharashtra,Pune,Kharadi,"59, Society, Kharadi, Pune",18.5777,73.8003,18200,36500,Private,Double,Girls,1,0,1,0,1,1,1,1,Fully Furnished,4.7,48,Full,OWN0018
PG00416,Elite Living,Maharashtra,Pune,Baner,"347, Park, Baner, Pune",18.5787,73.8022,9600,14500,Dormitory,Dormitory,Coed,1,1,1,0,0,1,0,1,Semi Furnished,3.6,134,Available,OWN0072
PG00417,Om Retreat,Maharashtra,Pune,Kothrud,"86, Nagar, Kothrud, Pune",18.5413,73.8848,18500,37000,Private,Double,Boys,1,0,1,1,1,1,0,0,Fully Furnished,3.6,245,Available,OWN0010
PG00418,Metro Boys Hostel,Maharashtra,Pune,Kharadi,"172, Chowk, Kharadi, Pune",18.5628,73.9062,13700,13500,Shared,Triple,Girls,1,1,1,1,1,1,1,1,Semi Furnished,2.9,70,Limited,OWN0028
PG00419,Serene Rooms,Maharashtra,Pune,Magarpatta,"192, Complex, Magarpatta, Pune",18.472,73.8989,18300,18500,Shared,Double,Boys,1,0,0,1,1,0,0,1,Semi Furnished,4.1,33,Limited,OWN0052
PG00420,Sunshine Palace,Maharashtra,Pune,Hinjewadi,"368, Complex, Hinjewadi, Pune",18.4509,73.8975,25600,25500,Private,Single,Girls,1,1,1,0,0,1,0,1,Semi Furnished,3.8,264,Available,OWN0046
PG00421,Silver Villa,Maharashtra,Pune,Shivaji Nagar,"278, Lane, Shivaji Nagar, Pune",18.5484,73.8851,23200,35000,Private,Single,Coed,0,1,1,0,1,1,1,1,Fully Furnished,4.0,340,Full,OWN0175
PG00422,Vraj Rooms,Maharashtra,Pune,Kharadi,"34, Nagar, Kharadi, Pune",18.4592,73.8349,10400,10500,Shared,Triple,Boys,0,0,1,1,1,1,0,1,Semi Furnished,4.1,377,Limited,OWN0116
PG00423,City Nivas,Maharashtra,Pune,Warje,"190, Colony, Warje, Pune",18.4924,73.8552,17100,25500,Shared,Double,Boys,1,1,1,0,1,0,0,1,Semi Furnished,3.1,389,Available,OWN0007
PG00424,Nirvana Retreat,Maharashtra,Pune,Aundh,"196, Society, Aundh, Pune",18.5063,73.7887,16000,32000,Shared,Double,Boys,0,1,1,1,1,1,1,1,Semi Furnished,3.3,254,Limited,OWN0128
PG00425,Sai Rooms,Maharashtra,Pune,Deccan Gymkhana,"250, Nagar, Deccan Gymkhana, Pune",18.4999,73.8015,9600,29000,Dormitory,Dormitory,Girls,1,1,1,1,1,1,0,1,Fully Furnished,4.1,311,Available,OWN0073
PG00426,City Inn,Maharashtra,Pune,Kondhwa,"353, Society, Kondhwa, Pune",18.5021,73.9226,17700,35500,Private,Double,Boys,1,0,1,0,0,0,0,1,Fully Furnished,4.3,70,Full,OWN0162
PG00427,Metro Stay,Maharashtra,Pune,Magarpatta,"128, Colony, Magarpatta, Pune",18.5293,73.9114,25200,50500,Private,Single,Boys,1,1,1,1,0,0,0,1,Fully Furnished,4.4,191,Limited,OWN0016
PG00428,Golden Stay,Maharashtra,Pune,Wagholi,"325, Nagar, Wagholi, Pune",18.4962,73.9022,14000,14000,Shared,Double,Girls,0,1,1,0,1,0,1,0,Semi Furnished,4.4,104,Available,OWN0130
PG00429,Golden Boys Hostel,Maharashtra,Pune,Katraj,"217, Nagar, Katraj, Pune",18.4921,73.8153,21400,43000,Private,Single,Girls,0,1,1,0,1,0,1,1,Semi Furnished,3.8,106,Limited,OWN0117
PG00430,Sunshine Villa,Maharashtra,Pune,Katraj,"166, Nagar, Katraj, Pune",18.4677,73.9082,9100,9000,Shared,Triple,Boys,0,1,1,1,1,1,1,1,Semi Furnished,4.7,33,Limited,OWN0183
PG00431,Om Palace,Maharashtra,Pune,Aundh,"35, Society, Aundh, Pune",18.4716,73.8599,6400,9500,Dormitory,Dormitory,Boys,0,0,1,1,0,1,1,1,Semi Furnished,4.0,50,Limited,OWN0115
PG00432,Royal Comforts,Maharashtra,Pune,Baner,"117, Lane, Baner, Pune",18.4583,73.8824,26300,52500,Private,Single,Girls,1,0,0,0,1,1,1,1,Fully Furnished,3.9,347,Limited,OWN0107
PG00433,Divine PG,Maharashtra,Pune,Hinjewadi,"302, Nagar, Hinjewadi, Pune",18.4796,73.8683,25300,38000,Private,Single,Girls,1,0,1,1,0,0,0,1,Semi Furnished,4.6,391,Limited,OWN0086
PG00434,Shree Comforts,Maharashtra,Pune,Shivaji Nagar,"202, Complex, Shivaji Nagar, Pune",18.5415,73.8499,16300,32500,Private,Double,Boys,1,1,1,0,1,0,0,1,Semi Furnished,3.6,32,Limited,OWN0059
PG00435,Star Home,Maharashtra,Pune,Kharadi,"159, Nagar, Kharadi, Pune",18.4807,73.812,18000,27000,Private,Double,Coed,1,1,0,1,1,1,1,1,Unfurnished,3.0,59,Full,OWN0008
PG00436,Cozy Home,Maharashtra,Pune,Viman Nagar,"141, Nagar, Viman Nagar, Pune",18.4929,73.8401,16900,25500,Shared,Double,Boys,1,1,0,1,1,1,0,1,Fully Furnished,3.4,414,Full,OWN0031
PG00437,Om Rooms,Maharashtra,Pune,Kothrud,"8, Complex, Kothrud, Pune",18.4625,73.8196,11900,12000,Shared,Triple,Boys,1,1,1,1,1,0,1,1,Semi Furnished,4.1,27,Limited,OWN0198
PG00438,Metro Living,Maharashtra,Pune,Kharadi,"369, Colony, Kharadi, Pune",18.4788,73.8241,19500,19500,Shared,Double,Boys,1,1,1,0,0,1,0,1,Fully Furnished,3.4,50,Available,OWN0117
PG00439,Legacy Rooms,Maharashtra,Pune,Wagholi,"192, Chowk, Wagholi, Pune",18.5521,73.8624,19900,20000,Private,Double,Boys,1,1,0,0,1,0,0,1,Fully Furnished,4.1,75,Available,OWN0092
PG00440,Ganesh Rooms,Maharashtra,Pune,Pimple Saudagar,"22, Chowk, Pimple Saudagar, Pune",18.5213,73.9071,9400,9500,Shared,Triple,Girls,0,1,1,1,0,1,0,1,Fully Furnished,3.9,299,Available,OWN0141
PG00441,City Stay,Maharashtra,Pune,Baner,"351, Chowk, Baner, Pune",18.5189,73.8323,11000,16500,Shared,Triple,Girls,1,1,1,1,0,0,0,1,Semi Furnished,4.4,411,Full,OWN0028
PG00442,Elite Palace,Maharashtra,Pune,Wagholi,"356, Road, Wagholi, Pune",18.4843,73.8436,19800,59500,Shared,Double,Coed,1,1,1,1,0,0,1,1,Fully Furnished,2.8,310,Available,OWN0100
PG00443,Star Living,Maharashtra,Pune,Warje,"220, Colony, Warje, Pune",18.5393,73.8698,18800,56500,Shared,Double,Girls,1,1,1,0,0,0,1,1,Semi Furnished,5.0,199,Available,OWN0125
PG00444,Om Comforts,Maharashtra,Pune,Hinjewadi,"279, Complex, Hinjewadi, Pune",18.462,73.8881,16500,25000,Shared,Double,Girls,1,1,0,1,1,0,0,1,Fully Furnished,4.1,350,Limited,OWN0130
PG00445,Serene Rooms,Maharashtra,Pune,Pimple Saudagar,"238, Road, Pimple Saudagar, Pune",18.548,73.841,8900,13500,Dormitory,Dormitory,Girls,1,1,1,1,0,1,1,1,Fully Furnished,4.9,44,Available,OWN0125
PG00446,Happy Boys Hostel,Maharashtra,Pune,Magarpatta,"398, Society, Magarpatta, Pune",18.5585,73.7928,17100,17000,Private,Double,Coed,1,1,1,0,0,1,1,1,Unfurnished,3.8,192,Limited,OWN0111
PG00447,Metro Inn,Maharashtra,Pune,Kothrud,"326, Marg, Kothrud, Pune",18.4653,73.853,16800,25000,Private,Double,Boys,1,0,1,1,0,1,0,1,Fully Furnished,4.3,233,Limited,OWN0140
PG00448,Legacy Comforts,Maharashtra,Pune,Warje,"245, Complex, Warje, Pune",18.5863,73.8786,17500,17500,Shared,Double,Girls,1,1,1,1,1,1,0,1,Semi Furnished,3.5,420,Available,OWN0063
PG00449,Nirvana PG,Maharashtra,Pune,Wagholi,"97, Colony, Wagholi, Pune",18.5174,73.8167,26400,53000,Private,Single,Boys,1,1,0,1,0,0,1,1,Semi Furnished,4.9,428,Available,OWN0016
PG00450,Divine Retreat,Maharashtra,Pune,Deccan Gymkhana,"400, Park, Deccan Gymkhana, Pune",18.4543,73.8807,8100,16000,Dormitory,Dormitory,Boys,1,0,1,1,0,0,0,1,Semi Furnished,3.9,43,Available,OWN0008
PG00451,Serene Palace,Maharashtra,Pune,Deccan Gymkhana,"361, Society, Deccan Gymkhana, Pune",18.5586,73.7923,17000,25500,Private,Double,Girls,0,0,1,1,1,1,0,1,Fully Furnished,3.8,51,Limited,OWN0088
PG00452,Silver Comforts,Maharashtra,Pune,Hinjewadi,"139, Road, Hinjewadi, Pune",18.5336,73.8186,8200,12500,Dormitory,Dormitory,Boys,1,1,0,1,1,0,1,1,Semi Furnished,4.6,357,Available,OWN0176
PG00453,Metro Retreat,Maharashtra,Pune,Warje,"105, Colony, Warje, Pune",18.5318,73.811,13500,27000,Shared,Triple,Girls,1,0,1,1,0,1,1,1,Fully Furnished,3.1,315,Available,OWN0032
PG00454,Blue Boys Hostel,Maharashtra,Pune,Hadapsar,"2, Complex, Hadapsar, Pune",18.4768,73.9175,6700,20000,Dormitory,Dormitory,Girls,0,1,1,1,1,1,1,0,Semi Furnished,3.5,76,Available,OWN0093
PG00455,Divine Palace,Maharashtra,Pune,Viman Nagar,"143, Complex, Viman Nagar, Pune",18.5272,73.8243,10000,20000,Shared,Triple,Boys,0,1,1,1,0,1,1,1,Semi Furnished,4.8,186,Limited,OWN0039
PG00456,Legacy Retreat,Maharashtra,Pune,Kothrud,"391, Lane, Kothrud, Pune",18.4745,73.922,25100,37500,Private,Single,Coed,1,0,0,1,0,1,0,1,Fully Furnished,4.8,148,Available,OWN0062
PG00457,Sai Boys Hostel,Maharashtra,Pune,Katraj,"229, Lane, Katraj, Pune",18.4829,73.9053,17300,34500,Private,Double,Girls,1,1,1,1,0,1,0,1,Semi Furnished,2.8,264,Limited,OWN0114
PG00458,Krishna Villa,Maharashtra,Pune,Shivaji Nagar,"361, Complex, Shivaji Nagar, Pune",18.5345,73.8846,15900,16000,Private,Double,Boys,1,1,1,1,1,0,1,1,Unfurnished,3.8,414,Available,OWN0147
PG00459,Krishna Boys Hostel,Maharashtra,Pune,Warje,"11, Colony, Warje, Pune",18.5115,73.849,18500,55500,Private,Double,Boys,1,1,0,1,1,0,1,1,Semi Furnished,3.6,394,Available,OWN0182
PG00460,Serene Residency,Maharashtra,Pune,Baner,"129, Complex, Baner, Pune",18.5239,73.8224,26200,39500,Private,Single,Coed,1,0,1,1,0,1,1,1,Semi Furnished,3.4,245,Full,OWN0043
PG00461,Happy PG,Maharashtra,Pune,Magarpatta,"309, Complex, Magarpatta, Pune",18.4598,73.8009,15000,15000,Shared,Double,Girls,0,1,1,1,0,1,0,1,Fully Furnished,3.9,34,Available,OWN0043
PG00462,Om Villa,Maharashtra,Pune,Viman Nagar,"68, Lane, Viman Nagar, Pune",18.571,73.9035,13400,40000,Shared,Triple,Girls,1,0,1,1,0,1,0,1,Fully Furnished,4.3,207,Available,OWN0186
PG00463,Modern House,Maharashtra,Pune,Hadapsar,"332, Marg, Hadapsar, Pune",18.5,73.8715,13600,41000,Shared,Triple,Girls,1,1,1,1,0,1,1,1,Fully Furnished,3.6,158,Available,OWN0081
PG00464,Star Home,Maharashtra,Pune,Wagholi,"111, Park, Wagholi, Pune",18.5589,73.8917,25100,75500,Private,Single,Girls,1,1,1,1,0,1,1,1,Semi Furnished,4.9,130,Full,OWN0164
PG00465,Vraj Inn,Maharashtra,Pune,Wakad,"28, Chowk, Wakad, Pune",18.5155,73.8408,13300,13500,Shared,Triple,Boys,1,0,1,1,0,0,1,1,Fully Furnished,5.0,79,Limited,OWN0144
PG00466,Divine Home,Maharashtra,Pune,Kharadi,"261, Lane, Kharadi, Pune",18.5387,73.8387,15600,15500,Private,Double,Girls,1,1,1,1,0,1,1,1,Semi Furnished,5.0,83,Full,OWN0097
PG00467,Urban House,Maharashtra,Pune,Kondhwa,"375, Road, Kondhwa, Pune",18.4706,73.8934,18500,28000,Private,Double,Boys,1,1,1,1,0,1,0,0,Fully Furnished,2.8,38,Available,OWN0010
PG00468,City Nivas,Maharashtra,Pune,Kharadi,"34, Lane, Kharadi, Pune",18.516,73.9241,10600,21000,Dormitory,Dormitory,Girls,1,1,0,1,0,0,0,1,Semi Furnished,4.2,172,Available,OWN0171
PG00469,Nirvana Stay,Maharashtra,Pune,Kharadi,"116, Nagar, Kharadi, Pune",18.5111,73.8248,5800,8500,Dormitory,Dormitory,Boys,0,0,1,1,0,1,0,1,Semi Furnished,3.8,83,Full,OWN0179
PG00470,Sai Boys Hostel,Maharashtra,Pune,Warje,"215, Chowk, Warje, Pune",18.4923,73.8206,15700,47000,Shared,Double,Girls,0,1,1,1,0,0,1,1,Fully Furnished,4.8,207,Available,OWN0104
PG00471,Cozy Stay,Maharashtra,Pune,Deccan Gymkhana,"147, Lane, Deccan Gymkhana, Pune",18.5359,73.8098,15400,23000,Private,Double,Girls,0,1,1,1,1,1,0,0,Semi Furnished,5.0,6,Available,OWN0009
PG00472,Vraj Inn,Maharashtra,Pune,Aundh,"348, Chowk, Aundh, Pune",18.5436,73.799,15400,31000,Private,Double,Boys,1,1,0,1,0,1,1,1,Unfurnished,4.2,274,Available,OWN0157
PG00473,Elite Palace,Maharashtra,Pune,Katraj,"237, Road, Katraj, Pune",18.4724,73.8954,14000,42000,Shared,Triple,Girls,1,1,0,1,0,0,1,1,Fully Furnished,3.7,125,Limited,OWN0080
PG00474,Star Stay,Maharashtra,Pune,Kondhwa,"237, Society, Kondhwa, Pune",18.5489,73.7919,25300,50500,Private,Single,Boys,0,1,1,1,1,1,1,1,Fully Furnished,4.9,112,Full,OWN0168
PG00475,Krishna Rooms,Maharashtra,Pune,Viman Nagar,"201, Lane, Viman Nagar, Pune",18.4987,73.7935,10300,15500,Shared,Triple,Boys,0,1,0,0,0,1,0,1,Semi Furnished,2.8,406,Available,OWN0065
PG00476,Serene Nivas,Maharashtra,Pune,Deccan Gymkhana,"172, Society, Deccan Gymkhana, Pune",18.4563,73.8063,10700,16000,Shared,Triple,Coed,0,0,1,0,0,0,0,1,Fully Furnished,3.3,175,Limited,OWN0189
PG00477,Modern Boys Hostel,Maharashtra,Pune,Kharadi,"271, Lane, Kharadi, Pune",18.5113,73.9197,14400,43000,Shared,Triple,Coed,1,1,0,1,1,1,1,0,Fully Furnished,4.8,316,Available,OWN0081
PG00478,Ganesh Comforts,Maharashtra,Pune,Magarpatta,"154, Nagar, Magarpatta, Pune",18.5647,73.8803,14400,43000,Shared,Triple,Boys,1,1,0,1,1,1,0,0,Fully Furnished,2.8,449,Full,OWN0197
PG00479,New Residency,Maharashtra,Pune,Katraj,"255, Lane, Katraj, Pune",18.5252,73.864,16800,33500,Shared,Double,Coed,1,0,1,1,1,1,1,1,Fully Furnished,3.2,154,Limited,OWN0107
PG00480,Sai PG,Maharashtra,Pune,Baner,"374, Society, Baner, Pune",18.501,73.8938,27200,54500,Private,Single,Boys,1,1,0,0,1,0,0,1,Fully Furnished,3.1,397,Limited,OWN0137
PG00481,Modern Heights,Maharashtra,Pune,Pimple Saudagar,"247, Road, Pimple Saudagar, Pune",18.5604,73.8366,25700,38500,Private,Single,Boys,1,0,1,0,0,0,0,0,Fully Furnished,3.9,392,Limited,OWN0008
PG00482,Cozy Boys Hostel,Maharashtra,Pune,Kondhwa,"388, Park, Kondhwa, Pune",18.4649,73.8584,17500,52500,Shared,Double,Boys,1,1,1,1,0,0,0,0,Semi Furnished,3.7,333,Available,OWN0011
PG00483,Ganesh PG,Maharashtra,Pune,Viman Nagar,"2, Chowk, Viman Nagar, Pune",18.4528,73.8797,15700,31500,Private,Double,Boys,0,0,0,1,0,1,1,1,Fully Furnished,3.1,420,Available,OWN0164
PG00484,Golden Living,Maharashtra,Pune,Kondhwa,"275, Park, Kondhwa, Pune",18.4915,73.9069,15700,31500,Private,Double,Girls,0,1,1,0,1,0,0,0,Fully Furnished,3.7,18,Full,OWN0084
PG00485,Metro Palace,Maharashtra,Pune,Baner,"71, Marg, Baner, Pune",18.5348,73.9059,23600,23500,Private,Single,Coed,0,1,1,1,0,1,1,1,Semi Furnished,4.6,286,Full,OWN0177
PG00486,Legacy Living,Maharashtra,Pune,Katraj,"52, Park, Katraj, Pune",18.5557,73.7924,9800,10000,Dormitory,Dormitory,Girls,1,1,1,1,0,1,1,1,Fully Furnished,3.4,307,Full,OWN0064
PG00487,Shree Rooms,Maharashtra,Pune,Hinjewadi,"95, Complex, Hinjewadi, Pune",18.5387,73.7891,21700,32500,Private,Single,Boys,0,0,1,0,1,1,1,1,Semi Furnished,2.9,113,Limited,OWN0100
PG00488,Blue Living,Maharashtra,Pune,Shivaji Nagar,"177, Society, Shivaji Nagar, Pune",18.507,73.8694,9400,14000,Dormitory,Dormitory,Boys,1,0,1,1,0,1,0,1,Fully Furnished,4.1,421,Limited,OWN0031
PG00489,Elite Residency,Maharashtra,Pune,Magarpatta,"119, Lane, Magarpatta, Pune",18.5547,73.8891,17000,17000,Shared,Double,Coed,1,1,1,1,1,0,1,1,Fully Furnished,4.7,171,Full,OWN0097
PG00490,Ganesh PG,Maharashtra,Pune,Kharadi,"326, Society, Kharadi, Pune",18.4793,73.8361,14700,14500,Shared,Double,Girls,0,1,1,1,1,0,0,1,Fully Furnished,4.7,77,Available,OWN0046
PG00491,New Home,Maharashtra,Pune,Deccan Gymkhana,"243, Marg, Deccan Gymkhana, Pune",18.4595,73.8503,26200,39500,Private,Single,Girls,1,1,1,1,1,1,0,1,Fully Furnished,5.0,287,Available,OWN0038
PG00492,Silver Inn,Maharashtra,Pune,Wakad,"268, Road, Wakad, Pune",18.547,73.8248,12600,19000,Shared,Triple,Girls,1,1,0,1,1,0,0,1,Semi Furnished,4.2,275,Available,OWN0006
PG00493,New Girls Hostel,Maharashtra,Pune,Kondhwa,"291, Chowk, Kondhwa, Pune",18.4506,73.8138,18200,27500,Private,Double,Girls,1,1,1,1,0,0,1,1,Fully Furnished,4.8,171,Available,OWN0087
PG00494,Om Stay,Maharashtra,Pune,Warje,"273, Chowk, Warje, Pune",18.5194,73.847,14000,21000,Shared,Double,Boys,0,1,0,1,0,0,1,1,Unfurnished,3.3,114,Available,OWN0025
PG00495,Silver Home,Maharashtra,Pune,Viman Nagar,"301, Park, Viman Nagar, Pune",18.4672,73.826,13200,26500,Shared,Triple,Coed,1,0,1,1,1,1,0,0,Fully Furnished,4.0,341,Limited,OWN0187
PG00496,Blue Nivas,Maharashtra,Pune,Kothrud,"111, Park, Kothrud, Pune",18.5746,73.8007,15600,31000,Shared,Double,Coed,1,1,1,1,0,0,1,1,Semi Furnished,3.2,426,Available,OWN0189
PG00497,City Rooms,Maharashtra,Pune,Viman Nagar,"101, Lane, Viman Nagar, Pune",18.4781,73.828,16700,25000,Private,Double,Boys,1,1,0,1,0,0,1,1,Fully Furnished,3.8,8,Available,OWN0009
PG00498,Urban Girls Hostel,Maharashtra,Pune,Baner,"56, Complex, Baner, Pune",18.5574,73.8163,25000,50000,Private,Single,Girls,1,1,1,1,0,1,0,1,Unfurnished,4.8,85,Limited,OWN0153
PG00499,Ganesh Girls Hostel,Maharashtra,Pune,Shivaji Nagar,"89, Colony, Shivaji Nagar, Pune",18.4895,73.8231,25400,25500,Private,Single,Boys,1,0,1,1,0,0,1,1,Semi Furnished,4.0,207,Full,OWN0149
PG00500,Divine Rooms,Maharashtra,Pune,Aundh,"276, Lane, Aundh, Pune",18.5623,73.8204,24200,36500,Private,Single,Boys,1,1,1,1,1,1,1,1,Semi Furnished,4.3,50,Available,OWN0160
PG00501,Serene Girls Hostel,Maharashtra,Pune,Pimple Saudagar,"370, Marg, Pimple Saudagar, Pune",18.4616,73.8931,14200,14000,Shared,Triple,Coed,1,1,1,1,0,1,0,1,Fully Furnished,3.0,102,Available,OWN0026
PG00502,Nirvana Inn,Maharashtra,Pune,Pimple Saudagar,"30, Nagar, Pimple Saudagar, Pune",18.5511,73.9251,26300,26500,Private,Single,Girls,1,1,1,1,0,1,0,1,Fully Furnished,3.1,427,Limited,OWN0129
PG00503,Shree Boys Hostel,Maharashtra,Pune,Viman Nagar,"241, Nagar, Viman Nagar, Pune",18.5214,73.8521,24300,36500,Private,Single,Boys,1,1,1,1,1,1,1,1,Semi Furnished,4.6,266,Available,OWN0083
PG00504,Urban Residency,Maharashtra,Pune,Warje,"188, Road, Warje, Pune",18.5654,73.8966,25700,38500,Private,Single,Girls,1,1,1,1,0,0,1,1,Unfurnished,3.1,36,Available,OWN0013
PG00505,Cozy Boys Hostel,Maharashtra,Pune,Wakad,"130, Marg, Wakad, Pune",18.4678,73.8645,16200,16000,Shared,Double,Boys,1,0,1,1,0,0,1,1,Semi Furnished,3.7,129,Available,OWN0017
PG00506,Metro Boys Hostel,Maharashtra,Pune,Aundh,"317, Road, Aundh, Pune",18.552,73.8597,14200,14000,Shared,Triple,Boys,1,1,1,1,1,0,1,1,Fully Furnished,3.8,25,Limited,OWN0075
PG00507,Sunshine Inn,Maharashtra,Pune,Hadapsar,"385, Chowk, Hadapsar, Pune",18.5565,73.908,17600,35000,Private,Double,Girls,1,1,1,1,1,0,0,1,Fully Furnished,4.7,267,Available,OWN0136
PG00508,New Stay,Maharashtra,Pune,Kothrud,"375, Complex, Kothrud, Pune",18.502,73.8646,19000,38000,Shared,Double,Girls,1,0,1,1,0,0,1,1,Semi Furnished,3.3,115,Available,OWN0196
PG00509,Star Comforts,Maharashtra,Pune,Warje,"301, Chowk, Warje, Pune",18.5741,73.8038,16800,25000,Shared,Double,Girls,1,0,1,1,0,1,1,0,Fully Furnished,3.9,73,Available,OWN0083
PG00510,Divine Girls Hostel,Maharashtra,Pune,Magarpatta,"18, Complex, Magarpatta, Pune",18.5843,73.9152,12100,12000,Shared,Triple,Girls,1,1,1,1,0,1,0,0,Fully Furnished,5.0,20,Available,OWN0086
PG00511,Royal Villa,Maharashtra,Pune,Deccan Gymkhana,"306, Marg, Deccan Gymkhana, Pune",18.5798,73.8209,16900,34000,Private,Double,Girls,1,0,1,1,0,0,0,0,Semi Furnished,3.1,34,Available,OWN0155
PG00512,Nirvana Heights,Maharashtra,Pune,Hinjewadi,"270, Road, Hinjewadi, Pune",18.4656,73.8276,17300,34500,Private,Double,Boys,1,1,0,1,0,1,1,1,Fully Furnished,3.5,219,Available,OWN0066
PG00513,Metro Living,Maharashtra,Pune,Viman Nagar,"67, Marg, Viman Nagar, Pune",18.5255,73.9184,14500,14500,Private,Double,Girls,0,1,1,1,0,0,1,1,Fully Furnished,4.9,103,Full,OWN0015
PG00514,Krishna Boys Hostel,Maharashtra,Pune,Shivaji Nagar,"204, Complex, Shivaji Nagar, Pune",18.5649,73.8935,14500,14500,Private,Double,Boys,0,1,0,0,1,1,1,1,Semi Furnished,3.9,438,Available,OWN0196
PG00515,Comfort PG,Maharashtra,Pune,Aundh,"269, Road, Aundh, Pune",18.4911,73.9215,16000,16000,Private,Double,Coed,1,1,1,1,1,1,0,1,Semi Furnished,3.3,335,Available,OWN0186
PG00516,Divine Heights,Maharashtra,Pune,Wakad,"342, Chowk, Wakad, Pune",18.5136,73.8839,16800,50500,Shared,Double,Girls,0,1,1,1,0,0,0,1,Fully Furnished,4.5,366,Available,OWN0161
PG00517,New Boys Hostel,Maharashtra,Pune,Deccan Gymkhana,"400, Road, Deccan Gymkhana, Pune",18.5666,73.8765,14200,28500,Shared,Triple,Boys,1,1,1,1,0,1,1,1,Fully Furnished,4.1,410,Full,OWN0050
PG00518,Star Heights,Maharashtra,Pune,Baner,"95, Lane, Baner, Pune",18.4916,73.8065,10900,11000,Dormitory,Dormitory,Boys,1,0,1,1,0,1,1,1,Semi Furnished,4.2,94,Limited,OWN0080
PG00519,Modern Stay,Maharashtra,Pune,Magarpatta,"167, Chowk, Magarpatta, Pune",18.5414,73.9125,14200,21500,Shared,Double,Girls,0,0,0,0,0,1,1,1,Semi Furnished,3.7,395,Available,OWN0174
PG00520,Sai Comforts,Maharashtra,Pune,Aundh,"48, Marg, Aundh, Pune",18.5039,73.8397,25700,25500,Private,Single,Coed,1,1,1,1,0,0,0,0,Fully Furnished,3.4,103,Limited,OWN0103
PG00521,Golden Living,Maharashtra,Pune,Aundh,"261, Road, Aundh, Pune",18.538,73.7924,26200,39500,Private,Single,Girls,1,1,0,1,1,0,1,1,Semi Furnished,3.0,347,Available,OWN0157
PG00522,Blue Home,Maharashtra,Pune,Kondhwa,"25, Complex, Kondhwa, Pune",18.5029,73.7945,17200,26000,Shared,Double,Boys,1,0,1,1,0,0,1,0,Unfurnished,2.9,193,Available,OWN0072
PG00523,Happy Nivas,Maharashtra,Pune,Kharadi,"226, Colony, Kharadi, Pune",18.5342,73.8414,18700,56000,Private,Double,Coed,1,0,1,1,1,1,0,1,Fully Furnished,4.8,29,Full,OWN0145
PG00524,New Comforts,Maharashtra,Pune,Hinjewadi,"12, Park, Hinjewadi, Pune",18.5815,73.8811,26100,26000,Private,Single,Boys,1,1,1,0,1,0,1,0,Fully Furnished,3.8,109,Limited,OWN0043
PG00525,Serene Rooms,Maharashtra,Pune,Wakad,"1, Park, Wakad, Pune",18.4662,73.8917,16700,25000,Private,Double,Boys,1,1,1,1,1,1,0,1,Fully Furnished,4.7,170,Available,OWN0102
PG00526,Modern Residency,Maharashtra,Pune,Katraj,"49, Park, Katraj, Pune",18.489,73.926,20800,31000,Private,Single,Girls,0,1,1,0,0,0,1,1,Unfurnished,4.2,256,Full,OWN0151
PG00527,Royal PG,Maharashtra,Pune,Baner,"134, Marg, Baner, Pune",18.5807,73.8455,13500,20000,Shared,Triple,Girls,1,0,1,1,0,0,0,1,Semi Furnished,4.0,168,Available,OWN0087
PG00528,Nest House,Maharashtra,Pune,Magarpatta,"379, Nagar, Magarpatta, Pune",18.5194,73.8851,11000,11000,Shared,Triple,Boys,0,1,1,1,0,1,0,1,Semi Furnished,3.6,6,Available,OWN0037
PG00529,Urban Rooms,Maharashtra,Pune,Hinjewadi,"93, Lane, Hinjewadi, Pune",18.5385,73.8326,18800,28000,Private,Double,Girls,1,1,1,0,0,0,1,1,Fully Furnished,3.0,297,Available,OWN0146
PG00530,Ganesh Residency,Maharashtra,Pune,Hadapsar,"286, Marg, Hadapsar, Pune",18.5586,73.8243,16900,50500,Private,Double,Girls,0,0,1,0,0,0,0,1,Fully Furnished,4.9,311,Limited,OWN0065
PG00531,Zenith Villa,Maharashtra,Pune,Katraj,"153, Chowk, Katraj, Pune",18.5689,73.8721,17100,51500,Shared,Double,Girls,1,1,1,1,0,0,0,1,Fully Furnished,3.8,249,Available,OWN0197
PG00532,Happy House,Maharashtra,Pune,Baner,"141, Park, Baner, Pune",18.5596,73.9216,16600,25000,Private,Double,Girls,1,1,1,1,0,1,0,1,Semi Furnished,3.9,388,Available,OWN0165
PG00533,Urban Home,Maharashtra,Pune,Kondhwa,"205, Society, Kondhwa, Pune",18.5459,73.8976,16100,24000,Private,Double,Coed,1,0,1,1,0,1,1,1,Semi Furnished,4.5,180,Full,OWN0069
PG00534,Sunshine Boys Hostel,Maharashtra,Pune,Kharadi,"236, Park, Kharadi, Pune",18.4779,73.8361,11900,12000,Shared,Triple,Boys,1,0,1,1,0,0,0,1,Unfurnished,3.5,89,Available,OWN0176
PG00535,Sunshine Retreat,Maharashtra,Pune,Kondhwa,"370, Colony, Kondhwa, Pune",18.4753,73.919,26500,79500,Private,Single,Boys,1,0,1,1,0,1,1,0,Fully Furnished,3.6,18,Full,OWN0126
PG00536,Radha Retreat,Maharashtra,Pune,Kharadi,"9, Chowk, Kharadi, Pune",18.5562,73.8949,18200,18000,Private,Double,Boys,1,1,1,1,0,1,0,1,Fully Furnished,3.2,431,Limited,OWN0149
PG00537,Silver Residency,Maharashtra,Pune,Magarpatta,"45, Chowk, Magarpatta, Pune",18.4798,73.8298,12800,38500,Private,Double,Boys,0,1,1,1,0,1,1,1,Unfurnished,3.8,167,Available,OWN0159
PG00538,Cozy Villa,Maharashtra,Pune,Kharadi,"357, Complex, Kharadi, Pune",18.4901,73.8945,15500,31000,Private,Double,Boys,1,1,0,1,0,1,1,0,Semi Furnished,3.1,437,Available,OWN0143
PG00539,Radha Rooms,Maharashtra,Pune,Warje,"71, Chowk, Warje, Pune",18.5284,73.9145,12700,25500,Shared,Triple,Boys,1,0,1,0,0,1,1,1,Fully Furnished,5.0,347,Available,OWN0162
PG00540,City Girls Hostel,Maharashtra,Pune,Kondhwa,"187, Chowk, Kondhwa, Pune",18.5607,73.9045,25000,50000,Private,Single,Boys,1,1,1,1,0,1,0,1,Fully Furnished,3.6,122,Available,OWN0060
PG00541,Golden Villa,Maharashtra,Pune,Hinjewadi,"330, Complex, Hinjewadi, Pune",18.5623,73.9083,26700,80000,Private,Single,Boys,1,1,1,1,0,0,1,1,Fully Furnished,4.1,371,Available,OWN0128
PG00542,Sai House,Maharashtra,Pune,Magarpatta,"327, Colony, Magarpatta, Pune",18.5511,73.8277,23500,23500,Private,Single,Boys,0,0,1,0,1,0,1,1,Semi Furnished,4.4,102,Limited,OWN0033
PG00543,Comfort Villa,Maharashtra,Pune,Shivaji Nagar,"331, Nagar, Shivaji Nagar, Pune",18.5382,73.8741,27000,81000,Private,Single,Coed,1,1,1,1,0,1,1,1,Fully Furnished,3.2,97,Full,OWN0123
PG00544,Shree Comforts,Maharashtra,Pune,Pimple Saudagar,"383, Chowk, Pimple Saudagar, Pune",18.5291,73.8239,23600,71000,Private,Single,Coed,0,1,1,1,0,0,1,0,Semi Furnished,2.9,449,Available,OWN0113
PG00545,Zenith Nivas,Maharashtra,Pune,Wakad,"90, Complex, Wakad, Pune",18.5144,73.8168,26100,39000,Private,Single,Coed,1,0,0,0,1,1,1,1,Semi Furnished,4.9,380,Available,OWN0084
PG00546,Zenith Living,Maharashtra,Pune,Hinjewadi,"121, Marg, Hinjewadi, Pune",18.5275,73.8198,18100,54500,Private,Double,Girls,1,1,0,1,0,1,1,1,Semi Furnished,3.3,418,Available,OWN0064
PG00547,Nest Retreat,Maharashtra,Pune,Kothrud,"134, Road, Kothrud, Pune",18.5313,73.9201,19700,59000,Shared,Double,Boys,1,0,0,1,1,1,1,1,Fully Furnished,4.5,259,Limited,OWN0055
PG00548,Metro Retreat,Maharashtra,Pune,Wagholi,"71, Marg, Wagholi, Pune",18.5828,73.8594,21900,65500,Private,Single,Girls,0,1,1,1,0,0,1,1,Semi Furnished,4.1,356,Full,OWN0133
PG00549,Krishna PG,Maharashtra,Pune,Pimple Saudagar,"355, Chowk, Pimple Saudagar, Pune",18.5438,73.8367,14300,28500,Private,Double,Coed,0,0,1,0,1,1,0,1,Fully Furnished,3.0,39,Available,OWN0042
PG00550,Cozy Palace,Maharashtra,Pune,Shivaji Nagar,"12, Society, Shivaji Nagar, Pune",18.5404,73.8101,10700,32000,Dormitory,Dormitory,Coed,1,1,1,1,1,0,1,1,Semi Furnished,5.0,47,Available,OWN0152
PG00551,Serene Heights,Maharashtra,Pune,Wagholi,"75, Park, Wagholi, Pune",18.4572,73.8078,21400,64000,Private,Single,Boys,0,0,0,1,0,1,1,1,Semi Furnished,3.7,71,Full,OWN0011
PG00552,Comfort Residency,Maharashtra,Pune,Wakad,"229, Society, Wakad, Pune",18.5516,73.8793,8300,25000,Dormitory,Dormitory,Girls,0,1,1,1,1,1,1,1,Fully Furnished,4.2,345,Limited,OWN0199
PG00553,Elite Living,Maharashtra,Pune,Wakad,"91, Complex, Wakad, Pune",18.463,73.7899,12600,25000,Shared,Triple,Girls,1,1,1,1,0,1,1,1,Semi Furnished,5.0,184,Limited,OWN0017
PG00554,Nirvana PG,Maharashtra,Pune,Kothrud,"367, Chowk, Kothrud, Pune",18.4683,73.8839,16000,16000,Shared,Double,Girls,1,1,1,1,0,1,1,1,Semi Furnished,3.4,43,Full,OWN0200
PG00555,Happy Villa,Maharashtra,Pune,Aundh,"247, Nagar, Aundh, Pune",18.5095,73.8374,25000,50000,Private,Single,Girls,1,1,1,1,0,1,1,1,Fully Furnished,4.0,59,Available,OWN0067
PG00556,Blue Home,Maharashtra,Pune,Baner,"114, Road, Baner, Pune",18.4549,73.7949,18900,38000,Private,Double,Coed,1,1,0,1,1,0,1,1,Fully Furnished,3.6,222,Limited,OWN0064
PG00557,Om Heights,Maharashtra,Pune,Kharadi,"71, Road, Kharadi, Pune",18.515,73.7871,24700,24500,Private,Single,Girls,0,1,1,1,0,0,1,1,Fully Furnished,3.9,221,Available,OWN0140
PG00558,Modern Heights,Maharashtra,Pune,Kothrud,"373, Chowk, Kothrud, Pune",18.5131,73.8074,24700,49500,Private,Single,Coed,1,1,1,1,0,1,1,1,Fully Furnished,3.6,276,Full,OWN0126
PG00559,Star Boys Hostel,Maharashtra,Pune,Katraj,"90, Complex, Katraj, Pune",18.549,73.7902,17500,26000,Shared,Double,Boys,0,1,1,1,0,1,1,1,Fully Furnished,4.1,85,Limited,OWN0113
PG00560,Blue Girls Hostel,Maharashtra,Pune,Kharadi,"202, Park, Kharadi, Pune",18.5656,73.7978,18100,18000,Shared,Double,Girls,1,1,1,0,0,1,1,1,Semi Furnished,2.9,306,Available,OWN0120
PG00561,Silver Residency,Maharashtra,Pune,Wakad,"11, Road, Wakad, Pune",18.5324,73.8628,11200,11000,Dormitory,Dormitory,Boys,1,0,0,1,1,1,1,0,Fully Furnished,3.4,316,Available,OWN0151
PG00562,Zenith Nivas,Maharashtra,Pune,Katraj,"203, Marg, Katraj, Pune",18.589,73.8761,18200,18000,Shared,Double,Girls,1,1,1,1,0,1,0,0,Fully Furnished,3.9,297,Available,OWN0060
PG00563,New Retreat,Maharashtra,Pune,Baner,"224, Society, Baner, Pune",18.4799,73.8831,9800,10000,Shared,Triple,Girls,0,0,1,1,0,0,1,1,Unfurnished,3.3,31,Available,OWN0139
PG00564,Royal Palace,Maharashtra,Pune,Baner,"211, Nagar, Baner, Pune",18.5681,73.8792,11100,33500,Shared,Triple,Boys,0,0,0,0,1,0,0,1,Semi Furnished,4.8,62,Available,OWN0114
PG00565,City Living,Maharashtra,Pune,Kothrud,"339, Marg, Kothrud, Pune",18.4547,73.9015,17000,34000,Private,Double,Coed,1,1,1,1,0,1,1,0,Semi Furnished,3.8,10,Available,OWN0016
PG00566,Silver Residency,Maharashtra,Pune,Kothrud,"215, Colony, Kothrud, Pune",18.4952,73.88,17600,26500,Shared,Double,Coed,1,1,1,1,0,1,1,0,Semi Furnished,4.1,221,Available,OWN0130
PG00567,Ganesh Boys Hostel,Maharashtra,Pune,Aundh,"297, Colony, Aundh, Pune",18.5434,73.7937,18200,27500,Private,Double,Boys,1,0,1,1,1,1,1,1,Fully Furnished,3.5,198,Available,OWN0200
PG00568,Nest Boys Hostel,Maharashtra,Pune,Pimple Saudagar,"94, Road, Pimple Saudagar, Pune",18.54,73.9106,8700,8500,Dormitory,Dormitory,Girls,1,1,1,1,1,0,1,1,Fully Furnished,3.1,178,Available,OWN0037
PG00569,Krishna Stay,Maharashtra,Pune,Baner,"323, Park, Baner, Pune",18.4889,73.8632,24800,25000,Private,Single,Boys,1,1,1,1,0,0,1,1,Unfurnished,3.7,324,Limited,OWN0023
PG00570,Serene PG,Maharashtra,Pune,Katraj,"58, Lane, Katraj, Pune",18.5005,73.8925,14900,15000,Shared,Double,Coed,0,0,1,1,0,0,1,0,Fully Furnished,3.7,404,Limited,OWN0006
PG00571,Krishna Comforts,Maharashtra,Pune,Baner,"385, Road, Baner, Pune",18.5198,73.8234,14700,14500,Shared,Triple,Boys,1,1,1,1,0,1,1,1,Fully Furnished,4.5,69,Limited,OWN0153
PG00572,Legacy Home,Maharashtra,Pune,Viman Nagar,"206, Colony, Viman Nagar, Pune",18.5671,73.8071,18700,28000,Private,Double,Boys,1,0,1,0,0,0,1,0,Fully Furnished,4.3,302,Available,OWN0159
PG00573,Vraj Boys Hostel,Maharashtra,Pune,Pimple Saudagar,"291, Road, Pimple Saudagar, Pune",18.5468,73.908,13400,40000,Private,Double,Coed,0,1,1,1,0,1,0,1,Unfurnished,4.8,27,Available,OWN0019
PG00574,Serene Girls Hostel,Maharashtra,Pune,Wagholi,"350, Nagar, Wagholi, Pune",18.4822,73.8701,11700,23500,Shared,Triple,Boys,1,1,1,1,0,1,1,1,Fully Furnished,4.6,157,Available,OWN0149
PG00575,Sunshine Residency,Maharashtra,Pune,Kharadi,"151, Park, Kharadi, Pune",18.5902,73.8822,18100,18000,Private,Double,Girls,1,1,1,1,0,0,1,0,Fully Furnished,4.1,405,Full,OWN0197
PG00576,Golden PG,Maharashtra,Pune,Kondhwa,"260, Nagar, Kondhwa, Pune",18.5099,73.8207,11100,16500,Shared,Triple,Girls,0,0,0,1,0,0,1,1,Fully Furnished,4.8,9,Limited,OWN0173
PG00577,Sunshine Rooms,Maharashtra,Pune,Deccan Gymkhana,"61, Society, Deccan Gymkhana, Pune",18.4717,73.812,11500,11500,Shared,Triple,Girls,0,1,1,1,0,0,1,1,Fully Furnished,3.0,441,Available,OWN0065
PG00578,Divine Home,Maharashtra,Pune,Hadapsar,"390, Marg, Hadapsar, Pune",18.4525,73.8531,13800,27500,Shared,Triple,Girls,1,1,1,1,0,0,1,0,Semi Furnished,3.8,372,Available,OWN0068
PG00579,Zenith Girls Hostel,Maharashtra,Pune,Baner,"39, Society, Baner, Pune",18.5527,73.9154,16400,24500,Private,Double,Boys,0,1,1,1,0,1,0,1,Semi Furnished,3.6,140,Full,OWN0045
PG00580,Elite Heights,Maharashtra,Pune,Katraj,"344, Marg, Katraj, Pune",18.5477,73.8193,14500,22000,Private,Double,Boys,0,0,1,1,0,1,1,1,Fully Furnished,4.7,44,Available,OWN0050
PG00581,Metro House,Maharashtra,Pune,Aundh,"147, Marg, Aundh, Pune",18.5365,73.8898,10100,30500,Dormitory,Dormitory,Girls,1,0,1,1,0,0,1,1,Semi Furnished,3.2,103,Full,OWN0143
PG00582,Urban Rooms,Maharashtra,Pune,Hadapsar,"38, Colony, Hadapsar, Pune",18.4999,73.7885,19000,28500,Shared,Double,Girls,1,1,1,1,0,1,1,1,Fully Furnished,3.4,122,Available,OWN0059
PG00583,Happy Residency,Maharashtra,Pune,Katraj,"359, Complex, Katraj, Pune",18.5225,73.8868,16700,25000,Private,Double,Girls,1,1,1,0,1,1,0,1,Fully Furnished,4.6,190,Limited,OWN0122
PG00584,Ganesh Heights,Maharashtra,Pune,Shivaji Nagar,"8, Chowk, Shivaji Nagar, Pune",18.4841,73.8701,18600,18500,Private,Double,Coed,1,1,1,1,0,1,0,1,Semi Furnished,3.5,166,Available,OWN0180
PG00585,Blue Nivas,Maharashtra,Pune,Aundh,"54, Road, Aundh, Pune",18.568,73.882,25800,77500,Private,Single,Boys,1,0,1,1,1,1,1,0,Semi Furnished,3.2,125,Available,OWN0027
PG00586,Royal Nivas,Maharashtra,Pune,Aundh,"16, Park, Aundh, Pune",18.5792,73.8087,17300,17500,Shared,Double,Coed,1,1,1,1,0,1,1,0,Fully Furnished,2.8,359,Available,OWN0119
PG00587,Radha Heights,Maharashtra,Pune,Deccan Gymkhana,"24, Nagar, Deccan Gymkhana, Pune",18.5215,73.8751,11500,23000,Shared,Triple,Girls,1,1,1,1,1,1,1,1,Semi Furnished,4.2,333,Full,OWN0151
PG00588,Nirvana Nivas,Maharashtra,Pune,Viman Nagar,"142, Park, Viman Nagar, Pune",18.56,73.894,19400,58000,Shared,Double,Boys,1,0,1,0,0,1,1,1,Fully Furnished,4.8,6,Available,OWN0072
PG00589,City Boys Hostel,Maharashtra,Pune,Kondhwa,"225, Complex, Kondhwa, Pune",18.4968,73.9131,19400,29000,Private,Double,Coed,1,1,1,1,0,0,1,1,Fully Furnished,5.0,5,Limited,OWN0139
PG00590,Royal Boys Hostel,Maharashtra,Pune,Kondhwa,"315, Road, Kondhwa, Pune",18.5585,73.8524,17900,53500,Shared,Double,Boys,1,1,1,1,0,1,0,1,Fully Furnished,4.5,275,Available,OWN0111
PG00591,Om Nivas,Maharashtra,Pune,Wakad,"315, Complex, Wakad, Pune",18.5014,73.8386,15700,31500,Shared,Double,Boys,0,1,0,1,0,1,0,1,Semi Furnished,3.8,328,Available,OWN0144
PG00592,Radha Home,Maharashtra,Pune,Baner,"155, Complex, Baner, Pune",18.5279,73.7875,11000,16500,Dormitory,Dormitory,Coed,1,1,1,1,1,1,0,1,Fully Furnished,3.9,202,Limited,OWN0020
PG00593,Legacy Villa,Maharashtra,Pune,Wakad,"144, Complex, Wakad, Pune",18.5356,73.8696,7900,16000,Dormitory,Dormitory,Girls,1,1,0,1,0,1,0,0,Unfurnished,3.4,72,Available,OWN0142
PG00594,Urban Living,Maharashtra,Pune,Warje,"191, Colony, Warje, Pune",18.5671,73.7931,24300,48500,Private,Single,Boys,1,1,0,1,1,1,0,1,Semi Furnished,3.7,32,Available,OWN0055
PG00595,Silver Nivas,Maharashtra,Pune,Aundh,"91, Marg, Aundh, Pune",18.4732,73.8651,18000,54000,Private,Double,Boys,1,1,0,0,1,0,0,1,Fully Furnished,4.9,282,Full,OWN0198
PG00596,Happy Nivas,Maharashtra,Pune,Warje,"34, Nagar, Warje, Pune",18.5605,73.9187,16800,17000,Shared,Double,Boys,1,0,1,0,0,1,0,1,Fully Furnished,4.4,121,Full,OWN0113
PG00597,Blue Villa,Maharashtra,Pune,Viman Nagar,"103, Nagar, Viman Nagar, Pune",18.455,73.7966,17900,27000,Private,Double,Girls,1,1,0,0,0,0,1,1,Semi Furnished,4.6,77,Limited,OWN0134
PG00598,Sai PG,Maharashtra,Pune,Pimple Saudagar,"212, Chowk, Pimple Saudagar, Pune",18.4688,73.8227,7800,8000,Dormitory,Dormitory,Girls,1,0,0,0,0,1,1,0,Semi Furnished,2.9,175,Available,OWN0091
PG00599,Golden Rooms,Maharashtra,Pune,Hadapsar,"36, Colony, Hadapsar, Pune",18.5753,73.8166,11600,35000,Shared,Triple,Girls,1,0,1,0,1,1,1,1,Fully Furnished,3.8,306,Available,OWN0184
PG00600,Vraj PG,Maharashtra,Pune,Kharadi,"281, Road, Kharadi, Pune",18.5859,73.8312,16700,33500,Private,Double,Boys,1,1,1,1,0,1,1,1,Semi Furnished,4.9,86,Available,OWN0047
PG00601,Comfort Residency,Maharashtra,Pune,Kothrud,"277, Chowk, Kothrud, Pune",18.5767,73.8321,20000,20000,Private,Double,Girls,1,1,0,1,1,1,0,0,Fully Furnished,3.1,417,Available,OWN0114
PG00602,Divine Rooms,Maharashtra,Pune,Hadapsar,"87, Nagar, Hadapsar, Pune",18.5073,73.8736,7200,14500,Dormitory,Dormitory,Boys,0,1,0,1,0,0,0,1,Unfurnished,4.7,35,Available,OWN0107
PG00603,Serene Retreat,Maharashtra,Pune,Viman Nagar,"57, Chowk, Viman Nagar, Pune",18.4804,73.8874,19200,29000,Private,Double,Coed,1,1,1,1,0,1,1,0,Fully Furnished,4.7,242,Available,OWN0013
PG00604,Metro Inn,Maharashtra,Pune,Warje,"330, Nagar, Warje, Pune",18.5783,73.88,17700,17500,Shared,Double,Boys,1,0,1,0,0,1,0,1,Fully Furnished,4.7,224,Available,OWN0157
PG00605,Serene Palace,Maharashtra,Pune,Katraj,"278, Road, Katraj, Pune",18.5382,73.9141,8000,16000,Dormitory,Dormitory,Coed,1,1,0,0,1,0,1,1,Semi Furnished,3.7,22,Available,OWN0125
PG00606,Zenith Home,Maharashtra,Pune,Kothrud,"204, Park, Kothrud, Pune",18.5824,73.9139,18800,28000,Shared,Double,Girls,1,1,1,1,1,1,1,1,Semi Furnished,4.1,152,Available,OWN0179
PG00607,Cozy Stay,Maharashtra,Pune,Warje,"11, Nagar, Warje, Pune",18.5054,73.8509,17500,52500,Shared,Double,Boys,1,1,1,1,0,0,1,1,Fully Furnished,4.0,99,Available,OWN0161
PG00608,Urban Villa,Maharashtra,Pune,Baner,"113, Lane, Baner, Pune",18.4935,73.9065,25400,25500,Private,Single,Girls,1,0,1,1,1,0,0,1,Fully Furnished,3.1,64,Available,OWN0101
PG00609,Golden Villa,Maharashtra,Pune,Pimple Saudagar,"316, Nagar, Pimple Saudagar, Pune",18.4898,73.8817,10600,32000,Dormitory,Dormitory,Coed,1,0,0,1,0,1,0,0,Fully Furnished,3.5,207,Available,OWN0062
PG00610,Urban Rooms,Maharashtra,Pune,Deccan Gymkhana,"5, Society, Deccan Gymkhana, Pune",18.5145,73.8362,17400,26000,Private,Double,Girls,1,1,1,1,0,1,1,1,Semi Furnished,3.2,363,Full,OWN0026
PG00611,Serene Inn,Maharashtra,Pune,Baner,"269, Complex, Baner, Pune",18.5235,73.9141,14100,42500,Shared,Triple,Girls,1,0,1,1,1,1,1,1,Fully Furnished,3.2,358,Available,OWN0143
PG00612,Metro Residency,Maharashtra,Pune,Viman Nagar,"385, Chowk, Viman Nagar, Pune",18.5788,73.8537,16000,16000,Shared,Double,Boys,0,1,1,0,0,1,1,1,Semi Furnished,5.0,75,Available,OWN0194
PG00613,Sunshine Home,Maharashtra,Pune,Wagholi,"28, Society, Wagholi, Pune",18.5276,73.8728,15600,15500,Shared,Double,Boys,0,1,1,1,0,0,0,0,Semi Furnished,3.7,189,Available,OWN0182
PG00614,Metro Home,Maharashtra,Pune,Shivaji Nagar,"345, Society, Shivaji Nagar, Pune",18.5534,73.8896,23900,48000,Private,Single,Coed,1,0,1,0,1,1,1,0,Semi Furnished,4.4,26,Full,OWN0195
PG00615,Modern Palace,Maharashtra,Pune,Aundh,"214, Chowk, Aundh, Pune",18.5745,73.8437,23900,36000,Private,Single,Girls,0,1,1,1,0,1,1,0,Fully Furnished,4.5,355,Available,OWN0042
PG00616,Sai Palace,Maharashtra,Pune,Hinjewadi,"241, Road, Hinjewadi, Pune",18.5033,73.8718,14400,21500,Shared,Double,Girls,0,1,0,1,1,0,1,1,Semi Furnished,4.0,415,Full,OWN0031
PG00617,Om Home,Maharashtra,Pune,Deccan Gymkhana,"257, Nagar, Deccan Gymkhana, Pune",18.5018,73.8647,15400,31000,Private,Double,Coed,0,1,1,0,1,0,0,1,Fully Furnished,2.9,302,Available,OWN0196
PG00618,Vraj Residency,Maharashtra,Pune,Kharadi,"226, Park, Kharadi, Pune",18.5052,73.8142,27400,27500,Private,Single,Girls,1,1,1,1,1,1,0,1,Fully Furnished,3.5,80,Available,OWN0106
PG00619,Blue Retreat,Maharashtra,Pune,Aundh,"336, Marg, Aundh, Pune",18.5478,73.824,27400,27500,Private,Single,Girls,1,0,0,1,0,0,1,1,Fully Furnished,4.2,297,Limited,OWN0068
PG00620,Star Retreat,Maharashtra,Pune,Magarpatta,"123, Society, Magarpatta, Pune",18.5512,73.9214,16300,16500,Private,Double,Coed,1,1,1,1,1,1,1,0,Semi Furnished,4.4,192,Limited,OWN0136
PG00621,Radha Home,Maharashtra,Pune,Wagholi,"192, Road, Wagholi, Pune",18.5022,73.8521,9700,14500,Shared,Triple,Girls,0,1,1,1,0,0,0,0,Fully Furnished,3.8,293,Available,OWN0070
PG00622,Radha Boys Hostel,Maharashtra,Pune,Hadapsar,"33, Park, Hadapsar, Pune",18.4796,73.826,16100,48500,Private,Double,Boys,1,1,1,1,0,0,0,1,Semi Furnished,4.1,170,Limited,OWN0096
PG00623,Radha Living,Maharashtra,Pune,Hadapsar,"229, Society, Hadapsar, Pune",18.4662,73.9159,17300,26000,Private,Double,Boys,1,0,0,1,1,0,1,0,Unfurnished,3.3,85,Full,OWN0030
PG00624,New Retreat,Maharashtra,Pune,Katraj,"159, Lane, Katraj, Pune",18.551,73.7945,17700,26500,Shared,Double,Girls,1,1,0,0,1,0,0,1,Fully Furnished,3.1,66,Available,OWN0187
PG00625,Serene Comforts,Maharashtra,Pune,Pimple Saudagar,"163, Society, Pimple Saudagar, Pune",18.4797,73.9009,13600,13500,Shared,Double,Girls,0,0,1,0,0,0,1,1,Semi Furnished,4.3,215,Limited,OWN0190
PG00626,Golden House,Maharashtra,Pune,Aundh,"237, Colony, Aundh, Pune",18.4689,73.8469,13800,14000,Shared,Triple,Boys,1,1,0,1,1,0,0,0,Semi Furnished,2.9,193,Available,OWN0133
PG00627,Divine Home,Maharashtra,Pune,Viman Nagar,"78, Colony, Viman Nagar, Pune",18.5703,73.8116,16300,49000,Private,Double,Boys,1,0,1,1,0,1,1,1,Semi Furnished,4.0,326,Limited,OWN0127
PG00628,Divine PG,Maharashtra,Pune,Baner,"63, Lane, Baner, Pune",18.5033,73.8351,11200,17000,Shared,Triple,Boys,1,1,1,1,0,0,1,1,Unfurnished,4.8,80,Available,OWN0164
PG00629,Golden PG,Maharashtra,Pune,Pimple Saudagar,"268, Society, Pimple Saudagar, Pune",18.4506,73.8376,15200,23000,Shared,Double,Girls,1,1,1,1,0,1,1,1,Unfurnished,3.7,259,Limited,OWN0031
PG00630,Blue PG,Maharashtra,Pune,Baner,"196, Nagar, Baner, Pune",18.4642,73.8555,22200,66500,Private,Single,Boys,0,0,1,0,0,1,0,1,Unfurnished,4.8,395,Available,OWN0067
PG00631,Om PG,Maharashtra,Pune,Hadapsar,"167, Colony, Hadapsar, Pune",18.5559,73.805,24000,36000,Private,Single,Coed,0,1,1,1,1,1,1,1,Fully Furnished,4.4,345,Full,OWN0162
PG00632,Sunshine Inn,Maharashtra,Pune,Baner,"208, Nagar, Baner, Pune",18.5032,73.9016,12400,25000,Shared,Triple,Boys,1,0,1,0,0,1,0,1,Semi Furnished,3.7,411,Available,OWN0027
PG00633,Happy Nivas,Maharashtra,Pune,Magarpatta,"343, Chowk, Magarpatta, Pune",18.4825,73.8649,24300,73000,Private,Single,Girls,1,1,1,1,1,1,1,1,Semi Furnished,4.2,202,Available,OWN0188
PG00634,Nirvana Nivas,Maharashtra,Pune,Kharadi,"24, Chowk, Kharadi, Pune",18.495,73.8663,15300,46000,Shared,Double,Boys,1,0,1,1,0,1,1,1,Unfurnished,4.1,113,Available,OWN0116
PG00635,Krishna Rooms,Maharashtra,Pune,Wagholi,"31, Colony, Wagholi, Pune",18.5629,73.9003,25000,75000,Private,Single,Girls,1,1,1,1,1,0,1,1,Unfurnished,4.8,322,Available,OWN0137
PG00636,Radha Residency,Maharashtra,Pune,Pimple Saudagar,"290, Marg, Pimple Saudagar, Pune",18.5168,73.7971,14900,44500,Private,Double,Boys,0,0,1,1,1,0,1,1,Semi Furnished,4.2,220,Available,OWN0164
PG00637,Zenith Living,Maharashtra,Pune,Shivaji Nagar,"104, Complex, Shivaji Nagar, Pune",18.5348,73.8749,16900,34000,Private,Double,Boys,0,1,1,1,1,1,1,1,Fully Furnished,3.9,198,Available,OWN0073
PG00638,Nirvana Living,Maharashtra,Pune,Pimple Saudagar,"246, Nagar, Pimple Saudagar, Pune",18.5499,73.7869,19400,58000,Private,Double,Boys,1,1,1,1,0,1,0,0,Fully Furnished,4.8,223,Limited,OWN0009
PG00639,Cozy Retreat,Maharashtra,Pune,Kharadi,"17, Nagar, Kharadi, Pune",18.5073,73.8361,11800,35500,Shared,Triple,Boys,1,1,1,1,1,1,1,0,Semi Furnished,3.3,110,Available,OWN0095
PG00640,City Home,Maharashtra,Pune,Pimple Saudagar,"92, Chowk, Pimple Saudagar, Pune",18.4994,73.8093,17600,35000,Private,Double,Girls,1,1,1,1,1,1,0,0,Semi Furnished,4.8,216,Limited,OWN0064
PG00641,Shree Comforts,Maharashtra,Pune,Katraj,"150, Lane, Katraj, Pune",18.4934,73.8227,17300,34500,Private,Double,Girls,1,0,1,0,1,0,0,1,Fully Furnished,4.7,140,Available,OWN0195
PG00642,Elite Stay,Maharashtra,Pune,Baner,"25, Chowk, Baner, Pune",18.5205,73.8047,19600,59000,Shared,Double,Coed,1,1,1,1,0,1,1,1,Fully Furnished,3.1,358,Available,OWN0123
PG00643,Om Retreat,Maharashtra,Pune,Viman Nagar,"155, Marg, Viman Nagar, Pune",18.4991,73.8269,14800,22000,Shared,Triple,Boys,1,1,0,1,1,1,1,1,Fully Furnished,4.4,119,Available,OWN0008
PG00644,City Inn,Maharashtra,Pune,Aundh,"55, Society, Aundh, Pune",18.5594,73.8153,9500,9500,Shared,Triple,Coed,0,1,1,1,0,0,0,0,Semi Furnished,4.8,317,Available,OWN0018
PG00645,Metro Inn,Maharashtra,Pune,Kharadi,"283, Road, Kharadi, Pune",18.4769,73.8841,24000,36000,Private,Single,Boys,1,1,1,0,1,1,0,1,Semi Furnished,3.2,239,Available,OWN0068
PG00646,Star Heights,Maharashtra,Pune,Deccan Gymkhana,"10, Road, Deccan Gymkhana, Pune",18.4829,73.8498,11800,12000,Shared,Triple,Girls,1,1,1,0,0,1,0,1,Semi Furnished,3.1,417,Limited,OWN0166
PG00647,Ganesh Living,Maharashtra,Pune,Wagholi,"33, Colony, Wagholi, Pune",18.4873,73.9258,17100,34000,Private,Double,Boys,1,0,1,0,1,0,1,1,Fully Furnished,4.4,390,Full,OWN0041
PG00648,Star Villa,Maharashtra,Pune,Shivaji Nagar,"267, Society, Shivaji Nagar, Pune",18.5377,73.8194,23900,71500,Private,Single,Boys,1,1,1,1,1,1,1,1,Semi Furnished,4.5,191,Full,OWN0003
PG00649,Cozy Girls Hostel,Maharashtra,Pune,Pimple Saudagar,"73, Colony, Pimple Saudagar, Pune",18.5358,73.8353,18400,27500,Shared,Double,Coed,1,1,1,1,0,1,1,1,Semi Furnished,3.3,115,Available,OWN0034
PG00650,Elite Living,Maharashtra,Pune,Viman Nagar,"235, Complex, Viman Nagar, Pune",18.5829,73.8986,19400,58000,Shared,Double,Boys,1,0,1,1,1,1,1,0,Fully Furnished,4.4,57,Limited,OWN0122
PG00651,Shree Comforts,Maharashtra,Pune,Wagholi,"212, Complex, Wagholi, Pune",18.5375,73.9032,10300,10500,Dormitory,Dormitory,Boys,1,1,1,1,0,1,0,1,Fully Furnished,3.2,167,Available,OWN0150
PG00652,Radha Boys Hostel,Maharashtra,Pune,Kondhwa,"389, Marg, Kondhwa, Pune",18.4898,73.8224,18400,18500,Shared,Double,Coed,1,1,1,0,1,1,1,1,Fully Furnished,3.3,182,Full,OWN0142
PG00653,Nirvana Residency,Maharashtra,Pune,Deccan Gymkhana,"343, Complex, Deccan Gymkhana, Pune",18.514,73.7936,10600,10500,Shared,Triple,Girls,0,0,1,1,0,0,1,1,Semi Furnished,3.9,93,Available,OWN0127
PG00654,City Comforts,Maharashtra,Pune,Hadapsar,"128, Lane, Hadapsar, Pune",18.5285,73.8122,17600,17500,Private,Double,Boys,1,1,1,1,1,0,1,0,Unfurnished,4.3,423,Available,OWN0075
PG00655,Vraj House,Maharashtra,Pune,Katraj,"10, Road, Katraj, Pune",18.5207,73.8593,11600,35000,Shared,Triple,Boys,1,0,1,1,0,0,0,1,Semi Furnished,3.9,324,Limited,OWN0047
PG00656,Sai PG,Maharashtra,Pune,Hadapsar,"82, Chowk, Hadapsar, Pune",18.5084,73.8242,8500,17000,Shared,Triple,Girls,0,1,1,1,0,0,1,1,Semi Furnished,4.1,85,Available,OWN0074
PG00657,Serene Retreat,Maharashtra,Pune,Wakad,"394, Park, Wakad, Pune",18.481,73.8079,18000,18000,Private,Double,Boys,1,1,1,1,1,0,1,1,Fully Furnished,3.5,137,Limited,OWN0007
PG00658,Royal PG,Maharashtra,Pune,Kondhwa,"105, Complex, Kondhwa, Pune",18.4816,73.8621,18200,36500,Shared,Double,Boys,1,0,1,1,0,1,0,1,Semi Furnished,4.4,266,Limited,OWN0029
PG00659,Legacy Villa,Maharashtra,Pune,Warje,"223, Marg, Warje, Pune",18.5088,73.8566,23600,71000,Private,Single,Boys,1,1,1,1,1,0,0,0,Semi Furnished,3.2,262,Full,OWN0128
PG00660,Zenith Nivas,Maharashtra,Pune,Pimple Saudagar,"126, Chowk, Pimple Saudagar, Pune",18.5233,73.8953,10600,32000,Dormitory,Dormitory,Girls,1,0,1,0,1,1,1,1,Fully Furnished,4.6,96,Available,OWN0047
PG00661,Vraj Palace,Maharashtra,Pune,Kothrud,"24, Road, Kothrud, Pune",18.4732,73.8221,27200,54500,Private,Single,Boys,1,1,0,0,0,1,1,1,Fully Furnished,4.1,274,Available,OWN0042
PG00662,Royal Home,Maharashtra,Pune,Shivaji Nagar,"30, Lane, Shivaji Nagar, Pune",18.5729,73.8458,24700,37000,Private,Single,Girls,1,1,1,1,1,1,1,1,Fully Furnished,3.4,276,Full,OWN0141
PG00663,Krishna Rooms,Maharashtra,Pune,Kothrud,"214, Society, Kothrud, Pune",18.5428,73.8657,18600,56000,Shared,Double,Girls,1,1,1,0,0,0,1,1,Semi Furnished,4.3,109,Available,OWN0124
PG00664,City Palace,Maharashtra,Pune,Deccan Gymkhana,"259, Chowk, Deccan Gymkhana, Pune",18.5393,73.9104,5200,8000,Dormitory,Dormitory,Coed,0,0,1,1,1,1,0,1,Unfurnished,3.2,120,Limited,OWN0040
PG00665,Urban Stay,Maharashtra,Pune,Wakad,"179, Society, Wakad, Pune",18.515,73.8707,10500,16000,Shared,Triple,Boys,0,0,1,1,0,1,1,1,Semi Furnished,2.8,280,Available,OWN0168
PG00666,Golden Palace,Maharashtra,Pune,Kharadi,"319, Society, Kharadi, Pune",18.5158,73.8489,19100,19000,Private,Double,Coed,1,1,1,1,0,1,0,1,Fully Furnished,5.0,425,Limited,OWN0180
PG00667,Radha Inn,Maharashtra,Pune,Hadapsar,"357, Park, Hadapsar, Pune",18.5251,73.8936,12800,13000,Shared,Triple,Girls,1,1,1,1,0,0,1,1,Semi Furnished,4.5,382,Available,OWN0035
PG00668,Ganesh Comforts,Maharashtra,Pune,Kothrud,"322, Colony, Kothrud, Pune",18.4704,73.8731,17700,35500,Private,Double,Boys,1,1,1,1,0,1,1,1,Fully Furnished,3.7,43,Full,OWN0050
PG00669,Nirvana Living,Gujarat,Ahmedabad,Nikol,"58, Park, Nikol, Ahmedabad",23.0172,72.5419,8600,26000,Shared,Triple,Boys,0,1,1,0,1,1,1,1,Fully Furnished,4.7,172,Full,OWN0031
PG00670,Sunshine Boys Hostel,Gujarat,Ahmedabad,Navrangpura,"72, Colony, Navrangpura, Ahmedabad",22.958,72.5574,11600,11500,Shared,Double,Boys,0,1,1,1,1,1,1,1,Semi Furnished,3.5,161,Limited,OWN0139
PG00671,Golden Nivas,Gujarat,Ahmedabad,Ambawadi,"135, Complex, Ambawadi, Ahmedabad",23.03,72.5596,11600,23000,Shared,Double,Boys,0,0,0,1,1,0,0,1,Fully Furnished,4.2,13,Full,OWN0092
PG00672,Vraj Heights,Gujarat,Ahmedabad,Chandkheda,"286, Road, Chandkheda, Ahmedabad",23.0599,72.5282,8600,8500,Private,Double,Girls,0,1,1,1,1,1,1,1,Semi Furnished,4.2,109,Available,OWN0177
PG00673,Divine Stay,Gujarat,Ahmedabad,Vastrapur,"139, Road, Vastrapur, Ahmedabad",22.9949,72.6371,20300,30500,Private,Single,Boys,1,1,1,0,0,0,1,0,Fully Furnished,3.1,181,Limited,OWN0112
PG00674,Elite Retreat,Gujarat,Ahmedabad,Ellisbridge,"218, Society, Ellisbridge, Ahmedabad",22.9783,72.6211,19900,40000,Private,Single,Boys,1,1,1,1,1,1,1,1,Fully Furnished,3.6,119,Limited,OWN0084
PG00675,Royal Stay,Gujarat,Ahmedabad,Prahlad Nagar,"274, Lane, Prahlad Nagar, Ahmedabad",22.9963,72.5699,19800,20000,Private,Single,Boys,1,1,1,0,0,1,0,1,Semi Furnished,4.8,403,Available,OWN0200
PG00676,Elite House,Gujarat,Ahmedabad,SG Highway,"254, Society, SG Highway, Ahmedabad",23.0121,72.5393,12500,12500,Shared,Double,Girls,0,0,1,1,1,0,1,0,Fully Furnished,3.7,262,Available,OWN0095
PG00677,Serene House,Gujarat,Ahmedabad,Nikol,"35, Nagar, Nikol, Ahmedabad",22.9995,72.5087,12600,25000,Shared,Double,Boys,0,1,1,1,1,1,1,1,Fully Furnished,3.0,409,Limited,OWN0031
PG00678,Nest Living,Gujarat,Ahmedabad,Gota,"360, Colony, Gota, Ahmedabad",22.9804,72.5419,6800,10000,Dormitory,Dormitory,Boys,1,1,1,1,1,1,1,1,Semi Furnished,3.7,24,Available,OWN0130
PG00679,Sunshine Palace,Gujarat,Ahmedabad,Ambawadi,"181, Society, Ambawadi, Ahmedabad",23.0197,72.5679,12300,12500,Private,Double,Boys,0,1,1,1,0,0,1,1,Fully Furnished,3.0,294,Full,OWN0092
PG00680,Urban Nivas,Gujarat,Ahmedabad,Chandkheda,"97, Road, Chandkheda, Ahmedabad",22.9916,72.5548,13000,39000,Private,Double,Girls,1,1,1,1,1,1,1,1,Semi Furnished,4.2,225,Available,OWN0088
PG00681,Comfort Home,Gujarat,Ahmedabad,Navrangpura,"354, Nagar, Navrangpura, Ahmedabad",22.9682,72.5759,9000,18000,Shared,Triple,Boys,1,0,1,1,1,1,1,1,Semi Furnished,3.2,155,Available,OWN0189
PG00682,New Living,Gujarat,Ahmedabad,Ambawadi,"318, Colony, Ambawadi, Ahmedabad",23.0341,72.5627,7000,21000,Shared,Triple,Girls,0,1,1,1,0,0,0,0,Fully Furnished,4.4,241,Limited,OWN0156
PG00683,Urban Palace,Gujarat,Ahmedabad,SG Highway,"71, Road, SG Highway, Ahmedabad",23.0265,72.5277,9700,29000,Shared,Triple,Coed,0,0,1,1,0,1,1,1,Fully Furnished,3.9,86,Available,OWN0101
PG00684,Royal Palace,Gujarat,Ahmedabad,Ambawadi,"94, Lane, Ambawadi, Ahmedabad",23.0418,72.5308,11100,11000,Shared,Triple,Coed,1,1,1,0,0,1,1,0,Semi Furnished,4.4,321,Limited,OWN0185
PG00685,Zenith Rooms,Gujarat,Ahmedabad,Nikol,"54, Colony, Nikol, Ahmedabad",23.018,72.508,10100,10000,Private,Double,Coed,0,1,1,1,0,1,1,1,Semi Furnished,4.5,347,Available,OWN0033
PG00686,Radha Home,Gujarat,Ahmedabad,SG Highway,"383, Complex, SG Highway, Ahmedabad",22.9696,72.5352,11500,23000,Shared,Double,Boys,0,1,1,1,1,0,1,1,Fully Furnished,4.6,413,Available,OWN0129
PG00687,Royal Residency,Gujarat,Ahmedabad,Maninagar,"146, Chowk, Maninagar, Ahmedabad",22.961,72.5204,14400,43000,Private,Double,Boys,1,1,1,0,0,1,1,0,Fully Furnished,4.1,112,Available,OWN0159
PG00688,Metro Home,Gujarat,Ahmedabad,Navrangpura,"321, Chowk, Navrangpura, Ahmedabad",23.0287,72.638,6200,9500,Dormitory,Dormitory,Coed,0,1,0,1,1,0,0,0,Fully Furnished,3.6,409,Full,OWN0026
PG00689,Vraj Stay,Gujarat,Ahmedabad,Chandkheda,"202, Nagar, Chandkheda, Ahmedabad",23.0449,72.6188,7600,7500,Dormitory,Dormitory,Girls,1,1,1,1,0,0,1,1,Fully Furnished,3.6,135,Available,OWN0181
PG00690,Sai Palace,Gujarat,Ahmedabad,SG Highway,"18, Complex, SG Highway, Ahmedabad",23.0398,72.5989,5200,5000,Dormitory,Dormitory,Boys,0,1,0,1,1,0,1,1,Fully Furnished,3.1,114,Available,OWN0037
PG00691,Sai PG,Gujarat,Ahmedabad,Ellisbridge,"217, Society, Ellisbridge, Ahmedabad",23.0832,72.5727,11200,22500,Private,Double,Girls,0,1,1,1,0,0,1,1,Fully Furnished,4.3,445,Full,OWN0156
PG00692,Metro Home,Gujarat,Ahmedabad,SG Highway,"292, Society, SG Highway, Ahmedabad",22.9767,72.5765,9500,9500,Shared,Triple,Girls,0,0,1,0,1,0,1,1,Fully Furnished,3.8,105,Available,OWN0109
PG00693,Legacy Heights,Gujarat,Ahmedabad,Ambawadi,"55, Park, Ambawadi, Ahmedabad",23.07,72.6163,11300,17000,Shared,Double,Boys,0,1,1,0,0,1,1,1,Fully Furnished,3.3,150,Limited,OWN0116
PG00694,Blue Comforts,Gujarat,Ahmedabad,Navrangpura,"49, Lane, Navrangpura, Ahmedabad",23.0529,72.5861,14400,29000,Shared,Double,Coed,1,1,1,1,1,1,1,1,Semi Furnished,2.9,438,Available,OWN0060
PG00695,Comfort Residency,Gujarat,Ahmedabad,Vastrapur,"371, Chowk, Vastrapur, Ahmedabad",23.0155,72.5202,13900,14000,Private,Double,Boys,1,1,1,0,1,1,1,1,Semi Furnished,2.9,252,Limited,OWN0080
PG00696,Zenith Villa,Gujarat,Ahmedabad,Vastrapur,"74, Road, Vastrapur, Ahmedabad",23.0287,72.5666,8600,8500,Shared,Triple,Boys,1,1,0,1,1,1,0,0,Semi Furnished,3.4,360,Limited,OWN0055
PG00697,Sai Heights,Gujarat,Ahmedabad,Prahlad Nagar,"56, Marg, Prahlad Nagar, Ahmedabad",23.0685,72.5086,13200,13000,Private,Double,Girls,1,1,1,1,0,1,0,1,Unfurnished,4.1,404,Limited,OWN0101
PG00698,City Villa,Gujarat,Ahmedabad,Chandkheda,"36, Chowk, Chandkheda, Ahmedabad",22.98,72.6356,9300,28000,Shared,Double,Boys,0,1,1,1,1,0,1,1,Semi Furnished,3.0,390,Limited,OWN0168
PG00699,Sunshine Rooms,Gujarat,Ahmedabad,Ellisbridge,"48, Complex, Ellisbridge, Ahmedabad",22.9811,72.6152,8300,25000,Shared,Triple,Coed,0,1,1,1,0,1,0,1,Semi Furnished,3.0,90,Available,OWN0018
PG00700,Blue Home,Gujarat,Ahmedabad,Ellisbridge,"233, Road, Ellisbridge, Ahmedabad",22.9954,72.5584,7600,15000,Dormitory,Dormitory,Boys,1,1,0,0,1,1,1,1,Fully Furnished,4.5,77,Full,OWN0171
PG00701,Happy Comforts,Gujarat,Ahmedabad,Maninagar,"157, Colony, Maninagar, Ahmedabad",23.0642,72.5678,19000,19000,Private,Single,Boys,1,1,1,1,0,1,1,1,Semi Furnished,4.9,351,Available,OWN0089
PG00702,Krishna Inn,Gujarat,Ahmedabad,Maninagar,"58, Park, Maninagar, Ahmedabad",22.9577,72.5162,11300,34000,Shared,Double,Boys,0,1,1,1,0,0,0,1,Semi Furnished,3.4,289,Available,OWN0132
PG00703,Sai Villa,Gujarat,Ahmedabad,SG Highway,"110, Colony, SG Highway, Ahmedabad",23.0056,72.5096,14200,21500,Private,Double,Boys,1,1,1,0,0,1,1,1,Fully Furnished,3.0,158,Available,OWN0104
PG00704,City PG,Gujarat,Ahmedabad,Nikol,"202, Society, Nikol, Ahmedabad",23.0692,72.6114,8500,13000,Dormitory,Dormitory,Boys,1,1,1,0,0,1,1,1,Fully Furnished,4.4,9,Available,OWN0043
PG00705,City Nivas,Gujarat,Ahmedabad,Bodakdev,"352, Society, Bodakdev, Ahmedabad",23.0738,72.5517,18600,18500,Private,Single,Girls,1,1,1,1,0,0,0,1,Semi Furnished,3.9,297,Limited,OWN0146
PG00706,Royal Comforts,Gujarat,Ahmedabad,Vastrapur,"61, Park, Vastrapur, Ahmedabad",23.0643,72.5046,7900,23500,Dormitory,Dormitory,Coed,1,0,1,0,1,1,0,1,Semi Furnished,4.4,321,Available,OWN0003
PG00707,Nirvana Retreat,Gujarat,Ahmedabad,Ambawadi,"154, Marg, Ambawadi, Ahmedabad",23.091,72.6345,6900,10500,Dormitory,Dormitory,Coed,0,1,1,1,1,0,0,0,Fully Furnished,3.8,54,Limited,OWN0063
PG00708,Serene Heights,Gujarat,Ahmedabad,Ellisbridge,"268, Complex, Ellisbridge, Ahmedabad",22.9971,72.5941,8200,12500,Shared,Triple,Girls,1,1,1,0,1,1,1,0,Semi Furnished,3.5,127,Available,OWN0106
PG00709,Ganesh Retreat,Gujarat,Ahmedabad,Navrangpura,"193, Road, Navrangpura, Ahmedabad",22.9922,72.6261,12300,18500,Private,Double,Girls,1,1,1,1,0,0,0,1,Fully Furnished,4.8,339,Available,OWN0115
PG00710,New Living,Gujarat,Ahmedabad,Nikol,"1, Society, Nikol, Ahmedabad",23.087,72.5562,15300,23000,Private,Double,Girls,1,1,1,1,1,0,1,1,Fully Furnished,3.6,237,Available,OWN0076
PG00711,Sunshine Heights,Gujarat,Ahmedabad,Vastrapur,"396, Marg, Vastrapur, Ahmedabad",23.0856,72.5786,15100,45500,Private,Single,Girls,0,1,1,0,1,1,0,0,Fully Furnished,4.1,117,Available,OWN0110
PG00712,Happy Residency,Gujarat,Ahmedabad,Chandkheda,"44, Society, Chandkheda, Ahmedabad",23.0311,72.5745,9600,19000,Shared,Double,Boys,0,0,1,0,0,0,1,1,Fully Furnished,4.9,371,Available,OWN0128
PG00713,Sai Girls Hostel,Gujarat,Ahmedabad,Maninagar,"385, Chowk, Maninagar, Ahmedabad",22.9839,72.6155,9400,9500,Shared,Triple,Boys,0,0,1,1,1,1,0,0,Fully Furnished,3.0,50,Available,OWN0002
PG00714,Om PG,Gujarat,Ahmedabad,Gota,"375, Road, Gota, Ahmedabad",23.0214,72.5222,11100,11000,Private,Double,Boys,0,1,1,1,1,0,0,1,Fully Furnished,3.9,438,Available,OWN0100
PG00715,Metro Boys Hostel,Gujarat,Ahmedabad,Gota,"79, Society, Gota, Ahmedabad",22.9911,72.5121,5100,5000,Dormitory,Dormitory,Coed,0,1,1,1,0,0,1,1,Fully Furnished,4.2,190,Available,OWN0106
PG00716,Nirvana Living,Gujarat,Ahmedabad,Vastrapur,"257, Colony, Vastrapur, Ahmedabad",23.0916,72.6377,12300,37000,Private,Double,Coed,0,1,1,1,0,1,1,1,Fully Furnished,4.7,314,Limited,OWN0092
PG00717,Krishna Comforts,Gujarat,Ahmedabad,Prahlad Nagar,"295, Society, Prahlad Nagar, Ahmedabad",22.9549,72.5574,12000,36000,Shared,Triple,Girls,1,1,1,1,0,1,1,1,Fully Furnished,3.3,120,Available,OWN0151
PG00718,Modern Rooms,Gujarat,Ahmedabad,Satellite,"371, Complex, Satellite, Ahmedabad",23.0265,72.5402,9600,19000,Shared,Double,Coed,0,0,1,0,0,0,1,1,Semi Furnished,3.0,376,Available,OWN0008
PG00719,Metro Boys Hostel,Gujarat,Ahmedabad,Vastrapur,"27, Road, Vastrapur, Ahmedabad",23.0381,72.6345,19100,19000,Private,Single,Girls,1,0,0,1,0,1,1,1,Fully Furnished,3.0,418,Available,OWN0004
PG00720,Vraj Nivas,Gujarat,Ahmedabad,Bodakdev,"60, Lane, Bodakdev, Ahmedabad",22.9675,72.598,9000,9000,Shared,Triple,Girls,0,1,1,0,0,0,1,0,Fully Furnished,4.4,137,Available,OWN0166
PG00721,Cozy House,Gujarat,Ahmedabad,Satellite,"269, Chowk, Satellite, Ahmedabad",23.0739,72.6304,10300,10500,Shared,Double,Boys,0,1,1,1,1,0,1,1,Semi Furnished,3.8,404,Available,OWN0195
PG00722,Metro Stay,Gujarat,Ahmedabad,Navrangpura,"240, Complex, Navrangpura, Ahmedabad",23.0849,72.5162,20200,30500,Private,Single,Girls,1,0,1,1,0,0,1,1,Fully Furnished,3.9,433,Available,OWN0115
PG00723,Legacy Heights,Gujarat,Ahmedabad,Chandkheda,"4, Society, Chandkheda, Ahmedabad",23.0643,72.578,7900,12000,Shared,Triple,Girls,0,0,1,1,1,0,1,1,Fully Furnished,3.2,427,Available,OWN0150
PG00724,Nirvana Boys Hostel,Gujarat,Ahmedabad,Navrangpura,"309, Park, Navrangpura, Ahmedabad",23.0297,72.62,12100,18000,Private,Double,Boys,0,1,1,1,0,1,0,0,Fully Furnished,3.0,33,Limited,OWN0105
PG00725,Blue Villa,Gujarat,Ahmedabad,Satellite,"199, Complex, Satellite, Ahmedabad",22.9531,72.6313,11400,17000,Private,Double,Boys,0,0,1,1,0,1,1,1,Fully Furnished,4.1,152,Available,OWN0075
PG00726,Serene Stay,Gujarat,Ahmedabad,Ambawadi,"13, Nagar, Ambawadi, Ahmedabad",22.9947,72.5164,17900,36000,Private,Single,Girls,1,1,1,1,1,1,1,0,Semi Furnished,3.7,411,Available,OWN0171
PG00727,Cozy Retreat,Gujarat,Ahmedabad,Nikol,"120, Road, Nikol, Ahmedabad",23.0295,72.5145,17100,25500,Private,Single,Coed,1,1,1,0,0,0,1,1,Unfurnished,4.0,169,Limited,OWN0029
PG00728,Legacy Palace,Gujarat,Ahmedabad,Prahlad Nagar,"230, Colony, Prahlad Nagar, Ahmedabad",22.9986,72.5152,10300,31000,Private,Double,Girls,0,1,1,1,0,0,0,0,Fully Furnished,2.8,156,Limited,OWN0112
PG00729,Blue Inn,Gujarat,Ahmedabad,Maninagar,"396, Road, Maninagar, Ahmedabad",23.0117,72.5662,14200,21500,Private,Double,Boys,1,1,1,1,1,1,1,1,Fully Furnished,3.9,375,Available,OWN0026
PG00730,Shree Living,Gujarat,Ahmedabad,Ellisbridge,"117, Marg, Ellisbridge, Ahmedabad",22.9547,72.5274,19300,29000,Private,Single,Coed,1,1,1,1,1,1,1,1,Fully Furnished,4.8,100,Available,OWN0077
PG00731,Ganesh Girls Hostel,Gujarat,Ahmedabad,Navrangpura,"220, Road, Navrangpura, Ahmedabad",22.9716,72.5637,9800,14500,Shared,Double,Boys,0,0,1,0,1,1,0,1,Semi Furnished,3.3,275,Available,OWN0130
PG00732,Comfort Residency,Gujarat,Ahmedabad,Ellisbridge,"209, Nagar, Ellisbridge, Ahmedabad",23.0641,72.5738,6800,10000,Dormitory,Dormitory,Coed,0,1,1,1,1,1,1,1,Semi Furnished,3.8,300,Available,OWN0022
PG00733,Comfort House,Gujarat,Ahmedabad,Gota,"220, Road, Gota, Ahmedabad",23.0612,72.5454,11000,16500,Shared,Triple,Boys,1,1,1,1,0,1,1,0,Semi Furnished,4.6,274,Available,OWN0047
PG00734,Star Boys Hostel,Gujarat,Ahmedabad,Ellisbridge,"384, Society, Ellisbridge, Ahmedabad",23.0163,72.5303,19200,57500,Private,Single,Boys,1,1,1,1,0,1,0,1,Fully Furnished,3.2,404,Available,OWN0158
PG00735,Krishna Heights,Gujarat,Ahmedabad,Ambawadi,"148, Road, Ambawadi, Ahmedabad",23.0697,72.558,12000,12000,Shared,Double,Boys,0,0,0,1,0,0,1,0,Semi Furnished,3.0,141,Available,OWN0102
PG00736,Om Palace,Gujarat,Ahmedabad,Satellite,"32, Park, Satellite, Ahmedabad",23.029,72.623,10200,15500,Shared,Double,Coed,0,1,0,1,0,0,0,0,Fully Furnished,3.7,239,Available,OWN0072
PG00737,Nest Stay,Gujarat,Ahmedabad,Chandkheda,"58, Colony, Chandkheda, Ahmedabad",22.9749,72.5404,18600,37000,Private,Single,Coed,1,1,1,1,0,1,1,0,Semi Furnished,3.0,314,Available,OWN0155
PG00738,Elite House,Gujarat,Ahmedabad,Bodakdev,"359, Society, Bodakdev, Ahmedabad",23.0913,72.5705,11000,33000,Shared,Double,Boys,0,0,1,1,1,0,0,1,Semi Furnished,3.7,174,Limited,OWN0117
PG00739,Legacy Living,Gujarat,Ahmedabad,Prahlad Nagar,"183, Lane, Prahlad Nagar, Ahmedabad",23.0348,72.5385,5600,5500,Shared,Triple,Boys,0,1,1,1,1,0,0,1,Semi Furnished,4.0,345,Limited,OWN0027
PG00740,Blue Rooms,Gujarat,Ahmedabad,Nikol,"305, Nagar, Nikol, Ahmedabad",22.9757,72.6094,4700,7000,Dormitory,Dormitory,Girls,0,0,1,1,1,1,1,1,Semi Furnished,3.3,93,Available,OWN0043
PG00741,Krishna Palace,Gujarat,Ahmedabad,Bodakdev,"21, Society, Bodakdev, Ahmedabad",23.0658,72.6282,10000,20000,Shared,Triple,Coed,1,1,1,0,1,0,0,1,Semi Furnished,4.3,111,Limited,OWN0194
PG00742,Star Rooms,Gujarat,Ahmedabad,Bodakdev,"151, Lane, Bodakdev, Ahmedabad",23.0077,72.5242,18100,18000,Private,Single,Girls,1,1,1,0,1,1,0,1,Fully Furnished,3.8,175,Limited,OWN0101
PG00743,Cozy Villa,Gujarat,Ahmedabad,Gota,"29, Complex, Gota, Ahmedabad",22.9725,72.6368,19700,39500,Private,Single,Girls,1,1,1,0,1,1,0,1,Semi Furnished,4.2,412,Available,OWN0034
PG00744,Radha House,Gujarat,Ahmedabad,Prahlad Nagar,"39, Lane, Prahlad Nagar, Ahmedabad",22.9665,72.5535,10500,31500,Shared,Double,Coed,0,1,1,1,0,0,1,1,Unfurnished,3.1,419,Limited,OWN0007
PG00745,Nest Rooms,Gujarat,Ahmedabad,Navrangpura,"338, Marg, Navrangpura, Ahmedabad",23.0788,72.5456,19500,19500,Private,Single,Boys,1,1,1,0,1,1,1,1,Fully Furnished,3.5,346,Limited,OWN0133
PG00746,Om House,Gujarat,Ahmedabad,Ellisbridge,"327, Society, Ellisbridge, Ahmedabad",22.989,72.5862,13100,13000,Private,Double,Coed,1,1,1,1,1,0,1,0,Semi Furnished,3.5,282,Available,OWN0011
PG00747,Om Boys Hostel,Gujarat,Ahmedabad,Chandkheda,"295, Lane, Chandkheda, Ahmedabad",23.0871,72.6247,9200,18500,Shared,Triple,Boys,1,1,1,1,0,0,0,1,Semi Furnished,4.4,276,Available,OWN0190
PG00748,Sunshine Retreat,Gujarat,Ahmedabad,Ambawadi,"359, Park, Ambawadi, Ahmedabad",23.052,72.5683,19100,19000,Private,Single,Boys,1,1,1,1,1,1,1,1,Semi Furnished,4.5,205,Available,OWN0041
PG00749,Sunshine Inn,Gujarat,Ahmedabad,Prahlad Nagar,"5, Complex, Prahlad Nagar, Ahmedabad",23.0272,72.5508,6100,9000,Shared,Triple,Boys,0,1,1,1,0,1,1,1,Semi Furnished,3.3,145,Available,OWN0146
PG00750,Sunshine Home,Gujarat,Ahmedabad,Nikol,"7, Park, Nikol, Ahmedabad",23.0077,72.6178,18500,18500,Private,Single,Boys,1,0,0,0,1,1,1,1,Fully Furnished,2.8,123,Limited,OWN0013
PG00751,New Palace,Gujarat,Ahmedabad,Maninagar,"295, Lane, Maninagar, Ahmedabad",22.9869,72.6082,11000,33000,Shared,Double,Boys,1,1,1,1,1,1,1,0,Unfurnished,4.2,169,Available,OWN0103
PG00752,Urban Girls Hostel,Gujarat,Ahmedabad,Vastrapur,"29, Colony, Vastrapur, Ahmedabad",23.0891,72.6232,18000,27000,Private,Single,Girls,1,1,1,1,0,1,1,1,Fully Furnished,4.3,110,Full,OWN0051
PG00753,Royal Home,Gujarat,Ahmedabad,Chandkheda,"330, Road, Chandkheda, Ahmedabad",22.9921,72.5144,17900,36000,Private,Single,Coed,1,1,1,0,1,0,1,1,Semi Furnished,3.8,220,Full,OWN0193
PG00754,Sai PG,Gujarat,Ahmedabad,Navrangpura,"129, Road, Navrangpura, Ahmedabad",22.9777,72.6379,6100,9000,Shared,Triple,Girls,0,0,1,1,1,1,0,1,Semi Furnished,2.9,91,Available,OWN0057
PG00755,Vraj Comforts,Gujarat,Ahmedabad,Ellisbridge,"396, Road, Ellisbridge, Ahmedabad",22.9634,72.5709,13900,21000,Private,Double,Girls,1,1,1,1,0,0,1,1,Fully Furnished,3.6,394,Available,OWN0144
PG00756,Divine Comforts,Gujarat,Ahmedabad,Nikol,"353, Colony, Nikol, Ahmedabad",22.9767,72.5736,9300,18500,Shared,Triple,Boys,1,0,1,1,0,0,1,1,Fully Furnished,3.3,404,Available,OWN0005
PG00757,Nest Stay,Gujarat,Ahmedabad,Navrangpura,"245, Marg, Navrangpura, Ahmedabad",22.9634,72.5955,10800,32500,Private,Double,Coed,0,0,1,1,0,1,1,1,Fully Furnished,4.7,443,Available,OWN0107
PG00758,Sai House,Gujarat,Ahmedabad,Satellite,"68, Park, Satellite, Ahmedabad",23.0582,72.558,3500,10500,Dormitory,Dormitory,Coed,0,1,1,1,0,0,0,1,Unfurnished,4.8,90,Available,OWN0029
PG00759,New Living,Gujarat,Ahmedabad,Navrangpura,"172, Nagar, Navrangpura, Ahmedabad",23.0502,72.5924,7100,10500,Shared,Triple,Boys,0,1,1,1,1,1,0,1,Unfurnished,3.3,207,Available,OWN0113
PG00760,Star Home,Gujarat,Ahmedabad,SG Highway,"208, Colony, SG Highway, Ahmedabad",23.0506,72.6257,19800,59500,Private,Single,Boys,1,1,0,0,0,0,1,1,Fully Furnished,3.5,262,Limited,OWN0174
PG00761,Nirvana Residency,Gujarat,Ahmedabad,Nikol,"199, Colony, Nikol, Ahmedabad",23.0577,72.5816,17600,35000,Private,Single,Girls,1,0,1,1,1,0,1,0,Fully Furnished,4.1,76,Limited,OWN0178
PG00762,Divine Comforts,Gujarat,Ahmedabad,Ellisbridge,"332, Marg, Ellisbridge, Ahmedabad",23.0117,72.5994,11600,35000,Private,Double,Girls,0,1,1,0,0,1,1,0,Semi Furnished,3.2,419,Available,OWN0046
PG00763,Blue Palace,Gujarat,Ahmedabad,Ambawadi,"345, Marg, Ambawadi, Ahmedabad",23.0828,72.5701,6600,13000,Shared,Triple,Girls,0,0,1,1,1,0,0,1,Semi Furnished,3.2,305,Available,OWN0008
PG00764,Metro Stay,Gujarat,Ahmedabad,Bodakdev,"45, Lane, Bodakdev, Ahmedabad",23.0866,72.5437,8900,26500,Dormitory,Dormitory,Girls,1,1,1,1,0,1,1,1,Semi Furnished,3.2,193,Available,OWN0156
PG00765,Sunshine Comforts,Gujarat,Ahmedabad,Ambawadi,"119, Marg, Ambawadi, Ahmedabad",23.0802,72.6053,16500,49500,Private,Single,Girls,1,0,1,0,1,0,1,1,Semi Furnished,4.9,143,Limited,OWN0174
PG00766,Shree Residency,Gujarat,Ahmedabad,Vastrapur,"53, Park, Vastrapur, Ahmedabad",23.0436,72.5368,11700,11500,Shared,Double,Coed,0,1,1,0,0,1,1,1,Fully Furnished,3.8,29,Available,OWN0132
PG00767,Legacy Residency,Gujarat,Ahmedabad,SG Highway,"266, Complex, SG Highway, Ahmedabad",23.0161,72.5577,8300,16500,Shared,Triple,Girls,0,0,1,0,1,0,0,1,Fully Furnished,4.9,99,Limited,OWN0120
PG00768,Silver Palace,Gujarat,Ahmedabad,SG Highway,"39, Park, SG Highway, Ahmedabad",23.0281,72.5606,9300,9500,Shared,Double,Girls,0,1,1,0,0,1,1,1,Semi Furnished,3.8,330,Limited,OWN0045
PG00769,Star Comforts,Gujarat,Ahmedabad,Chandkheda,"144, Road, Chandkheda, Ahmedabad",22.9831,72.6138,18800,37500,Private,Single,Girls,1,1,1,1,1,1,0,1,Semi Furnished,3.2,196,Available,OWN0153
PG00770,Nest Palace,Gujarat,Ahmedabad,Navrangpura,"80, Lane, Navrangpura, Ahmedabad",23.0167,72.5362,10800,16000,Private,Double,Girls,0,0,1,1,1,0,1,0,Fully Furnished,4.7,358,Available,OWN0091
PG00771,Golden Girls Hostel,Gujarat,Ahmedabad,Gota,"131, Marg, Gota, Ahmedabad",23.058,72.5994,12100,36500,Shared,Triple,Girls,1,1,1,1,0,0,0,1,Fully Furnished,5.0,132,Available,OWN0071
PG00772,Radha Girls Hostel,Gujarat,Ahmedabad,Maninagar,"78, Lane, Maninagar, Ahmedabad",23.087,72.5337,11000,16500,Private,Double,Girls,0,1,1,1,1,1,1,0,Unfurnished,3.1,30,Full,OWN0048
PG00773,Modern Boys Hostel,Gujarat,Ahmedabad,Nikol,"95, Society, Nikol, Ahmedabad",23.0871,72.5803,13800,20500,Private,Double,Boys,1,1,0,1,1,0,1,0,Unfurnished,4.1,382,Limited,OWN0188
PG00774,Golden PG,Gujarat,Ahmedabad,Ambawadi,"165, Marg, Ambawadi, Ahmedabad",23.0554,72.6225,10800,16000,Private,Double,Girls,0,1,0,1,1,1,1,1,Unfurnished,3.0,107,Limited,OWN0191
PG00775,New Palace,Gujarat,Ahmedabad,Bodakdev,"80, Society, Bodakdev, Ahmedabad",23.0088,72.5055,8800,13000,Shared,Triple,Boys,0,1,1,1,0,0,0,0,Fully Furnished,4.7,450,Available,OWN0145
PG00776,Star Living,Gujarat,Ahmedabad,Vastrapur,"61, Nagar, Vastrapur, Ahmedabad",22.9811,72.615,10800,16000,Shared,Double,Coed,0,1,1,1,0,1,0,1,Semi Furnished,3.5,10,Available,OWN0182
PG00777,Elite Residency,Gujarat,Ahmedabad,SG Highway,"266, Society, SG Highway, Ahmedabad",22.9852,72.6178,10900,11000,Private,Double,Coed,0,0,1,0,0,0,1,0,Unfurnished,4.2,443,Available,OWN0137
PG00778,Happy Palace,Gujarat,Ahmedabad,Prahlad Nagar,"243, Chowk, Prahlad Nagar, Ahmedabad",22.9869,72.6323,12500,25000,Private,Double,Boys,0,1,1,1,0,0,0,0,Fully Furnished,3.3,162,Available,OWN0031
PG00779,Sunshine Retreat,Gujarat,Ahmedabad,Maninagar,"116, Complex, Maninagar, Ahmedabad",23.0444,72.5689,10700,16000,Shared,Triple,Boys,1,1,1,1,0,0,1,1,Semi Furnished,4.9,80,Limited,OWN0160
PG00780,Blue Palace,Gujarat,Ahmedabad,Maninagar,"303, Lane, Maninagar, Ahmedabad",23.0247,72.5285,13600,41000,Shared,Double,Boys,1,1,0,1,0,1,1,1,Fully Furnished,4.7,401,Available,OWN0017
PG00781,Metro Nivas,Gujarat,Ahmedabad,Navrangpura,"212, Chowk, Navrangpura, Ahmedabad",22.9632,72.6074,10700,21500,Private,Double,Girls,0,1,0,0,1,0,0,1,Fully Furnished,3.6,103,Full,OWN0010
PG00782,Blue Palace,Gujarat,Ahmedabad,Nikol,"286, Chowk, Nikol, Ahmedabad",23.0237,72.5496,11700,11500,Shared,Double,Girls,0,1,1,1,0,0,0,1,Semi Furnished,4.2,425,Available,OWN0013
PG00783,Happy Stay,Gujarat,Ahmedabad,Satellite,"7, Road, Satellite, Ahmedabad",22.9972,72.545,12600,12500,Shared,Double,Coed,1,0,1,1,1,1,0,1,Fully Furnished,3.3,195,Full,OWN0140
PG00784,Radha Comforts,Gujarat,Ahmedabad,Ambawadi,"322, Nagar, Ambawadi, Ahmedabad",23.0449,72.5762,12000,18000,Private,Double,Boys,0,1,0,1,0,0,1,1,Fully Furnished,3.2,102,Limited,OWN0120
PG00785,Silver Home,Gujarat,Ahmedabad,Satellite,"258, Marg, Satellite, Ahmedabad",23.0785,72.6081,5800,11500,Shared,Triple,Boys,0,1,1,0,0,1,0,1,Semi Furnished,4.7,45,Available,OWN0175
PG00786,Nirvana Boys Hostel,Gujarat,Ahmedabad,Prahlad Nagar,"194, Complex, Prahlad Nagar, Ahmedabad",22.966,72.5766,9100,9000,Shared,Double,Boys,0,1,1,1,0,1,0,1,Semi Furnished,3.5,312,Full,OWN0174
PG00787,Om Nivas,Gujarat,Ahmedabad,Navrangpura,"140, Chowk, Navrangpura, Ahmedabad",23.0521,72.5429,11700,23500,Shared,Double,Coed,0,1,1,1,1,1,1,1,Fully Furnished,4.4,300,Available,OWN0125
PG00788,Sai Villa,Gujarat,Ahmedabad,Chandkheda,"209, Society, Chandkheda, Ahmedabad",22.9872,72.5998,10300,31000,Shared,Double,Boys,0,1,1,1,1,1,1,1,Fully Furnished,3.9,29,Available,OWN0014
PG00789,Golden Residency,Gujarat,Ahmedabad,Chandkheda,"203, Park, Chandkheda, Ahmedabad",22.9859,72.6175,16100,24000,Private,Single,Girls,0,1,1,1,1,1,1,0,Semi Furnished,2.9,384,Available,OWN0008
PG00790,Krishna Villa,Gujarat,Ahmedabad,Prahlad Nagar,"12, Road, Prahlad Nagar, Ahmedabad",23.0,72.5978,7400,7500,Shared,Triple,Girls,0,1,1,0,0,0,0,1,Semi Furnished,3.1,242,Available,OWN0127
PG00791,Urban Retreat,Gujarat,Ahmedabad,Satellite,"132, Road, Satellite, Ahmedabad",23.0899,72.5841,11400,34000,Private,Double,Boys,0,1,1,0,1,1,1,1,Fully Furnished,3.6,184,Available,OWN0073
PG00792,New Retreat,Gujarat,Ahmedabad,Satellite,"204, Park, Satellite, Ahmedabad",22.9745,72.5249,6600,20000,Shared,Triple,Boys,0,1,1,1,1,0,1,0,Semi Furnished,2.9,10,Available,OWN0164
PG00793,New Girls Hostel,Gujarat,Ahmedabad,Prahlad Nagar,"208, Nagar, Prahlad Nagar, Ahmedabad",22.9709,72.5509,9800,19500,Dormitory,Dormitory,Boys,1,1,0,1,1,1,0,0,Fully Furnished,3.7,182,Available,OWN0147
PG00794,Krishna Villa,Gujarat,Ahmedabad,Navrangpura,"92, Road, Navrangpura, Ahmedabad",22.9948,72.5307,9100,9000,Shared,Triple,Girls,1,0,0,1,1,1,0,1,Unfurnished,3.5,240,Available,OWN0189
PG00795,New Boys Hostel,Gujarat,Ahmedabad,Vastrapur,"223, Road, Vastrapur, Ahmedabad",23.0712,72.558,11800,35500,Private,Double,Boys,1,1,0,1,0,0,1,1,Unfurnished,2.9,100,Full,OWN0191
PG00796,Om Nivas,Gujarat,Ahmedabad,Maninagar,"375, Complex, Maninagar, Ahmedabad",23.0284,72.5356,20300,30500,Private,Single,Girls,1,1,1,1,1,0,0,1,Fully Furnished,3.3,445,Available,OWN0067
PG00797,Sunshine Villa,Gujarat,Ahmedabad,Navrangpura,"165, Lane, Navrangpura, Ahmedabad",23.0593,72.6156,7000,14000,Dormitory,Dormitory,Coed,0,1,1,1,1,1,1,0,Fully Furnished,4.2,28,Available,OWN0176
PG00798,Happy Heights,Gujarat,Ahmedabad,Prahlad Nagar,"129, Nagar, Prahlad Nagar, Ahmedabad",22.9616,72.5878,17700,35500,Private,Single,Girls,1,1,1,1,0,1,0,1,Semi Furnished,4.7,173,Limited,OWN0177
PG00799,Elite Boys Hostel,Gujarat,Ahmedabad,Gota,"30, Colony, Gota, Ahmedabad",22.9978,72.581,10000,15000,Shared,Double,Boys,0,1,1,0,0,0,1,1,Semi Furnished,4.8,257,Available,OWN0120
PG00800,Star Palace,Gujarat,Ahmedabad,Bodakdev,"213, Marg, Bodakdev, Ahmedabad",23.0505,72.5061,13800,27500,Private,Double,Girls,1,0,1,1,1,1,1,1,Fully Furnished,3.1,152,Available,OWN0010
PG00801,Om Living,Gujarat,Ahmedabad,SG Highway,"373, Nagar, SG Highway, Ahmedabad",22.971,72.5708,12400,18500,Private,Double,Girls,0,1,1,1,1,0,0,1,Fully Furnished,4.4,102,Limited,OWN0170
PG00802,Zenith Boys Hostel,Gujarat,Ahmedabad,Gota,"135, Park, Gota, Ahmedabad",23.0545,72.541,11000,11000,Private,Double,Girls,0,1,1,1,0,0,0,1,Semi Furnished,3.4,366,Available,OWN0009
PG00803,City Retreat,Gujarat,Ahmedabad,Nikol,"161, Nagar, Nikol, Ahmedabad",23.0738,72.585,10000,10000,Shared,Double,Boys,0,0,1,1,0,0,1,1,Fully Furnished,4.3,58,Available,OWN0074
PG00804,Shree Stay,Gujarat,Ahmedabad,Ambawadi,"129, Nagar, Ambawadi, Ahmedabad",22.9531,72.5117,9400,14000,Shared,Triple,Girls,0,0,1,1,0,1,0,0,Fully Furnished,3.6,371,Available,OWN0130
PG00805,Om Palace,Gujarat,Ahmedabad,Maninagar,"263, Marg, Maninagar, Ahmedabad",23.0262,72.6287,12100,24000,Private,Double,Girls,0,1,1,1,0,1,1,1,Fully Furnished,4.1,194,Available,OWN0120
PG00806,Nest Comforts,Gujarat,Ahmedabad,Maninagar,"201, Nagar, Maninagar, Ahmedabad",23.0579,72.5468,10900,11000,Private,Double,Girls,0,0,1,1,1,1,1,0,Fully Furnished,2.9,283,Available,OWN0037
PG00807,Serene Boys Hostel,Gujarat,Ahmedabad,Chandkheda,"206, Society, Chandkheda, Ahmedabad",22.9535,72.56,11200,11000,Private,Double,Girls,0,1,1,1,0,0,1,1,Fully Furnished,5.0,93,Available,OWN0111
PG00808,Happy Home,Gujarat,Ahmedabad,Satellite,"27, Park, Satellite, Ahmedabad",23.0258,72.5487,7600,7500,Shared,Triple,Girls,0,1,1,1,1,1,1,1,Fully Furnished,4.5,306,Limited,OWN0076
PG00809,Elite PG,Gujarat,Ahmedabad,Navrangpura,"104, Marg, Navrangpura, Ahmedabad",23.0094,72.5762,14900,22500,Private,Single,Girls,0,0,1,1,0,1,1,1,Semi Furnished,3.9,215,Available,OWN0012
PG00810,Shree Residency,Gujarat,Ahmedabad,Maninagar,"277, Marg, Maninagar, Ahmedabad",22.9838,72.639,10900,32500,Shared,Triple,Girls,1,1,1,0,0,0,1,1,Semi Furnished,3.1,144,Available,OWN0040
PG00811,Silver Heights,Gujarat,Ahmedabad,Ambawadi,"108, Chowk, Ambawadi, Ahmedabad",23.007,72.5392,11700,17500,Private,Double,Coed,0,1,1,0,0,0,0,1,Fully Furnished,4.1,351,Available,OWN0087
PG00812,Blue Residency,Gujarat,Ahmedabad,Nikol,"72, Park, Nikol, Ahmedabad",22.9527,72.6018,17900,18000,Private,Single,Girls,0,1,1,1,0,0,0,1,Fully Furnished,3.8,437,Available,OWN0011
PG00813,Royal House,Gujarat,Ahmedabad,Bodakdev,"341, Colony, Bodakdev, Ahmedabad",23.0185,72.576,10800,16000,Shared,Triple,Coed,1,1,1,1,1,0,1,1,Fully Furnished,4.6,168,Limited,OWN0134
PG00814,Metro Comforts,Gujarat,Ahmedabad,Chandkheda,"55, Park, Chandkheda, Ahmedabad",22.9748,72.5919,9800,29500,Private,Double,Boys,0,0,1,1,1,1,0,1,Fully Furnished,3.2,6,Available,OWN0047
PG00815,Star Palace,Gujarat,Ahmedabad,Nikol,"191, Complex, Nikol, Ahmedabad",23.0899,72.5755,8600,26000,Shared,Double,Girls,0,1,1,1,1,1,1,1,Semi Furnished,4.8,125,Available,OWN0186
PG00816,Golden Nivas,Gujarat,Ahmedabad,Prahlad Nagar,"61, Colony, Prahlad Nagar, Ahmedabad",23.04,72.6338,19000,57000,Private,Single,Coed,1,1,1,1,0,0,1,0,Semi Furnished,2.9,287,Available,OWN0120
PG00817,Nest Retreat,Gujarat,Ahmedabad,Ellisbridge,"361, Road, Ellisbridge, Ahmedabad",22.9624,72.6121,9700,9500,Private,Double,Boys,0,1,1,0,0,0,0,1,Fully Furnished,3.5,313,Available,OWN0149
PG00818,Krishna Boys Hostel,Gujarat,Ahmedabad,Satellite,"86, Park, Satellite, Ahmedabad",23.0682,72.5308,12800,13000,Private,Double,Boys,0,0,0,1,1,1,1,1,Fully Furnished,4.2,175,Limited,OWN0141
PG00819,Royal Villa,Gujarat,Ahmedabad,Ambawadi,"291, Marg, Ambawadi, Ahmedabad",23.0257,72.5556,12400,37000,Shared,Double,Girls,1,0,1,1,0,1,0,0,Fully Furnished,4.1,117,Available,OWN0038
PG00820,Legacy Villa,Gujarat,Ahmedabad,Nikol,"199, Marg, Nikol, Ahmedabad",23.0374,72.5337,11200,17000,Private,Double,Girls,0,1,1,1,1,1,1,1,Semi Furnished,5.0,102,Available,OWN0177
PG00821,Happy Nivas,Gujarat,Ahmedabad,Ellisbridge,"227, Lane, Ellisbridge, Ahmedabad",23.0561,72.6086,14200,21500,Shared,Double,Boys,1,1,1,0,0,0,1,1,Fully Furnished,3.9,368,Limited,OWN0068
PG00822,Vraj Inn,Gujarat,Ahmedabad,Navrangpura,"261, Marg, Navrangpura, Ahmedabad",22.9818,72.6375,11400,34000,Private,Double,Coed,0,1,1,0,0,0,0,0,Fully Furnished,3.1,326,Limited,OWN0199
PG00823,Comfort Palace,Gujarat,Ahmedabad,Ambawadi,"381, Nagar, Ambawadi, Ahmedabad",23.0341,72.5627,8200,16500,Shared,Triple,Girls,0,1,1,1,0,1,1,1,Fully Furnished,2.9,394,Full,OWN0198
PG00824,City Girls Hostel,Gujarat,Ahmedabad,Chandkheda,"153, Nagar, Chandkheda, Ahmedabad",22.9618,72.5319,11000,16500,Private,Double,Girls,0,1,1,1,0,1,1,0,Semi Furnished,4.3,124,Available,OWN0101
PG00825,New PG,Gujarat,Ahmedabad,Ambawadi,"364, Nagar, Ambawadi, Ahmedabad",22.9716,72.6176,10700,21500,Private,Double,Coed,0,1,0,1,1,1,0,1,Fully Furnished,4.0,303,Available,OWN0100
PG00826,Ganesh PG,Gujarat,Ahmedabad,Navrangpura,"154, Road, Navrangpura, Ahmedabad",23.0638,72.6199,9600,29000,Shared,Triple,Boys,1,0,1,1,0,0,1,1,Unfurnished,2.9,6,Available,OWN0042
PG00827,Serene Heights,Gujarat,Ahmedabad,Prahlad Nagar,"208, Marg, Prahlad Nagar, Ahmedabad",22.9626,72.6182,16800,33500,Private,Single,Boys,0,0,1,1,0,0,1,1,Semi Furnished,2.9,70,Available,OWN0185
PG00828,Legacy Boys Hostel,Gujarat,Ahmedabad,Prahlad Nagar,"148, Lane, Prahlad Nagar, Ahmedabad",23.0885,72.6093,14700,44000,Private,Single,Girls,0,1,0,1,0,1,0,1,Semi Furnished,3.8,68,Available,OWN0097
PG00829,Sai Girls Hostel,Gujarat,Ahmedabad,Chandkheda,"40, Nagar, Chandkheda, Ahmedabad",22.972,72.5453,14100,21000,Private,Single,Boys,0,0,1,0,1,0,0,1,Semi Furnished,4.4,221,Available,OWN0108
PG00830,Krishna Home,Gujarat,Ahmedabad,Ellisbridge,"49, Colony, Ellisbridge, Ahmedabad",23.0735,72.5874,10800,21500,Private,Double,Boys,0,1,1,1,1,0,1,1,Fully Furnished,3.1,419,Available,OWN0014
PG00831,Legacy Boys Hostel,Gujarat,Ahmedabad,Vastrapur,"127, Colony, Vastrapur, Ahmedabad",23.0577,72.5545,9400,9500,Private,Double,Girls,0,0,1,1,0,0,1,1,Semi Furnished,3.5,28,Available,OWN0141
PG00832,Happy Rooms,Gujarat,Ahmedabad,Gota,"381, Chowk, Gota, Ahmedabad",23.0006,72.6034,6500,13000,Dormitory,Dormitory,Girls,0,1,1,1,0,1,1,1,Fully Furnished,3.8,128,Full,OWN0017
PG00833,Krishna Comforts,Gujarat,Ahmedabad,Satellite,"194, Complex, Satellite, Ahmedabad",23.0048,72.5689,11000,11000,Shared,Double,Boys,1,1,1,1,0,1,1,1,Semi Furnished,4.1,151,Available,OWN0127
PG00834,Sai Girls Hostel,Gujarat,Ahmedabad,SG Highway,"49, Marg, SG Highway, Ahmedabad",22.9797,72.5992,11200,33500,Shared,Double,Boys,0,1,0,1,1,1,1,1,Fully Furnished,3.2,58,Full,OWN0004
PG00835,Nirvana Palace,Gujarat,Ahmedabad,Ellisbridge,"281, Colony, Ellisbridge, Ahmedabad",22.9661,72.5875,11700,11500,Private,Double,Girls,1,0,1,1,0,0,1,1,Semi Furnished,3.6,139,Available,OWN0191
PG00836,Happy Boys Hostel,Gujarat,Ahmedabad,Bodakdev,"18, Nagar, Bodakdev, Ahmedabad",22.9784,72.509,6300,9500,Dormitory,Dormitory,Girls,1,1,0,0,1,1,0,1,Semi Furnished,2.9,214,Available,OWN0027
PG00837,Serene Comforts,Gujarat,Ahmedabad,Gota,"164, Society, Gota, Ahmedabad",22.9552,72.639,19800,20000,Private,Single,Boys,1,1,1,1,1,0,1,0,Fully Furnished,3.6,76,Limited,OWN0025
PG00838,City Residency,Gujarat,Ahmedabad,SG Highway,"39, Complex, SG Highway, Ahmedabad",23.0586,72.5372,17700,53000,Private,Single,Girls,1,1,1,1,0,1,1,1,Semi Furnished,4.3,175,Available,OWN0078
PG00839,Modern Boys Hostel,Gujarat,Ahmedabad,Prahlad Nagar,"153, Road, Prahlad Nagar, Ahmedabad",23.0378,72.5613,10200,15500,Private,Double,Girls,0,1,1,1,0,0,1,1,Semi Furnished,3.4,298,Available,OWN0161
PG00840,Sunshine Nivas,Gujarat,Ahmedabad,Gota,"119, Chowk, Gota, Ahmedabad",23.0092,72.6098,15900,16000,Private,Single,Coed,0,1,1,1,1,1,0,0,Fully Furnished,4.2,218,Available,OWN0027
PG00841,Om Inn,Gujarat,Ahmedabad,Satellite,"113, Lane, Satellite, Ahmedabad",23.0091,72.5828,10900,32500,Private,Double,Coed,0,0,0,1,0,0,1,1,Semi Furnished,3.1,329,Full,OWN0148
PG00842,Shree Stay,Gujarat,Ahmedabad,Ambawadi,"79, Road, Ambawadi, Ahmedabad",22.9809,72.6289,8700,13000,Shared,Triple,Girls,0,1,1,1,0,0,0,1,Fully Furnished,3.5,113,Full,OWN0074
PG00843,Legacy Retreat,Gujarat,Ahmedabad,Chandkheda,"257, Park, Chandkheda, Ahmedabad",22.987,72.5823,17800,26500,Private,Single,Boys,1,1,1,1,0,0,0,1,Fully Furnished,4.3,261,Available,OWN0101
PG00844,Zenith PG,Gujarat,Ahmedabad,Ambawadi,"356, Colony, Ambawadi, Ahmedabad",22.9649,72.5357,13900,14000,Shared,Double,Girls,1,1,1,0,1,1,1,1,Fully Furnished,4.0,76,Available,OWN0071
PG00845,Star Heights,Gujarat,Ahmedabad,Nikol,"68, Complex, Nikol, Ahmedabad",23.0896,72.5572,9700,29000,Private,Double,Girls,0,1,1,0,0,0,1,1,Semi Furnished,3.3,422,Available,OWN0028
PG00846,Elite Living,Gujarat,Ahmedabad,Ellisbridge,"6, Lane, Ellisbridge, Ahmedabad",23.0079,72.5816,12400,18500,Shared,Double,Coed,1,1,1,1,1,1,1,1,Semi Furnished,3.3,117,Limited,OWN0009
PG00847,Radha Heights,Gujarat,Ahmedabad,Vastrapur,"87, Chowk, Vastrapur, Ahmedabad",23.0624,72.5814,19400,29000,Private,Single,Girls,1,1,1,1,1,1,1,1,Semi Furnished,4.9,145,Available,OWN0026
PG00848,Divine Comforts,Gujarat,Ahmedabad,Satellite,"46, Nagar, Satellite, Ahmedabad",23.0862,72.6225,9600,19000,Shared,Double,Boys,0,0,1,1,0,1,0,1,Fully Furnished,4.2,87,Full,OWN0010
PG00849,Modern Girls Hostel,Gujarat,Ahmedabad,Prahlad Nagar,"214, Complex, Prahlad Nagar, Ahmedabad",23.0091,72.5776,18400,27500,Private,Single,Coed,1,1,1,0,0,1,0,0,Fully Furnished,5.0,112,Available,OWN0020
PG00850,Divine Nivas,Gujarat,Ahmedabad,Chandkheda,"290, Complex, Chandkheda, Ahmedabad",23.0205,72.6329,14500,29000,Shared,Double,Coed,1,1,1,1,0,1,1,1,Fully Furnished,4.8,423,Available,OWN0035
PG00851,Ganesh Home,Gujarat,Ahmedabad,Satellite,"83, Marg, Satellite, Ahmedabad",23.0303,72.5931,17700,35500,Private,Single,Boys,1,0,1,1,0,0,0,1,Unfurnished,3.9,155,Full,OWN0049
PG00852,Serene Stay,Gujarat,Ahmedabad,Nikol,"284, Complex, Nikol, Ahmedabad",22.9578,72.5906,16800,33500,Private,Single,Girls,1,0,0,1,0,1,1,1,Semi Furnished,3.3,31,Available,OWN0170
PG00853,Urban Rooms,Gujarat,Ahmedabad,Chandkheda,"199, Complex, Chandkheda, Ahmedabad",23.0094,72.5369,20000,40000,Private,Single,Coed,1,1,1,0,1,0,1,1,Fully Furnished,3.9,188,Available,OWN0155
PG00854,Modern Stay,Gujarat,Ahmedabad,Satellite,"30, Nagar, Satellite, Ahmedabad",23.0042,72.5841,11500,34500,Shared,Triple,Girls,1,1,1,1,0,1,1,0,Fully Furnished,3.1,211,Available,OWN0168
PG00855,Radha Inn,Gujarat,Ahmedabad,Gota,"14, Road, Gota, Ahmedabad",23.0061,72.5025,15600,15500,Private,Single,Boys,0,1,1,0,1,0,1,0,Fully Furnished,4.5,267,Available,OWN0027
PG00856,Happy Girls Hostel,Gujarat,Ahmedabad,Navrangpura,"210, Marg, Navrangpura, Ahmedabad",23.0364,72.5955,6600,10000,Dormitory,Dormitory,Girls,1,1,1,1,1,1,1,1,Semi Furnished,3.1,80,Available,OWN0143
PG00857,Vraj Home,Gujarat,Ahmedabad,Prahlad Nagar,"275, Road, Prahlad Nagar, Ahmedabad",23.0184,72.6227,9600,9500,Shared,Triple,Coed,0,1,1,1,0,1,1,0,Fully Furnished,4.3,131,Available,OWN0008
PG00858,Star Retreat,Gujarat,Ahmedabad,Gota,"400, Colony, Gota, Ahmedabad",23.0824,72.5245,12600,19000,Shared,Double,Coed,1,0,1,1,0,1,1,0,Semi Furnished,2.9,281,Available,OWN0019
PG00859,Vraj Heights,Gujarat,Ahmedabad,Navrangpura,"319, Road, Navrangpura, Ahmedabad",23.0799,72.6011,13600,20500,Private,Double,Boys,1,0,1,1,0,0,1,1,Fully Furnished,4.0,94,Available,OWN0131
PG00860,Legacy Stay,Gujarat,Ahmedabad,SG Highway,"12, Park, SG Highway, Ahmedabad",22.9836,72.5496,6000,18000,Dormitory,Dormitory,Girls,0,1,0,1,0,1,1,1,Semi Furnished,3.4,127,Limited,OWN0104
PG00861,Nest Home,Gujarat,Ahmedabad,Nikol,"164, Chowk, Nikol, Ahmedabad",23.0299,72.6355,5000,5000,Dormitory,Dormitory,Girls,0,1,1,1,1,1,0,0,Semi Furnished,4.3,188,Full,OWN0134
PG00862,Nirvana Girls Hostel,Gujarat,Ahmedabad,Nikol,"8, Park, Nikol, Ahmedabad",22.9618,72.5082,11500,23000,Private,Double,Boys,0,1,1,1,1,1,1,0,Fully Furnished,4.1,287,Available,OWN0092
PG00863,Zenith Home,Gujarat,Ahmedabad,Bodakdev,"263, Road, Bodakdev, Ahmedabad",22.9797,72.6026,10500,16000,Shared,Double,Girls,0,1,1,0,0,0,1,0,Fully Furnished,3.3,77,Full,OWN0045
PG00864,Vraj Home,Gujarat,Ahmedabad,Bodakdev,"393, Nagar, Bodakdev, Ahmedabad",22.9908,72.565,17300,52000,Private,Single,Girls,1,0,1,1,0,1,1,0,Unfurnished,4.0,198,Available,OWN0072
PG00865,Krishna House,Gujarat,Ahmedabad,Prahlad Nagar,"32, Lane, Prahlad Nagar, Ahmedabad",23.092,72.5312,9100,13500,Shared,Triple,Girls,1,1,1,1,0,0,1,1,Fully Furnished,4.1,205,Available,OWN0177
PG00866,Comfort Palace,Gujarat,Ahmedabad,Nikol,"227, Society, Nikol, Ahmedabad",22.9664,72.5428,17800,26500,Private,Single,Girls,1,1,1,0,1,1,0,1,Semi Furnished,3.8,432,Available,OWN0057
PG00867,Blue Inn,Gujarat,Ahmedabad,Prahlad Nagar,"385, Nagar, Prahlad Nagar, Ahmedabad",23.0885,72.5184,18800,28000,Private,Single,Girls,1,0,1,1,1,1,0,1,Semi Furnished,3.6,120,Available,OWN0125
PG00868,Comfort Residency,Gujarat,Ahmedabad,Vastrapur,"2, Nagar, Vastrapur, Ahmedabad",23.043,72.5271,11100,11000,Shared,Triple,Girls,1,1,1,1,0,0,1,1,Fully Furnished,4.4,301,Full,OWN0037
PG00869,Happy Living,Gujarat,Ahmedabad,Bodakdev,"400, Chowk, Bodakdev, Ahmedabad",23.0543,72.6382,18400,18500,Private,Single,Boys,1,1,1,0,0,1,1,1,Fully Furnished,4.5,65,Limited,OWN0194
PG00870,Star Heights,Gujarat,Ahmedabad,Gota,"42, Colony, Gota, Ahmedabad",23.0889,72.5613,13300,40000,Private,Double,Boys,1,1,1,0,1,1,1,1,Semi Furnished,4.0,213,Limited,OWN0185
PG00871,Divine Villa,Gujarat,Ahmedabad,Nikol,"68, Lane, Nikol, Ahmedabad",22.9622,72.5173,5800,8500,Shared,Triple,Boys,0,1,1,1,1,1,1,1,Semi Furnished,3.6,330,Available,OWN0073
PG00872,Modern Inn,Gujarat,Ahmedabad,SG Highway,"213, Lane, SG Highway, Ahmedabad",23.0801,72.5131,18900,28500,Private,Single,Girls,1,1,0,1,0,0,1,1,Semi Furnished,4.3,42,Available,OWN0067
PG00873,Krishna Boys Hostel,Gujarat,Ahmedabad,Chandkheda,"195, Lane, Chandkheda, Ahmedabad",22.9703,72.5684,8800,9000,Dormitory,Dormitory,Girls,1,1,1,1,0,1,0,1,Fully Furnished,3.0,403,Available,OWN0008
PG00874,Nirvana Inn,Gujarat,Ahmedabad,Chandkheda,"84, Park, Chandkheda, Ahmedabad",23.0075,72.5272,20400,61000,Private,Single,Coed,1,0,1,0,1,1,0,0,Fully Furnished,3.5,389,Available,OWN0121
PG00875,Silver House,Gujarat,Ahmedabad,Chandkheda,"262, Road, Chandkheda, Ahmedabad",23.0349,72.5238,11400,23000,Private,Double,Girls,0,1,1,1,1,1,1,1,Fully Furnished,4.7,78,Limited,OWN0014
PG00876,New Villa,Gujarat,Ahmedabad,Chandkheda,"385, Colony, Chandkheda, Ahmedabad",23.0751,72.6009,19000,38000,Private,Single,Girls,1,1,1,1,0,1,1,1,Fully Furnished,4.8,100,Available,OWN0051
PG00877,Om House,Gujarat,Ahmedabad,Satellite,"282, Nagar, Satellite, Ahmedabad",22.9927,72.5497,10000,15000,Shared,Triple,Coed,1,1,1,1,1,1,1,1,Fully Furnished,4.5,103,Available,OWN0188
PG00878,Metro Residency,Gujarat,Ahmedabad,Prahlad Nagar,"291, Road, Prahlad Nagar, Ahmedabad",22.9968,72.6019,9900,15000,Private,Double,Girls,0,1,1,1,1,0,0,1,Fully Furnished,4.7,427,Available,OWN0013
PG00879,Urban Living,Gujarat,Ahmedabad,Maninagar,"258, Road, Maninagar, Ahmedabad",22.9702,72.6158,10900,11000,Shared,Double,Boys,0,1,1,1,1,0,1,0,Fully Furnished,4.3,200,Available,OWN0086
PG00880,Urban Comforts,Gujarat,Ahmedabad,SG Highway,"311, Road, SG Highway, Ahmedabad",23.0772,72.6241,14200,21500,Shared,Double,Girls,1,1,1,0,1,1,1,1,Semi Furnished,3.6,427,Limited,OWN0001
PG00881,Royal Retreat,Gujarat,Ahmedabad,Vastrapur,"150, Park, Vastrapur, Ahmedabad",22.9679,72.5497,12200,18500,Shared,Double,Girls,1,0,1,1,0,0,1,1,Fully Furnished,2.9,212,Available,OWN0131
PG00882,Serene PG,Gujarat,Ahmedabad,Gota,"170, Lane, Gota, Ahmedabad",23.0256,72.593,19100,57500,Private,Single,Girls,1,1,1,1,0,1,1,0,Fully Furnished,4.6,235,Available,OWN0010
PG00883,Comfort Residency,Gujarat,Ahmedabad,Vastrapur,"80, Colony, Vastrapur, Ahmedabad",23.0631,72.5934,18100,54500,Private,Single,Girls,1,1,1,0,0,0,0,1,Semi Furnished,3.8,301,Limited,OWN0134
PG00884,Urban PG,Gujarat,Ahmedabad,Bodakdev,"82, Park, Bodakdev, Ahmedabad",22.9617,72.6232,10800,21500,Shared,Double,Boys,0,1,1,1,0,1,1,1,Fully Furnished,4.9,131,Available,OWN0152
PG00885,Sunshine Living,Gujarat,Ahmedabad,Ambawadi,"82, Park, Ambawadi, Ahmedabad",23.0085,72.5213,10700,10500,Shared,Triple,Boys,1,1,1,1,0,1,1,1,Semi Furnished,3.1,268,Available,OWN0041
PG00886,Sunshine Nivas,Gujarat,Ahmedabad,Ellisbridge,"387, Park, Ellisbridge, Ahmedabad",23.0127,72.5798,5000,15000,Shared,Triple,Boys,0,0,1,1,1,1,0,1,Unfurnished,4.6,8,Available,OWN0145
PG00887,Elite Home,Gujarat,Ahmedabad,Ellisbridge,"328, Colony, Ellisbridge, Ahmedabad",23.0597,72.5327,12100,36500,Shared,Double,Coed,0,1,0,0,1,0,1,1,Fully Furnished,3.2,404,Limited,OWN0003
PG00888,Serene Villa,Gujarat,Ahmedabad,Ellisbridge,"38, Nagar, Ellisbridge, Ahmedabad",23.0683,72.6017,16300,49000,Private,Single,Boys,1,1,1,1,0,1,0,1,Unfurnished,4.9,352,Available,OWN0162
PG00889,Royal Boys Hostel,Gujarat,Ahmedabad,Ellisbridge,"187, Park, Ellisbridge, Ahmedabad",23.0015,72.5572,7100,14000,Shared,Triple,Boys,0,0,1,0,1,0,1,1,Fully Furnished,4.9,350,Available,OWN0183
PG00890,Star House,Gujarat,Ahmedabad,Gota,"320, Lane, Gota, Ahmedabad",23.0865,72.5269,13700,13500,Shared,Double,Girls,1,1,1,1,0,1,1,1,Fully Furnished,3.0,173,Available,OWN0180
PG00891,Divine Palace,Gujarat,Ahmedabad,Vastrapur,"204, Society, Vastrapur, Ahmedabad",23.0112,72.5057,10500,16000,Private,Double,Boys,0,1,1,1,1,1,1,0,Fully Furnished,3.6,50,Limited,OWN0028
PG00892,Nest Boys Hostel,Gujarat,Ahmedabad,Satellite,"242, Complex, Satellite, Ahmedabad",23.067,72.5552,6300,9500,Dormitory,Dormitory,Girls,0,0,1,1,0,0,1,1,Unfurnished,4.6,213,Available,OWN0038
PG00893,Elite Living,Gujarat,Ahmedabad,Ambawadi,"202, Marg, Ambawadi, Ahmedabad",22.9991,72.6216,9700,19500,Shared,Double,Coed,0,1,1,0,0,0,0,1,Fully Furnished,4.3,198,Limited,OWN0082
PG00894,Nest Home,Gujarat,Ahmedabad,Vastrapur,"287, Chowk, Vastrapur, Ahmedabad",22.9917,72.6167,9300,14000,Shared,Double,Boys,0,0,0,1,1,1,0,0,Unfurnished,4.6,50,Full,OWN0015
PG00895,Divine Residency,Gujarat,Ahmedabad,Maninagar,"270, Lane, Maninagar, Ahmedabad",22.9617,72.5635,19400,29000,Private,Single,Girls,1,0,0,1,0,0,1,0,Fully Furnished,4.2,30,Limited,OWN0059
PG00896,Silver Stay,Gujarat,Ahmedabad,Navrangpura,"325, Colony, Navrangpura, Ahmedabad",23.0109,72.5138,8500,17000,Shared,Triple,Boys,0,1,1,1,0,0,1,1,Semi Furnished,4.5,362,Full,OWN0197
PG00897,Cozy Home,Gujarat,Ahmedabad,Ellisbridge,"178, Lane, Ellisbridge, Ahmedabad",22.9628,72.6173,8200,16500,Dormitory,Dormitory,Boys,1,1,1,0,1,0,1,0,Semi Furnished,5.0,53,Available,OWN0032
PG00898,Vraj Villa,Gujarat,Ahmedabad,Maninagar,"342, Park, Maninagar, Ahmedabad",23.0374,72.5678,10800,16000,Private,Double,Girls,0,1,1,1,0,1,1,1,Semi Furnished,3.7,125,Available,OWN0135
PG00899,Urban Inn,Gujarat,Ahmedabad,SG Highway,"13, Complex, SG Highway, Ahmedabad",23.0545,72.5569,10100,30500,Shared,Double,Girls,0,1,1,1,0,0,1,1,Semi Furnished,3.0,207,Full,OWN0084
PG00900,Sunshine Home,Gujarat,Ahmedabad,Prahlad Nagar,"238, Road, Prahlad Nagar, Ahmedabad",23.0338,72.5353,19700,39500,Private,Single,Boys,1,1,1,1,0,0,1,1,Semi Furnished,4.9,277,Available,OWN0008
PG00901,Metro Living,Gujarat,Ahmedabad,Vastrapur,"64, Colony, Vastrapur, Ahmedabad",22.9678,72.634,13500,13500,Private,Double,Girls,1,1,1,1,0,1,1,0,Fully Furnished,4.7,162,Available,OWN0011
PG00902,Cozy Inn,Gujarat,Ahmedabad,Navrangpura,"397, Nagar, Navrangpura, Ahmedabad",22.9531,72.5859,16600,16500,Private,Single,Girls,1,0,1,1,0,0,1,1,Semi Furnished,4.4,81,Available,OWN0004
PG00903,Zenith Boys Hostel,Gujarat,Ahmedabad,Vastrapur,"321, Nagar, Vastrapur, Ahmedabad",23.0216,72.5253,9800,10000,Shared,Double,Boys,0,1,0,1,0,1,1,1,Semi Furnished,2.8,260,Limited,OWN0006
PG00904,Nirvana Comforts,Gujarat,Ahmedabad,Prahlad Nagar,"89, Park, Prahlad Nagar, Ahmedabad",23.0437,72.5607,11200,22500,Private,Double,Boys,0,0,1,0,0,1,0,1,Semi Furnished,3.7,344,Full,OWN0095
PG00905,Urban Nivas,Gujarat,Ahmedabad,Chandkheda,"131, Nagar, Chandkheda, Ahmedabad",23.0534,72.5774,14900,30000,Shared,Double,Boys,1,0,1,1,1,1,1,1,Fully Furnished,4.8,268,Available,OWN0192
PG00906,Modern PG,Gujarat,Ahmedabad,Satellite,"152, Marg, Satellite, Ahmedabad",23.0563,72.5334,5000,15000,Dormitory,Dormitory,Boys,0,1,1,1,0,1,1,1,Fully Furnished,3.8,273,Available,OWN0131
PG00907,Vraj Stay,Gujarat,Ahmedabad,Nikol,"82, Park, Nikol, Ahmedabad",23.0605,72.5868,12300,24500,Private,Double,Boys,0,0,0,1,0,1,1,1,Fully Furnished,5.0,21,Available,OWN0137
PG00908,Radha House,Gujarat,Ahmedabad,Satellite,"85, Nagar, Satellite, Ahmedabad",22.9597,72.529,18300,18500,Private,Single,Girls,1,1,0,1,1,0,1,1,Unfurnished,3.3,19,Available,OWN0036
PG00909,Legacy Inn,Gujarat,Ahmedabad,Gota,"57, Chowk, Gota, Ahmedabad",22.9579,72.52,13700,20500,Shared,Double,Boys,1,1,0,1,1,1,1,0,Semi Furnished,4.6,389,Available,OWN0195
PG00910,Star Palace,Gujarat,Ahmedabad,Gota,"370, Complex, Gota, Ahmedabad",22.9681,72.5349,17300,17500,Private,Single,Boys,0,1,1,1,1,1,0,1,Fully Furnished,4.3,273,Available,OWN0058
PG00911,Star Inn,Gujarat,Ahmedabad,Ambawadi,"179, Road, Ambawadi, Ahmedabad",23.0004,72.5126,7800,11500,Shared,Triple,Coed,0,0,1,1,1,1,0,0,Fully Furnished,4.3,362,Available,OWN0196
PG00912,Elite Nivas,Gujarat,Ahmedabad,Chandkheda,"96, Marg, Chandkheda, Ahmedabad",23.0708,72.5596,11600,35000,Private,Double,Boys,1,0,1,1,0,1,1,1,Semi Furnished,3.4,56,Available,OWN0109
PG00913,Modern Comforts,Gujarat,Ahmedabad,Navrangpura,"270, Complex, Navrangpura, Ahmedabad",23.0241,72.6111,17700,17500,Private,Single,Boys,1,1,1,1,0,1,0,1,Semi Furnished,3.8,257,Full,OWN0080
PG00914,Divine Retreat,Gujarat,Ahmedabad,Gota,"370, Marg, Gota, Ahmedabad",22.9725,72.6163,6400,6500,Dormitory,Dormitory,Girls,0,1,1,0,0,1,0,0,Fully Furnished,3.5,181,Full,OWN0024
PG00915,Vraj Villa,Gujarat,Ahmedabad,SG Highway,"30, Society, SG Highway, Ahmedabad",23.0042,72.6156,10100,10000,Private,Double,Boys,0,1,1,1,1,1,1,1,Fully Furnished,3.0,174,Available,OWN0007
PG00916,Vraj Comforts,Gujarat,Ahmedabad,Maninagar,"100, Complex, Maninagar, Ahmedabad",23.0255,72.6004,11900,12000,Shared,Double,Girls,0,1,1,0,0,0,0,1,Fully Furnished,3.5,213,Available,OWN0150
PG00917,Urban House,Gujarat,Ahmedabad,Vastrapur,"310, Society, Vastrapur, Ahmedabad",23.0071,72.6109,19700,29500,Private,Single,Coed,1,1,1,1,0,1,1,1,Fully Furnished,3.0,286,Available,OWN0146
PG00918,Nirvana Retreat,Gujarat,Ahmedabad,Vastrapur,"227, Lane, Vastrapur, Ahmedabad",23.0476,72.5623,12500,12500,Shared,Double,Boys,0,1,1,1,1,0,0,0,Fully Furnished,3.4,167,Available,OWN0046
PG00919,Elite Boys Hostel,Gujarat,Ahmedabad,Navrangpura,"381, Marg, Navrangpura, Ahmedabad",22.9867,72.5706,12000,18000,Shared,Double,Girls,1,1,1,1,0,1,1,1,Semi Furnished,3.4,355,Limited,OWN0174
PG00920,Vraj Palace,Gujarat,Ahmedabad,Gota,"275, Society, Gota, Ahmedabad",22.9861,72.5608,12400,25000,Shared,Double,Boys,1,1,1,1,1,0,1,1,Fully Furnished,3.2,6,Available,OWN0138
PG00921,Legacy Rooms,Gujarat,Ahmedabad,SG Highway,"186, Lane, SG Highway, Ahmedabad",22.9768,72.6093,8800,26500,Shared,Double,Coed,0,1,1,1,1,0,1,1,Semi Furnished,5.0,382,Available,OWN0004
PG00922,City Living,Gujarat,Ahmedabad,Ellisbridge,"332, Colony, Ellisbridge, Ahmedabad",23.0125,72.5272,14800,29500,Private,Double,Boys,1,0,1,0,0,1,1,1,Fully Furnished,3.0,115,Available,OWN0136
PG00923,Serene Heights,Gujarat,Ahmedabad,Gota,"400, Complex, Gota, Ahmedabad",23.0396,72.6132,11000,11000,Private,Double,Coed,0,1,1,1,1,1,1,1,Fully Furnished,4.3,350,Available,OWN0107
PG00924,Cozy Girls Hostel,Gujarat,Ahmedabad,Prahlad Nagar,"124, Chowk, Prahlad Nagar, Ahmedabad",23.0086,72.5202,10500,10500,Private,Double,Coed,0,1,1,1,1,1,1,0,Fully Furnished,3.2,76,Available,OWN0168
PG00925,New Living,Gujarat,Ahmedabad,Maninagar,"342, Park, Maninagar, Ahmedabad",23.0871,72.5437,8700,8500,Shared,Triple,Boys,0,0,1,0,1,0,1,1,Fully Furnished,3.6,156,Available,OWN0029
PG00926,Radha Girls Hostel,Gujarat,Ahmedabad,Nikol,"107, Park, Nikol, Ahmedabad",22.9892,72.5052,10500,16000,Private,Double,Boys,0,1,1,1,1,1,1,0,Fully Furnished,3.9,313,Full,OWN0059
PG00927,City Stay,Gujarat,Ahmedabad,Chandkheda,"354, Complex, Chandkheda, Ahmedabad",23.0597,72.5821,20700,20500,Private,Single,Girls,1,0,1,1,0,1,1,1,Fully Furnished,3.6,356,Available,OWN0025
PG00928,Legacy House,Gujarat,Ahmedabad,Vastrapur,"88, Society, Vastrapur, Ahmedabad",23.0244,72.5407,19600,39000,Private,Single,Boys,1,1,1,0,0,1,0,1,Fully Furnished,4.6,249,Full,OWN0149
PG00929,Ganesh Residency,Gujarat,Ahmedabad,Nikol,"162, Society, Nikol, Ahmedabad",23.0827,72.5203,11400,34000,Shared,Double,Boys,0,0,0,1,0,1,1,1,Unfurnished,3.0,113,Limited,OWN0176
PG00930,Shree Girls Hostel,Gujarat,Ahmedabad,Maninagar,"125, Complex, Maninagar, Ahmedabad",23.0915,72.5294,15200,15000,Private,Double,Coed,1,1,1,1,0,1,1,1,Fully Furnished,3.0,434,Full,OWN0135
PG00931,Metro Residency,Gujarat,Ahmedabad,Maninagar,"201, Marg, Maninagar, Ahmedabad",23.0894,72.5247,16700,16500,Private,Single,Girls,1,1,0,1,0,0,1,1,Unfurnished,4.6,128,Available,OWN0158
PG00932,Shree Comforts,Gujarat,Ahmedabad,Ambawadi,"297, Nagar, Ambawadi, Ahmedabad",23.0581,72.5078,11000,11000,Shared,Double,Boys,0,1,1,1,0,1,1,1,Unfurnished,3.1,440,Available,OWN0188
PG00933,Comfort Villa,Gujarat,Ahmedabad,Bodakdev,"75, Chowk, Bodakdev, Ahmedabad",23.0613,72.6263,11200,33500,Private,Double,Boys,0,0,1,0,1,0,0,0,Fully Furnished,4.8,59,Limited,OWN0047
PG00934,Star Boys Hostel,Gujarat,Ahmedabad,Maninagar,"20, Complex, Maninagar, Ahmedabad",23.05,72.5567,12100,36500,Shared,Triple,Boys,1,1,1,1,1,1,1,1,Fully Furnished,4.1,271,Limited,OWN0087
PG00935,Divine Girls Hostel,Gujarat,Ahmedabad,Nikol,"357, Road, Nikol, Ahmedabad",23.0032,72.6118,9700,9500,Shared,Double,Girls,0,1,0,1,0,0,1,1,Semi Furnished,3.7,265,Available,OWN0053
PG00936,Comfort Nivas,Gujarat,Ahmedabad,Bodakdev,"99, Park, Bodakdev, Ahmedabad",23.0159,72.5684,11900,18000,Private,Double,Girls,0,0,1,1,1,1,1,0,Fully Furnished,4.6,36,Available,OWN0063
PG00937,City Stay,Gujarat,Ahmedabad,Prahlad Nagar,"223, Chowk, Prahlad Nagar, Ahmedabad",22.9957,72.5034,13000,26000,Shared,Double,Girls,1,1,1,0,0,1,0,1,Fully Furnished,2.8,312,Available,OWN0106
PG00938,Metro Palace,Gujarat,Ahmedabad,Gota,"61, Marg, Gota, Ahmedabad",23.0121,72.5105,10600,16000,Private,Double,Boys,0,1,1,1,0,0,1,1,Fully Furnished,3.5,171,Full,OWN0176
PG00939,Comfort Residency,Gujarat,Ahmedabad,SG Highway,"261, Society, SG Highway, Ahmedabad",23.0065,72.5121,6300,19000,Dormitory,Dormitory,Girls,1,1,1,1,1,1,0,1,Unfurnished,4.4,226,Available,OWN0109
PG00940,Sunshine Rooms,Gujarat,Ahmedabad,Nikol,"292, Chowk, Nikol, Ahmedabad",22.9852,72.5766,13000,19500,Private,Double,Boys,1,0,1,1,0,0,0,1,Fully Furnished,3.4,198,Available,OWN0046
PG00941,City PG,Gujarat,Ahmedabad,Ambawadi,"139, Park, Ambawadi, Ahmedabad",22.9793,72.6142,14700,29500,Shared,Double,Coed,1,1,1,0,0,1,1,1,Fully Furnished,4.6,94,Available,OWN0187
PG00942,Sunshine Boys Hostel,Gujarat,Ahmedabad,Ambawadi,"318, Society, Ambawadi, Ahmedabad",23.0301,72.5495,15600,47000,Private,Single,Boys,0,1,1,0,0,0,0,0,Unfurnished,4.7,448,Available,OWN0146
PG00943,Nirvana Girls Hostel,Gujarat,Ahmedabad,Chandkheda,"146, Chowk, Chandkheda, Ahmedabad",22.9818,72.5855,10800,32500,Shared,Triple,Boys,1,1,1,1,1,0,0,1,Fully Furnished,3.3,145,Full,OWN0190
PG00944,Comfort Boys Hostel,Gujarat,Ahmedabad,Maninagar,"342, Park, Maninagar, Ahmedabad",23.0248,72.5621,10400,31000,Private,Double,Girls,0,1,1,0,1,0,0,1,Fully Furnished,4.8,46,Available,OWN0195
PG00945,Nirvana Comforts,Gujarat,Ahmedabad,Bodakdev,"367, Colony, Bodakdev, Ahmedabad",22.9669,72.5563,11000,16500,Shared,Triple,Girls,1,1,1,1,0,1,1,1,Fully Furnished,3.2,360,Available,OWN0095
PG00946,Zenith Girls Hostel,Gujarat,Ahmedabad,Nikol,"295, Marg, Nikol, Ahmedabad",22.9984,72.625,5000,10000,Dormitory,Dormitory,Boys,0,1,1,1,0,1,0,1,Fully Furnished,4.8,412,Available,OWN0019
PG00947,Blue Rooms,Gujarat,Ahmedabad,Ellisbridge,"170, Colony, Ellisbridge, Ahmedabad",22.9699,72.6357,7300,7500,Shared,Triple,Boys,0,0,1,0,0,1,1,1,Semi Furnished,4.2,394,Limited,OWN0133
PG00948,Vraj Stay,Gujarat,Surat,Pal,"389, Park, Pal, Surat",21.2205,72.8826,11300,17000,Shared,Double,Boys,1,1,1,1,1,0,1,1,Semi Furnished,2.8,155,Limited,OWN0129
PG00949,Elite Nivas,Gujarat,Surat,Katargam,"236, Chowk, Katargam, Surat",21.1736,72.8674,20200,60500,Private,Single,Boys,1,1,1,1,1,0,1,1,Fully Furnished,4.4,372,Available,OWN0027
PG00950,Serene Villa,Gujarat,Surat,Rander,"101, Lane, Rander, Surat",21.1521,72.8562,17900,53500,Private,Single,Girls,1,1,1,1,1,1,1,1,Semi Furnished,3.8,165,Limited,OWN0131
PG00951,Legacy Nivas,Gujarat,Surat,Udhna,"254, Road, Udhna, Surat",21.2099,72.8964,8600,8500,Shared,Triple,Girls,0,0,1,1,1,1,1,1,Semi Furnished,4.9,406,Available,OWN0100
PG00952,Sai Nivas,Gujarat,Surat,Nana Varachha,"145, Nagar, Nana Varachha, Surat",21.1373,72.7821,4200,4000,Dormitory,Dormitory,Girls,0,1,1,1,1,1,0,1,Semi Furnished,4.5,334,Limited,OWN0147
PG00953,City Residency,Gujarat,Surat,Athwa,"210, Chowk, Athwa, Surat",21.156,72.8627,14400,43000,Private,Double,Girls,1,1,0,1,0,1,1,1,Fully Furnished,3.7,21,Limited,OWN0172
PG00954,Cozy Residency,Gujarat,Surat,Adajan,"134, Colony, Adajan, Surat",21.1042,72.901,14100,42500,Shared,Double,Boys,1,1,0,1,0,1,1,1,Fully Furnished,4.6,46,Available,OWN0027
PG00955,Shree PG,Gujarat,Surat,Pal,"384, Colony, Pal, Surat",21.2105,72.7998,11500,34500,Private,Double,Girls,0,1,1,1,0,1,0,1,Fully Furnished,4.3,444,Limited,OWN0099
PG00956,Elite Home,Gujarat,Surat,Rander,"380, Chowk, Rander, Surat",21.1999,72.8127,12700,12500,Private,Double,Boys,0,1,1,1,0,1,1,1,Fully Furnished,3.5,434,Available,OWN0062
PG00957,Legacy Girls Hostel,Gujarat,Surat,Udhna,"90, Society, Udhna, Surat",21.1096,72.7688,17700,35500,Private,Single,Girls,1,1,1,0,1,1,1,1,Semi Furnished,3.8,447,Available,OWN0033
PG00958,Star Retreat,Gujarat,Surat,Adajan,"311, Road, Adajan, Surat",21.1397,72.7634,12400,37000,Shared,Double,Coed,1,1,1,0,0,1,0,1,Semi Furnished,3.9,53,Available,OWN0053
PG00959,Serene PG,Gujarat,Surat,Katargam,"5, Society, Katargam, Surat",21.1499,72.8134,11600,23000,Private,Double,Girls,0,1,1,1,0,1,1,1,Fully Furnished,4.7,418,Limited,OWN0148
PG00960,Vraj Palace,Gujarat,Surat,Rander,"88, Marg, Rander, Surat",21.2373,72.8073,12900,13000,Shared,Double,Boys,1,1,1,1,0,1,1,1,Semi Furnished,4.4,105,Full,OWN0017
PG00961,Cozy Boys Hostel,Gujarat,Surat,Athwa,"97, Road, Athwa, Surat",21.118,72.846,8400,8500,Shared,Triple,Coed,1,1,1,1,0,0,0,0,Semi Furnished,3.9,84,Available,OWN0050
PG00962,Serene Palace,Gujarat,Surat,Athwa,"152, Park, Athwa, Surat",21.1125,72.796,12000,12000,Private,Double,Boys,0,0,1,1,1,1,1,1,Fully Furnished,4.2,384,Available,OWN0158
PG00963,Vraj Retreat,Gujarat,Surat,Rander,"164, Colony, Rander, Surat",21.1571,72.8786,8900,13500,Private,Double,Boys,0,1,1,0,0,1,1,1,Unfurnished,2.9,162,Limited,OWN0159
PG00964,Happy Girls Hostel,Gujarat,Surat,Vesu,"54, Park, Vesu, Surat",21.2377,72.8144,10000,15000,Shared,Double,Boys,0,0,1,1,1,0,1,1,Fully Furnished,3.1,47,Limited,OWN0128
PG00965,Zenith Boys Hostel,Gujarat,Surat,Katargam,"88, Park, Katargam, Surat",21.2172,72.8407,18700,37500,Private,Single,Boys,1,1,1,0,1,1,1,1,Semi Furnished,3.9,394,Available,OWN0161
PG00966,Divine PG,Gujarat,Surat,Nana Varachha,"81, Society, Nana Varachha, Surat",21.1045,72.8955,9700,9500,Shared,Triple,Girls,0,0,1,1,0,1,1,1,Fully Furnished,3.5,267,Full,OWN0165
PG00967,Metro Villa,Gujarat,Surat,Adajan,"324, Marg, Adajan, Surat",21.1561,72.8739,18400,37000,Private,Single,Boys,0,1,1,0,0,0,1,0,Fully Furnished,2.9,301,Available,OWN0022
PG00968,Modern Retreat,Gujarat,Surat,Pal,"224, Park, Pal, Surat",21.235,72.7974,11000,16500,Private,Double,Boys,0,1,1,1,0,1,1,1,Fully Furnished,3.0,204,Limited,OWN0014
PG00969,Zenith Villa,Gujarat,Surat,Varachha,"71, Nagar, Varachha, Surat",21.2241,72.9,13800,20500,Shared,Double,Girls,1,1,1,1,0,0,1,1,Fully Furnished,3.5,394,Limited,OWN0066
PG00970,Nest Retreat,Gujarat,Surat,Rander,"374, Lane, Rander, Surat",21.1786,72.8942,7800,8000,Shared,Triple,Boys,0,1,1,1,1,1,1,1,Fully Furnished,4.9,214,Available,OWN0164
PG00971,Blue Retreat,Gujarat,Surat,Adajan,"374, Lane, Adajan, Surat",21.1179,72.8633,6100,9000,Shared,Triple,Coed,0,1,1,1,0,0,1,1,Semi Furnished,4.7,86,Available,OWN0043
PG00972,Happy Heights,Gujarat,Surat,Rander,"270, Lane, Rander, Surat",21.1218,72.8134,12300,18500,Private,Double,Girls,0,1,1,1,0,1,1,0,Fully Furnished,3.9,142,Limited,OWN0148
PG00973,Blue Nivas,Gujarat,Surat,Katargam,"172, Society, Katargam, Surat",21.1113,72.8111,13000,13000,Private,Double,Boys,1,0,1,1,0,0,1,1,Fully Furnished,4.4,154,Full,OWN0099
PG00974,Sunshine Girls Hostel,Gujarat,Surat,Pal,"228, Chowk, Pal, Surat",21.2067,72.8786,10400,31000,Shared,Triple,Girls,1,1,1,0,1,1,1,1,Fully Furnished,3.3,374,Available,OWN0013
PG00975,Star Inn,Gujarat,Surat,Udhna,"378, Marg, Udhna, Surat",21.2147,72.7696,19300,29000,Private,Single,Girls,1,0,1,1,1,0,1,1,Semi Furnished,3.5,344,Limited,OWN0123
PG00976,Sai Residency,Gujarat,Surat,Varachha,"291, Marg, Varachha, Surat",21.2075,72.8221,10300,15500,Shared,Double,Girls,0,0,1,0,1,1,1,0,Fully Furnished,3.6,274,Available,OWN0192
PG00977,Royal Inn,Gujarat,Surat,Nana Varachha,"168, Road, Nana Varachha, Surat",21.1384,72.8844,19700,29500,Private,Single,Coed,1,0,1,1,0,0,1,1,Fully Furnished,3.7,361,Full,OWN0077
PG00978,Nest Palace,Gujarat,Surat,Udhna,"55, Society, Udhna, Surat",21.1997,72.876,12600,19000,Private,Double,Girls,0,1,1,1,1,1,0,1,Fully Furnished,4.0,445,Available,OWN0128
PG00979,Shree Retreat,Gujarat,Surat,Nana Varachha,"282, Society, Nana Varachha, Surat",21.1127,72.7833,11200,22500,Private,Double,Boys,0,1,1,1,0,1,1,1,Fully Furnished,3.0,405,Full,OWN0179
PG00980,Royal Palace,Gujarat,Surat,Udhna,"234, Colony, Udhna, Surat",21.1527,72.7707,8200,16500,Shared,Triple,Boys,0,1,1,1,1,0,1,1,Semi Furnished,4.3,248,Available,OWN0114
PG00981,Krishna Boys Hostel,Gujarat,Surat,Varachha,"400, Chowk, Varachha, Surat",21.1817,72.7662,10700,32000,Private,Double,Boys,0,1,1,1,1,0,1,1,Fully Furnished,4.6,94,Full,OWN0186
PG00982,Blue Comforts,Gujarat,Surat,Adajan,"394, Nagar, Adajan, Surat",21.1684,72.8936,10600,16000,Shared,Triple,Coed,1,1,1,1,1,1,1,1,Fully Furnished,4.5,319,Full,OWN0062
PG00983,Serene Comforts,Gujarat,Surat,Pal,"356, Marg, Pal, Surat",21.1679,72.7853,7600,15000,Dormitory,Dormitory,Girls,0,1,1,1,0,0,1,1,Fully Furnished,3.8,322,Limited,OWN0039
PG00984,Cozy Villa,Gujarat,Surat,City Light,"275, Chowk, City Light, Surat",21.2355,72.81,12700,12500,Private,Double,Girls,0,0,1,1,0,1,1,0,Fully Furnished,4.5,215,Available,OWN0055
PG00985,Nirvana Living,Gujarat,Surat,Pal,"228, Nagar, Pal, Surat",21.1423,72.8262,13200,26500,Private,Double,Girls,1,0,1,1,0,0,0,0,Fully Furnished,4.1,26,Available,OWN0056
PG00986,Vraj Inn,Gujarat,Surat,Nana Varachha,"366, Park, Nana Varachha, Surat",21.1054,72.8257,14800,29500,Private,Double,Boys,1,1,1,1,1,1,0,0,Fully Furnished,4.1,255,Available,OWN0180
PG00987,Sunshine Retreat,Gujarat,Surat,Udhna,"161, Complex, Udhna, Surat",21.1559,72.8596,10200,15500,Private,Double,Girls,0,1,1,0,0,1,1,0,Semi Furnished,3.6,349,Limited,OWN0181
PG00988,Comfort Girls Hostel,Gujarat,Surat,Rander,"24, Colony, Rander, Surat",21.1083,72.779,14200,28500,Shared,Double,Boys,1,1,1,0,0,0,1,1,Semi Furnished,3.2,330,Available,OWN0158
PG00989,Sai Boys Hostel,Gujarat,Surat,City Light,"345, Lane, City Light, Surat",21.1441,72.8608,6700,20000,Shared,Triple,Girls,0,1,1,1,1,0,0,0,Fully Furnished,4.3,121,Limited,OWN0199
PG00990,Sai Inn,Gujarat,Surat,Pal,"288, Society, Pal, Surat",21.1548,72.7646,11500,34500,Private,Double,Boys,0,1,0,1,0,1,0,1,Semi Furnished,3.7,303,Available,OWN0033
PG00991,Elite PG,Gujarat,Surat,Pal,"86, Complex, Pal, Surat",21.1371,72.8532,17900,36000,Private,Single,Girls,1,1,1,1,0,0,0,0,Semi Furnished,3.8,140,Limited,OWN0070
PG00992,Krishna PG,Gujarat,Surat,Varachha,"93, Chowk, Varachha, Surat",21.1963,72.8055,20900,42000,Private,Single,Boys,1,0,1,0,0,1,1,0,Fully Furnished,3.1,110,Available,OWN0166
PG00993,Legacy Heights,Gujarat,Surat,Pal,"354, Lane, Pal, Surat",21.1624,72.8943,11300,17000,Private,Double,Girls,0,0,0,0,1,0,1,0,Fully Furnished,3.3,141,Full,OWN0025
PG00994,Sunshine House,Gujarat,Surat,Vesu,"87, Marg, Vesu, Surat",21.1292,72.8156,13900,41500,Private,Double,Coed,1,1,0,1,0,0,0,1,Fully Furnished,3.6,384,Limited,OWN0001
PG00995,Sai Nivas,Gujarat,Surat,Nana Varachha,"353, Complex, Nana Varachha, Surat",21.1893,72.7871,20400,30500,Private,Single,Boys,1,0,1,1,1,1,0,1,Fully Furnished,3.7,157,Limited,OWN0103
PG00996,Comfort Girls Hostel,Gujarat,Surat,Athwa,"240, Road, Athwa, Surat",21.1155,72.8469,11100,11000,Private,Double,Girls,0,1,1,1,0,0,1,0,Semi Furnished,3.3,71,Available,OWN0170
PG00997,Metro House,Gujarat,Surat,Vesu,"350, Nagar, Vesu, Surat",21.1175,72.7708,10400,31000,Shared,Double,Boys,0,1,1,0,0,1,0,0,Fully Furnished,4.4,404,Full,OWN0044
PG00998,Nirvana Home,Gujarat,Surat,Varachha,"72, Society, Varachha, Surat",21.116,72.8411,4900,10000,Dormitory,Dormitory,Boys,0,1,1,1,1,0,1,1,Unfurnished,3.2,434,Limited,OWN0022
PG00999,Sai Inn,Gujarat,Surat,Adajan,"230, Lane, Adajan, Surat",21.2242,72.8068,13200,20000,Private,Double,Boys,1,1,1,1,1,0,0,1,Unfurnished,4.8,130,Available,OWN0147
PG01000,Krishna Nivas,Gujarat,Surat,Katargam,"290, Nagar, Katargam, Surat",21.2306,72.8085,5800,11500,Shared,Triple,Boys,0,1,1,1,1,1,1,1,Semi Furnished,4.8,362,Available,OWN0085
PG01001,Radha Comforts,Gujarat,Surat,Vesu,"277, Lane, Vesu, Surat",21.2067,72.8495,13400,20000,Shared,Double,Boys,1,1,1,1,0,1,0,1,Fully Furnished,3.5,340,Limited,OWN0151
PG01002,Urban Stay,Gujarat,Surat,Nana Varachha,"41, Colony, Nana Varachha, Surat",21.2066,72.7673,12200,24500,Private,Double,Girls,0,0,1,1,0,1,0,0,Fully Furnished,4.0,278,Full,OWN0151
PG01003,Metro House,Gujarat,Surat,Athwa,"372, Lane, Athwa, Surat",21.2183,72.8369,6600,20000,Dormitory,Dormitory,Boys,0,0,1,1,0,0,0,1,Semi Furnished,3.7,65,Available,OWN0014
PG01004,Nest Nivas,Gujarat,Surat,Nana Varachha,"201, Road, Nana Varachha, Surat",21.2236,72.8118,7400,11000,Shared,Triple,Boys,0,1,1,1,1,1,1,1,Unfurnished,4.1,316,Available,OWN0176
PG01005,Modern Inn,Gujarat,Surat,Varachha,"380, Park, Varachha, Surat",21.1018,72.8218,10100,30500,Shared,Double,Coed,0,0,1,1,1,1,1,1,Semi Furnished,4.8,229,Available,OWN0120
PG01006,New PG,Gujarat,Surat,Adajan,"292, Park, Adajan, Surat",21.1204,72.7923,11600,17500,Shared,Double,Coed,0,0,1,0,1,1,1,1,Fully Furnished,3.2,411,Available,OWN0139
PG01007,Sunshine Living,Gujarat,Surat,Pal,"104, Society, Pal, Surat",21.1327,72.8569,14300,28500,Shared,Double,Girls,1,1,1,1,1,1,0,1,Semi Furnished,4.4,353,Full,OWN0103
PG01008,Krishna Villa,Gujarat,Surat,Udhna,"98, Chowk, Udhna, Surat",21.1615,72.8843,20400,41000,Private,Single,Girls,1,1,1,1,1,0,0,1,Fully Furnished,3.4,250,Limited,OWN0088
PG01009,Royal Heights,Gujarat,Surat,City Light,"297, Marg, City Light, Surat",21.2099,72.7969,11400,34000,Private,Double,Coed,0,1,1,1,0,1,1,1,Fully Furnished,4.0,331,Full,OWN0140
PG01010,Happy Rooms,Gujarat,Surat,Varachha,"22, Lane, Varachha, Surat",21.2013,72.8942,17100,25500,Private,Single,Coed,0,1,0,1,0,1,1,1,Fully Furnished,4.0,246,Available,OWN0199
PG01011,Sunshine Nivas,Gujarat,Surat,Nana Varachha,"104, Complex, Nana Varachha, Surat",21.1354,72.7832,12900,13000,Private,Double,Girls,1,0,1,1,1,1,1,1,Semi Furnished,3.8,14,Available,OWN0180
PG01012,Sunshine Nivas,Gujarat,Surat,Adajan,"160, Chowk, Adajan, Surat",21.1961,72.7821,18000,18000,Private,Single,Girls,1,1,1,1,1,0,1,1,Fully Furnished,2.9,142,Available,OWN0034
PG01013,Shree Home,Gujarat,Surat,Nana Varachha,"400, Complex, Nana Varachha, Surat",21.15,72.8179,10300,15500,Shared,Triple,Boys,1,1,0,1,0,0,1,1,Unfurnished,2.8,195,Available,OWN0127
PG01014,Golden PG,Gujarat,Surat,Piplod,"204, Marg, Piplod, Surat",21.1992,72.7626,18700,56000,Private,Single,Coed,1,0,1,1,0,1,0,1,Semi Furnished,2.8,191,Available,OWN0028
PG01015,Sai Nivas,Gujarat,Surat,Udhna,"312, Colony, Udhna, Surat",21.1939,72.765,17500,35000,Private,Single,Girls,1,0,1,1,1,1,0,0,Fully Furnished,4.1,440,Available,OWN0123
PG01016,Shree Rooms,Gujarat,Surat,Udhna,"304, Complex, Udhna, Surat",21.1483,72.8962,6600,20000,Shared,Triple,Coed,0,1,1,0,0,1,1,0,Unfurnished,3.5,444,Available,OWN0080
PG01017,Vraj House,Gujarat,Surat,Piplod,"122, Park, Piplod, Surat",21.1224,72.7793,14800,44500,Shared,Double,Girls,1,1,0,0,0,0,1,0,Fully Furnished,3.2,389,Available,OWN0049
PG01018,Vraj PG,Gujarat,Surat,Pal,"323, Chowk, Pal, Surat",21.2206,72.8483,7800,11500,Shared,Triple,Boys,0,1,1,1,0,0,1,0,Semi Furnished,4.1,297,Available,OWN0058
PG01019,Legacy Home,Gujarat,Surat,Athwa,"329, Road, Athwa, Surat",21.1178,72.827,9900,15000,Shared,Double,Girls,0,1,1,1,0,1,1,1,Semi Furnished,3.1,138,Available,OWN0009
PG01020,Sai Stay,Gujarat,Surat,City Light,"28, Complex, City Light, Surat",21.2007,72.7987,8900,18000,Shared,Double,Coed,0,1,1,0,1,1,0,1,Unfurnished,3.7,408,Available,OWN0003
PG01021,Serene Comforts,Gujarat,Surat,Pal,"65, Lane, Pal, Surat",21.1306,72.8073,11200,33500,Shared,Triple,Girls,1,1,1,1,0,0,0,1,Semi Furnished,4.5,413,Full,OWN0091
PG01022,Cozy Home,Gujarat,Surat,City Light,"87, Society, City Light, Surat",21.1606,72.8889,10100,30500,Shared,Triple,Girls,1,1,1,1,0,1,1,0,Fully Furnished,3.7,447,Limited,OWN0080
PG01023,Elite House,Gujarat,Surat,Athwa,"258, Colony, Athwa, Surat",21.1351,72.8644,13500,27000,Private,Double,Girls,1,0,1,1,0,1,1,1,Fully Furnished,4.6,142,Full,OWN0058
PG01024,Star Living,Gujarat,Surat,Udhna,"119, Park, Udhna, Surat",21.1824,72.7999,10300,10500,Shared,Double,Girls,0,1,1,1,1,1,0,0,Fully Furnished,4.9,124,Available,OWN0064
PG01025,Blue PG,Gujarat,Surat,Pal,"26, Society, Pal, Surat",21.2382,72.8203,15200,15000,Private,Single,Boys,0,0,1,1,1,0,1,1,Fully Furnished,3.7,69,Available,OWN0034
PG01026,Royal Home,Gujarat,Surat,Katargam,"250, Complex, Katargam, Surat",21.1514,72.811,7700,15500,Shared,Triple,Boys,0,0,1,1,1,1,1,1,Fully Furnished,3.0,308,Limited,OWN0096
PG01027,Cozy Palace,Gujarat,Surat,Katargam,"68, Chowk, Katargam, Surat",21.1328,72.8732,14400,29000,Private,Double,Girls,1,1,1,0,0,1,1,1,Fully Furnished,4.8,40,Limited,OWN0121
PG01028,Shree Nivas,Gujarat,Surat,Vesu,"388, Chowk, Vesu, Surat",21.1503,72.894,8500,8500,Shared,Triple,Girls,1,0,1,1,1,1,0,1,Semi Furnished,4.3,279,Limited,OWN0184
PG01029,Golden Retreat,Gujarat,Surat,Varachha,"68, Nagar, Varachha, Surat",21.2226,72.7612,17800,26500,Private,Single,Boys,1,1,1,1,0,1,0,1,Fully Furnished,4.3,359,Full,OWN0007
PG01030,Divine Residency,Gujarat,Surat,Rander,"56, Nagar, Rander, Surat",21.1112,72.8009,11600,11500,Shared,Double,Coed,0,1,1,1,0,1,1,1,Semi Furnished,3.6,129,Available,OWN0030
PG01031,Modern Nivas,Gujarat,Surat,Varachha,"363, Marg, Varachha, Surat",21.2029,72.7735,6800,10000,Shared,Triple,Coed,0,1,1,1,0,1,1,1,Semi Furnished,4.0,11,Available,OWN0040
PG01032,Sunshine Home,Gujarat,Surat,Nana Varachha,"371, Marg, Nana Varachha, Surat",21.1159,72.8547,9200,27500,Shared,Triple,Boys,1,1,1,1,0,0,0,1,Fully Furnished,4.1,271,Limited,OWN0150
PG01033,Nest Inn,Gujarat,Surat,Pal,"53, Road, Pal, Surat",21.1487,72.8009,11000,33000,Shared,Triple,Girls,1,1,1,1,0,1,0,1,Fully Furnished,4.8,48,Available,OWN0091
PG01034,Divine Inn,Gujarat,Surat,Varachha,"343, Chowk, Varachha, Surat",21.2151,72.7901,16200,24500,Private,Single,Girls,0,1,1,0,1,1,1,0,Fully Furnished,3.3,245,Limited,OWN0124
PG01035,Happy PG,Gujarat,Surat,City Light,"51, Park, City Light, Surat",21.1695,72.8391,20400,41000,Private,Single,Girls,1,1,1,1,0,1,0,1,Fully Furnished,3.5,341,Available,OWN0088
PG01036,Nest Residency,Gujarat,Surat,Athwa,"260, Nagar, Athwa, Surat",21.1934,72.8432,11200,17000,Shared,Double,Girls,0,1,1,1,1,1,1,1,Semi Furnished,4.0,400,Limited,OWN0008
PG01037,Nest Palace,Gujarat,Surat,Adajan,"150, Lane, Adajan, Surat",21.144,72.8472,10900,32500,Shared,Double,Coed,0,0,1,1,0,0,1,0,Fully Furnished,4.3,188,Available,OWN0156
PG01038,Sunshine Villa,Gujarat,Surat,Varachha,"173, Society, Varachha, Surat",21.1635,72.8069,16600,16500,Private,Single,Boys,1,1,0,1,1,0,1,0,Unfurnished,4.3,270,Available,OWN0012
PG01039,Royal Rooms,Gujarat,Surat,Athwa,"396, Marg, Athwa, Surat",21.2238,72.7628,8600,26000,Private,Double,Girls,0,0,1,1,1,1,1,1,Semi Furnished,4.6,218,Available,OWN0036
PG01040,Radha Retreat,Gujarat,Surat,Nana Varachha,"283, Road, Nana Varachha, Surat",21.1426,72.7828,12800,13000,Private,Double,Girls,1,1,1,1,1,0,1,1,Fully Furnished,4.6,61,Full,OWN0009
PG01041,Radha Boys Hostel,Gujarat,Surat,Piplod,"324, Complex, Piplod, Surat",21.229,72.8714,9900,15000,Shared,Double,Girls,0,1,1,1,0,1,1,0,Fully Furnished,4.4,438,Full,OWN0169
PG01042,Comfort Villa,Gujarat,Surat,Pal,"156, Colony, Pal, Surat",21.1575,72.8384,8400,8500,Shared,Triple,Boys,1,1,1,1,1,1,0,0,Semi Furnished,4.9,180,Full,OWN0179
PG01043,Sunshine Retreat,Gujarat,Surat,City Light,"326, Complex, City Light, Surat",21.1625,72.8433,10300,15500,Private,Double,Girls,0,1,1,1,1,0,1,1,Semi Furnished,3.0,106,Available,OWN0091
PG01044,Silver Retreat,Gujarat,Surat,Varachha,"243, Society, Varachha, Surat",21.2327,72.7824,11700,35000,Private,Double,Girls,0,1,1,1,0,0,1,1,Semi Furnished,2.8,122,Available,OWN0028
PG01045,Radha Living,Gujarat,Surat,City Light,"46, Society, City Light, Surat",21.2144,72.8177,20800,31000,Private,Single,Girls,1,1,1,1,1,1,1,1,Fully Furnished,3.0,433,Available,OWN0007
PG01046,Comfort Boys Hostel,Gujarat,Surat,Rander,"330, Chowk, Rander, Surat",21.1415,72.8713,19700,39500,Private,Single,Boys,1,1,1,1,0,1,1,0,Fully Furnished,3.9,269,Available,OWN0004
PG01047,Golden Boys Hostel,Gujarat,Surat,Pal,"55, Nagar, Pal, Surat",21.2386,72.8901,10900,11000,Shared,Triple,Boys,1,1,0,0,0,1,0,1,Semi Furnished,3.8,57,Available,OWN0019
PG01048,Royal Girls Hostel,Gujarat,Surat,Nana Varachha,"27, Nagar, Nana Varachha, Surat",21.1391,72.7644,7100,21500,Dormitory,Dormitory,Boys,1,0,1,1,0,1,1,1,Semi Furnished,5.0,180,Available,OWN0042
PG01049,Nest Heights,Gujarat,Surat,City Light,"246, Nagar, City Light, Surat",21.2148,72.8629,15400,46000,Private,Single,Coed,0,1,1,1,1,0,0,1,Fully Furnished,4.2,238,Available,OWN0117
PG01050,Nest Living,Gujarat,Surat,City Light,"391, Park, City Light, Surat",21.1974,72.7828,14000,42000,Shared,Double,Coed,1,0,1,1,0,0,0,1,Semi Furnished,4.0,344,Available,OWN0180
PG01051,Golden Comforts,Gujarat,Surat,Vesu,"296, Lane, Vesu, Surat",21.2109,72.8863,11500,34500,Shared,Triple,Girls,1,1,1,1,0,1,1,1,Fully Furnished,3.1,17,Available,OWN0151
PG01052,Comfort PG,Gujarat,Surat,Rander,"190, Road, Rander, Surat",21.1552,72.8172,7000,7000,Shared,Triple,Boys,0,1,1,1,0,0,1,1,Fully Furnished,4.4,207,Available,OWN0192
PG01053,Elite Inn,Gujarat,Surat,Udhna,"165, Society, Udhna, Surat",21.1848,72.8804,20400,61000,Private,Single,Girls,1,0,1,1,0,0,1,1,Fully Furnished,3.0,41,Limited,OWN0118
PG01054,Legacy Comforts,Gujarat,Surat,City Light,"130, Marg, City Light, Surat",21.1117,72.8938,11900,35500,Shared,Double,Boys,0,1,1,1,0,0,1,1,Fully Furnished,3.9,105,Limited,OWN0056
PG01055,Divine Comforts,Gujarat,Surat,Vesu,"341, Road, Vesu, Surat",21.1743,72.8302,10200,15500,Shared,Triple,Coed,1,0,0,0,0,0,1,1,Unfurnished,4.7,15,Available,OWN0193
PG01056,Modern Boys Hostel,Gujarat,Surat,Vesu,"148, Complex, Vesu, Surat",21.1675,72.7699,13100,39500,Shared,Double,Girls,1,1,1,1,0,1,1,1,Semi Furnished,4.7,227,Available,OWN0063
PG01057,Golden Palace,Gujarat,Surat,Piplod,"366, Lane, Piplod, Surat",21.1924,72.898,18500,28000,Private,Single,Coed,1,1,1,1,1,0,1,1,Semi Furnished,4.9,165,Available,OWN0158
PG01058,New Comforts,Gujarat,Surat,Varachha,"133, Road, Varachha, Surat",21.1959,72.8001,4300,4500,Dormitory,Dormitory,Girls,0,1,1,1,0,0,0,1,Semi Furnished,3.7,17,Limited,OWN0134
PG01059,Shree Nivas,Gujarat,Surat,Adajan,"246, Complex, Adajan, Surat",21.2179,72.8055,15500,31000,Private,Single,Girls,0,1,1,1,0,0,1,1,Fully Furnished,4.9,125,Available,OWN0030
PG01060,Sunshine Boys Hostel,Gujarat,Surat,Varachha,"203, Nagar, Varachha, Surat",21.1305,72.7877,13300,20000,Shared,Double,Girls,1,1,1,1,0,1,0,1,Unfurnished,4.1,188,Full,OWN0149
PG01061,New Inn,Gujarat,Surat,Katargam,"35, Society, Katargam, Surat",21.1359,72.8243,9600,29000,Shared,Double,Boys,0,0,0,1,1,1,1,1,Unfurnished,3.0,87,Available,OWN0143
PG01062,City Rooms,Gujarat,Surat,Athwa,"106, Lane, Athwa, Surat",21.1045,72.7631,15400,23000,Private,Double,Coed,1,0,1,1,1,1,1,1,Fully Furnished,4.6,25,Full,OWN0175
PG01063,Modern PG,Gujarat,Surat,Rander,"43, Society, Rander, Surat",21.1893,72.7932,13600,13500,Private,Double,Girls,1,1,1,1,1,0,0,1,Fully Furnished,3.8,371,Available,OWN0157
PG01064,New PG,Gujarat,Surat,Varachha,"323, Park, Varachha, Surat",21.1459,72.7831,10500,16000,Shared,Triple,Boys,1,0,1,1,1,1,1,1,Semi Furnished,3.7,93,Available,OWN0013
PG01065,Star Girls Hostel,Gujarat,Surat,Adajan,"6, Colony, Adajan, Surat",21.119,72.7948,17400,26000,Private,Single,Boys,0,1,1,0,0,1,1,0,Semi Furnished,4.7,291,Available,OWN0156
PG01066,Cozy Girls Hostel,Gujarat,Surat,Vesu,"364, Park, Vesu, Surat",21.1312,72.8202,6600,6500,Shared,Triple,Girls,0,1,1,1,1,1,1,0,Fully Furnished,3.8,140,Available,OWN0002
PG01067,Urban Living,Gujarat,Surat,Adajan,"149, Chowk, Adajan, Surat",21.1775,72.7751,14900,44500,Shared,Double,Girls,1,1,1,1,0,1,1,1,Fully Furnished,4.2,366,Available,OWN0188
PG01068,Royal Retreat,Gujarat,Surat,City Light,"84, Chowk, City Light, Surat",21.1523,72.8588,10400,10500,Shared,Double,Girls,0,0,1,0,1,1,1,1,Fully Furnished,4.9,440,Limited,OWN0128
PG01069,Sunshine Retreat,Gujarat,Surat,Varachha,"383, Lane, Varachha, Surat",21.1836,72.7676,15100,15000,Private,Single,Coed,0,0,1,1,0,1,0,1,Fully Furnished,5.0,146,Available,OWN0005
PG01070,Happy Comforts,Gujarat,Surat,City Light,"184, Marg, City Light, Surat",21.2249,72.8321,9000,18000,Shared,Triple,Boys,0,1,0,0,0,1,1,0,Fully Furnished,4.3,191,Available,OWN0047
PG01071,Shree Inn,Gujarat,Surat,Adajan,"289, Park, Adajan, Surat",21.1622,72.8234,15100,30000,Shared,Double,Boys,1,1,1,1,1,1,1,1,Fully Furnished,4.5,354,Available,OWN0100
PG01072,Legacy Inn,Gujarat,Surat,Adajan,"272, Colony, Adajan, Surat",21.2278,72.7666,7500,22500,Shared,Triple,Girls,0,1,1,1,0,1,1,1,Fully Furnished,4.3,41,Available,OWN0130
PG01073,Nest Stay,Gujarat,Surat,Pal,"4, Colony, Pal, Surat",21.1395,72.8875,10900,11000,Shared,Double,Girls,0,0,1,0,0,1,1,0,Fully Furnished,4.8,443,Limited,OWN0055
PG01074,Urban Nivas,Gujarat,Surat,Rander,"384, Marg, Rander, Surat",21.2237,72.8558,11900,35500,Shared,Double,Girls,0,0,1,1,1,0,1,1,Semi Furnished,3.7,129,Available,OWN0146
PG01075,Zenith Home,Gujarat,Surat,Adajan,"241, Lane, Adajan, Surat",21.1697,72.8009,12200,18500,Shared,Triple,Girls,1,1,1,1,0,1,0,1,Fully Furnished,4.4,74,Available,OWN0198
PG01076,Vraj Stay,Gujarat,Surat,Katargam,"153, Colony, Katargam, Surat",21.2164,72.9002,11500,11500,Private,Double,Boys,0,1,1,1,0,0,1,0,Semi Furnished,3.8,315,Limited,OWN0147
PG01077,Krishna Retreat,Gujarat,Surat,Varachha,"231, Marg, Varachha, Surat",21.2061,72.8902,5700,17000,Shared,Triple,Girls,0,1,1,1,0,0,0,1,Unfurnished,4.2,55,Limited,OWN0120
PG01078,Radha Heights,Gujarat,Surat,Nana Varachha,"352, Lane, Nana Varachha, Surat",21.1445,72.7647,11100,22000,Shared,Triple,Girls,1,1,1,1,0,1,1,0,Fully Furnished,3.1,288,Available,OWN0197
PG01079,City Rooms,Gujarat,Surat,Adajan,"115, Complex, Adajan, Surat",21.2073,72.8958,9100,9000,Dormitory,Dormitory,Girls,1,1,1,1,0,1,1,1,Fully Furnished,3.2,70,Available,OWN0124
PG01080,Serene Living,Gujarat,Surat,Nana Varachha,"218, Chowk, Nana Varachha, Surat",21.2243,72.843,7600,15000,Shared,Triple,Boys,0,0,1,0,1,1,1,1,Fully Furnished,4.0,414,Available,OWN0101
PG01081,New Rooms,Gujarat,Surat,Vesu,"56, Marg, Vesu, Surat",21.1791,72.8909,12900,19500,Shared,Double,Girls,0,0,1,1,0,1,0,1,Fully Furnished,4.2,328,Available,OWN0099
PG01082,Vraj Girls Hostel,Gujarat,Surat,Athwa,"286, Chowk, Athwa, Surat",21.135,72.7617,10600,21000,Private,Double,Boys,0,1,1,0,1,1,1,1,Semi Furnished,4.8,115,Available,OWN0036
PG01083,Sai PG,Gujarat,Surat,Nana Varachha,"296, Nagar, Nana Varachha, Surat",21.137,72.8764,14600,22000,Private,Single,Girls,0,1,1,1,0,1,0,0,Semi Furnished,3.1,293,Available,OWN0087
PG01084,Happy Boys Hostel,Gujarat,Surat,Pal,"54, Colony, Pal, Surat",21.2085,72.7663,8000,24000,Shared,Triple,Boys,0,0,1,1,1,1,1,1,Fully Furnished,4.8,63,Available,OWN0187
PG01085,Legacy PG,Gujarat,Surat,Vesu,"352, Lane, Vesu, Surat",21.2059,72.8756,15200,15000,Shared,Double,Girls,1,0,1,1,1,0,1,1,Fully Furnished,4.7,291,Available,OWN0038
PG01086,Golden House,Gujarat,Surat,Rander,"228, Road, Rander, Surat",21.1257,72.8702,11400,11500,Private,Double,Girls,0,0,1,0,0,1,1,1,Semi Furnished,4.9,90,Available,OWN0148
PG01087,Divine Living,Gujarat,Surat,Rander,"133, Park, Rander, Surat",21.1987,72.8123,12500,25000,Shared,Double,Girls,1,1,1,1,0,1,1,0,Fully Furnished,4.8,180,Available,OWN0119
PG01088,Ganesh House,Gujarat,Surat,City Light,"356, Road, City Light, Surat",21.1659,72.8377,11700,35000,Shared,Double,Girls,0,1,1,1,0,0,1,1,Fully Furnished,4.9,83,Available,OWN0040
PG01089,Modern Residency,Gujarat,Surat,Varachha,"307, Society, Varachha, Surat",21.172,72.8995,10900,32500,Shared,Double,Girls,0,1,1,1,1,1,1,0,Fully Furnished,4.0,10,Limited,OWN0020
PG01090,Radha Boys Hostel,Gujarat,Surat,Pal,"157, Colony, Pal, Surat",21.2359,72.8419,18400,37000,Private,Single,Boys,1,1,1,1,0,1,1,1,Unfurnished,3.0,209,Limited,OWN0022
PG01091,Comfort Palace,Gujarat,Surat,Udhna,"316, Marg, Udhna, Surat",21.1955,72.839,14300,14500,Shared,Double,Coed,1,1,1,1,0,0,1,1,Fully Furnished,3.8,151,Available,OWN0058
PG01092,Sai Inn,Gujarat,Surat,City Light,"375, Colony, City Light, Surat",21.1838,72.8245,10200,20500,Private,Double,Boys,0,1,1,1,0,0,1,1,Semi Furnished,2.9,95,Available,OWN0013
PG01093,Krishna Living,Gujarat,Surat,Piplod,"290, Colony, Piplod, Surat",21.1231,72.8679,14400,29000,Shared,Double,Boys,1,1,1,0,1,0,1,1,Fully Furnished,4.2,449,Available,OWN0083
PG01094,Cozy House,Gujarat,Surat,Udhna,"384, Road, Udhna, Surat",21.1358,72.8675,10000,10000,Private,Double,Girls,0,0,1,1,1,1,1,1,Semi Furnished,4.9,407,Limited,OWN0094
PG01095,Star Stay,Gujarat,Surat,Vesu,"235, Lane, Vesu, Surat",21.2218,72.8716,7700,7500,Shared,Triple,Girls,0,1,1,1,0,0,0,1,Fully Furnished,4.6,239,Available,OWN0169
PG01096,Nirvana Inn,Gujarat,Surat,Adajan,"267, Road, Adajan, Surat",21.1864,72.8158,7400,15000,Shared,Triple,Boys,0,1,1,0,1,1,1,1,Fully Furnished,2.9,321,Available,OWN0112
PG01097,Sunshine Comforts,Gujarat,Surat,City Light,"192, Lane, City Light, Surat",21.1446,72.8975,13500,27000,Shared,Double,Boys,1,1,1,1,1,0,1,1,Fully Furnished,4.1,424,Available,OWN0063
PG01098,Blue Girls Hostel,Gujarat,Surat,Katargam,"61, Marg, Katargam, Surat",21.1934,72.7684,12900,38500,Shared,Double,Girls,0,0,1,0,0,1,0,1,Fully Furnished,4.3,73,Available,OWN0085
PG01099,Legacy Rooms,Gujarat,Surat,Athwa,"295, Marg, Athwa, Surat",21.222,72.8909,8600,26000,Dormitory,Dormitory,Girls,1,1,0,0,0,1,0,1,Fully Furnished,2.8,94,Available,OWN0117
PG01100,Om Comforts,Gujarat,Surat,Vesu,"350, Colony, Vesu, Surat",21.2383,72.8842,13900,41500,Private,Double,Boys,1,1,1,1,0,0,0,1,Semi Furnished,4.1,282,Available,OWN0121
PG01101,Vraj Comforts,Gujarat,Surat,Katargam,"169, Marg, Katargam, Surat",21.1363,72.8244,16500,33000,Private,Single,Boys,1,0,0,1,0,0,0,1,Semi Furnished,4.9,227,Available,OWN0117
PG01102,Urban Palace,Gujarat,Surat,Katargam,"358, Lane, Katargam, Surat",21.1354,72.8865,12700,12500,Shared,Double,Boys,0,0,1,0,0,1,0,1,Fully Furnished,5.0,214,Available,OWN0103
PG01103,Metro Villa,Gujarat,Surat,Piplod,"360, Lane, Piplod, Surat",21.2217,72.7698,6700,13500,Dormitory,Dormitory,Girls,0,1,1,1,1,1,1,1,Fully Furnished,3.3,32,Available,OWN0113
PG01104,Sunshine Nivas,Gujarat,Surat,Pal,"35, Marg, Pal, Surat",21.1581,72.8519,12700,38000,Private,Double,Coed,1,1,1,0,1,1,1,1,Fully Furnished,4.0,413,Available,OWN0102
PG01105,Serene Retreat,Gujarat,Surat,Varachha,"357, Road, Varachha, Surat",21.1487,72.8817,12500,19000,Private,Double,Boys,1,1,1,1,0,1,0,1,Fully Furnished,4.8,272,Limited,OWN0098
PG01106,Nest Residency,Gujarat,Surat,Varachha,"162, Road, Varachha, Surat",21.1548,72.8902,7300,11000,Shared,Triple,Boys,0,1,1,1,1,0,1,1,Fully Furnished,4.6,281,Available,OWN0118
PG01107,Nirvana Rooms,Gujarat,Surat,Vesu,"108, Society, Vesu, Surat",21.2287,72.7902,9700,29000,Private,Double,Girls,0,1,1,0,0,1,1,1,Semi Furnished,3.1,241,Limited,OWN0008
PG01108,Elite Home,Gujarat,Surat,City Light,"259, Colony, City Light, Surat",21.163,72.7928,18200,36500,Private,Single,Coed,1,1,1,0,1,0,0,1,Unfurnished,3.9,180,Full,OWN0045
PG01109,Zenith Villa,Gujarat,Surat,City Light,"232, Colony, City Light, Surat",21.1904,72.8685,11400,34000,Private,Double,Boys,0,0,1,1,1,1,0,1,Fully Furnished,4.8,16,Available,OWN0042
PG01110,Divine Villa,Gujarat,Surat,Athwa,"170, Chowk, Athwa, Surat",21.1475,72.8883,8700,26000,Shared,Double,Coed,0,0,0,1,1,1,1,1,Semi Furnished,4.2,447,Available,OWN0166
PG01111,Golden Boys Hostel,Gujarat,Surat,Nana Varachha,"176, Park, Nana Varachha, Surat",21.1854,72.8027,3600,7000,Dormitory,Dormitory,Girls,0,1,1,1,1,1,1,0,Unfurnished,3.6,243,Full,OWN0113
PG01112,Happy Girls Hostel,Gujarat,Surat,Adajan,"83, Lane, Adajan, Surat",21.195,72.7977,12500,19000,Private,Double,Coed,0,1,1,1,0,1,1,0,Fully Furnished,4.1,19,Limited,OWN0062
PG01113,Om Palace,Gujarat,Surat,Rander,"389, Park, Rander, Surat",21.1203,72.7924,17800,35500,Private,Single,Boys,0,0,1,1,1,1,0,1,Fully Furnished,3.7,15,Available,OWN0168
PG01114,Om Rooms,Gujarat,Surat,Nana Varachha,"262, Colony, Nana Varachha, Surat",21.1101,72.8057,13300,26500,Private,Double,Girls,1,1,1,0,1,1,1,1,Fully Furnished,3.5,337,Available,OWN0162
PG01115,Elite Palace,Gujarat,Surat,Varachha,"227, Complex, Varachha, Surat",21.1423,72.8121,8300,12500,Shared,Triple,Coed,0,1,0,1,1,0,0,1,Unfurnished,4.5,43,Available,OWN0081
PG01116,Cozy Palace,Gujarat,Surat,Vesu,"313, Society, Vesu, Surat",21.1132,72.8776,12700,19000,Private,Double,Girls,1,1,1,0,0,1,1,1,Fully Furnished,3.5,34,Available,OWN0187
PG01117,Urban Stay,Gujarat,Surat,Katargam,"89, Complex, Katargam, Surat",21.2102,72.8644,12300,12500,Private,Double,Boys,0,1,0,1,1,0,0,1,Fully Furnished,4.6,24,Available,OWN0169
PG01118,Krishna Nivas,Gujarat,Surat,Piplod,"293, Chowk, Piplod, Surat",21.1818,72.7697,14300,14500,Private,Double,Girls,1,1,0,1,1,1,1,1,Semi Furnished,3.2,159,Limited,OWN0187
PG01119,Silver Inn,Gujarat,Surat,City Light,"243, Complex, City Light, Surat",21.1285,72.8452,7100,7000,Shared,Triple,Girls,0,1,1,1,1,0,1,1,Fully Furnished,4.7,367,Available,OWN0022
PG01120,Divine Palace,Gujarat,Surat,City Light,"149, Road, City Light, Surat",21.1787,72.7839,11500,11500,Shared,Double,Girls,0,0,1,1,1,1,1,0,Fully Furnished,3.9,40,Limited,OWN0050
PG01121,Radha PG,Gujarat,Surat,Katargam,"49, Colony, Katargam, Surat",21.2345,72.7938,11700,11500,Private,Double,Girls,0,0,1,1,1,1,1,1,Semi Furnished,4.2,264,Limited,OWN0123
PG01122,Divine Retreat,Gujarat,Surat,Athwa,"16, Complex, Athwa, Surat",21.1337,72.7899,17500,52500,Private,Single,Boys,0,1,1,0,1,0,1,1,Fully Furnished,3.6,365,Available,OWN0182
PG01123,Ganesh Villa,Gujarat,Surat,Pal,"116, Complex, Pal, Surat",21.2158,72.8669,14700,44000,Private,Double,Boys,1,1,1,1,1,0,0,0,Fully Furnished,4.9,20,Full,OWN0195
PG01124,Comfort Boys Hostel,Gujarat,Surat,Udhna,"396, Lane, Udhna, Surat",21.1087,72.817,8900,26500,Shared,Double,Boys,0,1,1,0,1,0,1,1,Unfurnished,2.9,257,Available,OWN0175
PG01125,Modern Home,Gujarat,Surat,Katargam,"14, Colony, Katargam, Surat",21.2215,72.7703,9900,15000,Shared,Triple,Boys,1,1,1,0,0,0,0,1,Semi Furnished,4.2,338,Available,OWN0120
PG01126,Comfort Home,Gujarat,Surat,Katargam,"296, Colony, Katargam, Surat",21.1263,72.8345,10700,16000,Shared,Double,Girls,0,1,1,1,0,1,0,0,Unfurnished,4.8,270,Full,OWN0200
PG01127,Sai Nivas,Gujarat,Surat,City Light,"278, Marg, City Light, Surat",21.2274,72.8378,7900,16000,Shared,Triple,Coed,0,1,0,1,1,0,1,1,Fully Furnished,3.9,382,Available,OWN0183
PG01128,Royal Boys Hostel,Gujarat,Surat,Athwa,"119, Colony, Athwa, Surat",21.2075,72.7793,20200,40500,Private,Single,Girls,1,1,1,1,1,1,1,1,Fully Furnished,4.6,194,Available,OWN0140
PG01129,Metro Living,Gujarat,Surat,Vesu,"365, Lane, Vesu, Surat",21.1986,72.8859,13200,26500,Private,Double,Boys,1,0,0,0,1,1,1,1,Fully Furnished,4.4,143,Available,OWN0090
PG01130,Sunshine Boys Hostel,Gujarat,Surat,Athwa,"257, Lane, Athwa, Surat",21.1534,72.8665,6900,14000,Dormitory,Dormitory,Coed,0,0,1,1,1,1,1,1,Fully Furnished,5.0,438,Available,OWN0173
PG01131,Nirvana Girls Hostel,Gujarat,Surat,Varachha,"15, Nagar, Varachha, Surat",21.1325,72.7621,12300,37000,Private,Double,Girls,1,1,1,1,0,0,1,1,Fully Furnished,4.4,416,Available,OWN0136
PG01132,Legacy Inn,Gujarat,Surat,City Light,"337, Nagar, City Light, Surat",21.2321,72.8066,6700,20000,Shared,Triple,Boys,0,1,1,1,0,1,0,1,Fully Furnished,4.6,409,Available,OWN0193
PG01133,Golden Comforts,Gujarat,Surat,Adajan,"271, Road, Adajan, Surat",21.1789,72.7875,11800,23500,Shared,Triple,Girls,1,1,1,1,0,0,1,0,Fully Furnished,3.4,318,Limited,OWN0110
PG01134,Shree Living,Gujarat,Surat,Udhna,"71, Complex, Udhna, Surat",21.2375,72.8663,10500,31500,Shared,Triple,Coed,1,1,1,0,1,0,0,0,Unfurnished,3.3,161,Available,OWN0170
PG01135,Metro Retreat,Gujarat,Surat,Athwa,"300, Society, Athwa, Surat",21.133,72.8555,11100,33500,Shared,Double,Girls,0,1,0,1,0,1,0,0,Fully Furnished,4.0,57,Available,OWN0183
PG01136,Vraj Retreat,Gujarat,Surat,Udhna,"230, Park, Udhna, Surat",21.2335,72.8644,11600,17500,Private,Double,Coed,0,0,1,1,0,0,1,1,Semi Furnished,3.5,184,Limited,OWN0139
PG01137,Zenith PG,Gujarat,Surat,City Light,"248, Society, City Light, Surat",21.1946,72.8745,6700,6500,Shared,Triple,Girls,0,1,1,1,1,0,1,1,Unfurnished,3.6,291,Available,OWN0187
PG01138,Blue House,Gujarat,Surat,Vesu,"20, Marg, Vesu, Surat",21.2109,72.8,6900,10500,Dormitory,Dormitory,Coed,0,1,1,1,1,0,1,1,Semi Furnished,2.9,300,Available,OWN0078
PG01139,City Living,Gujarat,Surat,Piplod,"251, Lane, Piplod, Surat",21.2345,72.875,10600,10500,Shared,Triple,Coed,1,1,1,1,1,0,0,1,Fully Furnished,4.2,179,Available,OWN0086
PG01140,Sunshine Palace,Gujarat,Surat,Vesu,"385, Marg, Vesu, Surat",21.2162,72.8382,17200,26000,Private,Single,Boys,1,1,1,1,0,1,1,1,Semi Furnished,4.6,336,Full,OWN0118
PG01141,Sai Living,Gujarat,Surat,Vesu,"207, Marg, Vesu, Surat",21.1189,72.7763,9700,29000,Shared,Double,Boys,0,1,1,1,0,1,1,1,Fully Furnished,4.8,365,Limited,OWN0193
PG01142,Golden Rooms,Gujarat,Surat,Udhna,"19, Colony, Udhna, Surat",21.2123,72.8723,13400,13500,Shared,Double,Boys,1,1,1,1,0,1,0,0,Fully Furnished,4.7,413,Available,OWN0069
PG01143,Radha Retreat,Gujarat,Surat,Katargam,"227, Society, Katargam, Surat",21.16,72.8164,10600,16000,Shared,Double,Girls,0,1,1,1,0,1,1,0,Fully Furnished,4.5,36,Available,OWN0046
PG01144,Comfort Stay,Gujarat,Surat,Varachha,"30, Lane, Varachha, Surat",21.1177,72.8651,8400,8500,Shared,Triple,Boys,0,1,1,1,0,0,1,0,Semi Furnished,4.4,121,Available,OWN0111
PG01145,Shree Villa,Gujarat,Surat,Rander,"332, Society, Rander, Surat",21.1382,72.8171,9900,29500,Shared,Double,Boys,0,1,1,1,0,1,0,0,Semi Furnished,4.1,111,Available,OWN0127
PG01146,Golden PG,Gujarat,Surat,Varachha,"133, Society, Varachha, Surat",21.1211,72.8932,9200,9000,Shared,Double,Girls,0,1,1,0,0,1,0,1,Semi Furnished,3.3,122,Limited,OWN0197
PG01147,Happy Living,Gujarat,Surat,Adajan,"73, Lane, Adajan, Surat",21.1353,72.8866,13400,13500,Private,Double,Boys,1,1,1,1,0,1,0,1,Fully Furnished,3.1,335,Available,OWN0141
PG01148,Happy Comforts,Gujarat,Surat,Pal,"238, Lane, Pal, Surat",21.1618,72.844,9500,19000,Shared,Triple,Girls,0,1,0,1,1,1,0,1,Fully Furnished,3.5,377,Limited,OWN0037
PG01149,Krishna Nivas,Gujarat,Surat,Vesu,"341, Marg, Vesu, Surat",21.211,72.826,9700,14500,Shared,Triple,Boys,1,0,1,1,0,0,1,1,Fully Furnished,4.0,289,Available,OWN0147
PG01150,Golden House,Gujarat,Surat,Adajan,"315, Colony, Adajan, Surat",21.2281,72.8559,13300,13500,Shared,Double,Girls,1,1,1,1,0,0,0,1,Fully Furnished,4.3,377,Available,OWN0085
PG01151,Radha Girls Hostel,Gujarat,Surat,Adajan,"223, Marg, Adajan, Surat",21.1569,72.8551,13500,13500,Private,Double,Boys,1,1,1,1,0,0,1,1,Semi Furnished,4.8,5,Available,OWN0086
PG01152,Vraj Villa,Gujarat,Surat,Piplod,"241, Park, Piplod, Surat",21.1238,72.7755,10200,20500,Private,Double,Boys,0,1,1,0,1,0,1,0,Fully Furnished,3.5,385,Available,OWN0093
PG01153,New Inn,Gujarat,Surat,Varachha,"102, Complex, Varachha, Surat",21.166,72.833,14600,44000,Private,Single,Boys,0,1,1,0,0,1,0,1,Semi Furnished,4.2,241,Available,OWN0181
PG01154,Sunshine PG,Gujarat,Surat,Piplod,"146, Marg, Piplod, Surat",21.1635,72.8401,13600,20500,Shared,Double,Girls,1,0,1,1,1,1,1,1,Semi Furnished,4.9,386,Available,OWN0080
PG01155,New House,Gujarat,Surat,Athwa,"397, Marg, Athwa, Surat",21.2243,72.849,10200,30500,Private,Double,Girls,0,1,1,1,0,1,0,1,Semi Furnished,3.4,399,Limited,OWN0170
PG01156,Zenith Heights,Gujarat,Surat,Katargam,"8, Road, Katargam, Surat",21.1492,72.8298,9700,19500,Private,Double,Boys,0,0,1,1,1,0,1,1,Fully Furnished,3.1,298,Available,OWN0085
PG01157,Sai Inn,Gujarat,Surat,Varachha,"45, Marg, Varachha, Surat",21.127,72.837,7300,11000,Shared,Triple,Girls,0,0,1,1,0,1,1,1,Semi Furnished,3.9,207,Available,OWN0083
PG01158,Elite Stay,Gujarat,Surat,Adajan,"24, Marg, Adajan, Surat",21.2207,72.8514,6100,6000,Shared,Triple,Boys,0,0,1,0,1,0,1,1,Semi Furnished,3.2,57,Limited,OWN0100
PG01159,Blue Stay,Gujarat,Surat,Adajan,"259, Colony, Adajan, Surat",21.1091,72.8341,11000,11000,Private,Double,Coed,0,1,1,0,0,1,1,1,Fully Furnished,4.2,46,Available,OWN0048
PG01160,Royal Retreat,Gujarat,Surat,Piplod,"23, Lane, Piplod, Surat",21.202,72.8754,8900,13500,Private,Double,Coed,0,1,1,0,1,1,1,1,Semi Furnished,3.3,195,Available,OWN0140
PG01161,Metro Boys Hostel,Gujarat,Surat,Varachha,"1, Complex, Varachha, Surat",21.2143,72.8333,20500,41000,Private,Single,Girls,1,1,1,1,0,1,0,0,Fully Furnished,4.7,53,Full,OWN0024
PG01162,Legacy Residency,Gujarat,Surat,Katargam,"198, Complex, Katargam, Surat",21.1839,72.8462,11400,34000,Shared,Double,Boys,0,0,1,0,1,1,0,1,Semi Furnished,4.0,46,Available,OWN0170
PG01163,Serene Nivas,Gujarat,Surat,Nana Varachha,"4, Marg, Nana Varachha, Surat",21.1018,72.8047,8700,8500,Dormitory,Dormitory,Girls,1,1,1,0,0,0,0,0,Fully Furnished,4.1,47,Available,OWN0152
PG01164,Star Villa,Gujarat,Surat,City Light,"39, Lane, City Light, Surat",21.1393,72.8105,7800,23500,Dormitory,Dormitory,Boys,0,0,1,1,1,0,1,0,Fully Furnished,3.6,289,Available,OWN0040
PG01165,Silver Home,Gujarat,Surat,Nana Varachha,"199, Park, Nana Varachha, Surat",21.1151,72.8578,9500,28500,Shared,Double,Coed,0,0,1,1,0,0,1,0,Unfurnished,4.3,91,Available,OWN0142
PG01166,Divine Palace,Gujarat,Surat,Varachha,"278, Complex, Varachha, Surat",21.2261,72.8545,19700,19500,Private,Single,Coed,1,1,1,1,1,1,0,1,Semi Furnished,3.7,82,Available,OWN0073
PG01167,Comfort Girls Hostel,Gujarat,Vadodara,Manjalpur,"285, Marg, Manjalpur, Vadodara",22.3354,73.2507,10000,10000,Shared,Double,Coed,0,1,1,1,0,0,1,1,Fully Furnished,4.7,410,Available,OWN0133
PG01168,Radha Comforts,Gujarat,Vadodara,Alkapuri,"398, Complex, Alkapuri, Vadodara",22.369,73.2358,7400,11000,Shared,Triple,Boys,0,1,1,1,1,0,0,1,Semi Furnished,3.4,293,Available,OWN0072
PG01169,Krishna Home,Gujarat,Vadodara,Karelibaug,"207, Nagar, Karelibaug, Vadodara",22.3199,73.2248,13000,13000,Shared,Double,Boys,1,0,1,1,0,1,1,1,Semi Furnished,3.9,77,Limited,OWN0071
PG01170,Vraj Villa,Gujarat,Vadodara,Alkapuri,"341, Nagar, Alkapuri, Vadodara",22.2778,73.1615,6600,13000,Dormitory,Dormitory,Coed,0,1,1,1,0,1,1,1,Semi Furnished,3.2,54,Available,OWN0074
PG01171,Elite Boys Hostel,Gujarat,Vadodara,Sayajigunj,"64, Colony, Sayajigunj, Vadodara",22.3757,73.2053,12500,37500,Private,Double,Girls,1,0,0,1,0,1,1,1,Fully Furnished,3.8,398,Available,OWN0153
PG01172,Elite Comforts,Gujarat,Vadodara,Waghodia Road,"205, Marg, Waghodia Road, Vadodara",22.3204,73.1996,10900,32500,Shared,Triple,Girls,1,1,1,0,0,0,1,1,Semi Furnished,4.9,110,Available,OWN0038
PG01173,Elite Comforts,Gujarat,Vadodara,Manjalpur,"92, Lane, Manjalpur, Vadodara",22.2848,73.159,12200,18500,Shared,Double,Boys,1,0,1,1,1,1,1,1,Semi Furnished,2.8,189,Full,OWN0059
PG01174,Star Palace,Gujarat,Vadodara,Manjalpur,"97, Complex, Manjalpur, Vadodara",22.3093,73.1632,11700,23500,Private,Double,Girls,0,1,1,1,1,0,1,1,Semi Furnished,4.8,386,Available,OWN0028
PG01175,Metro Palace,Gujarat,Vadodara,Akota,"144, Nagar, Akota, Vadodara",22.3502,73.1866,8700,13000,Shared,Double,Boys,0,0,1,1,0,1,0,1,Semi Furnished,3.0,63,Available,OWN0136
PG01176,Golden Palace,Gujarat,Vadodara,Gotri,"112, Colony, Gotri, Vadodara",22.3244,73.1904,12200,36500,Shared,Double,Girls,0,0,1,1,1,1,0,1,Fully Furnished,4.6,352,Available,OWN0130
PG01177,Ganesh Living,Gujarat,Vadodara,Sayajigunj,"398, Chowk, Sayajigunj, Vadodara",22.3586,73.1696,7600,15000,Shared,Triple,Girls,0,1,1,0,0,1,1,1,Fully Furnished,3.1,243,Full,OWN0174
PG01178,New Rooms,Gujarat,Vadodara,Waghodia Road,"284, Nagar, Waghodia Road, Vadodara",22.2836,73.2491,9700,14500,Private,Double,Boys,0,1,0,1,0,1,1,1,Fully Furnished,4.0,258,Available,OWN0181
PG01179,Ganesh Palace,Gujarat,Vadodara,Waghodia Road,"371, Society, Waghodia Road, Vadodara",22.245,73.1774,20400,20500,Private,Single,Girls,1,1,1,1,0,1,1,1,Fully Furnished,3.4,139,Available,OWN0163
PG01180,Happy Boys Hostel,Gujarat,Vadodara,Alkapuri,"42, Road, Alkapuri, Vadodara",22.3663,73.161,12000,18000,Shared,Triple,Coed,1,1,1,1,1,0,0,1,Fully Furnished,3.3,129,Full,OWN0149
PG01181,Sunshine Girls Hostel,Gujarat,Vadodara,Sayajigunj,"316, Colony, Sayajigunj, Vadodara",22.2412,73.1147,17700,17500,Private,Single,Girls,1,1,1,1,0,1,1,1,Fully Furnished,4.6,248,Available,OWN0014
PG01182,Royal Inn,Gujarat,Vadodara,Gotri,"294, Society, Gotri, Vadodara",22.3071,73.1469,9400,9500,Shared,Double,Girls,0,1,0,0,1,1,1,1,Semi Furnished,4.8,229,Available,OWN0116
PG01183,Urban Heights,Gujarat,Vadodara,Vasna,"160, Marg, Vasna, Vadodara",22.2678,73.1667,8900,26500,Shared,Triple,Girls,0,1,1,1,1,0,0,1,Fully Furnished,3.6,372,Available,OWN0141
PG01184,Royal Rooms,Gujarat,Vadodara,Gotri,"352, Marg, Gotri, Vadodara",22.255,73.1925,5600,8500,Dormitory,Dormitory,Coed,0,0,1,1,0,0,1,1,Semi Furnished,4.7,158,Limited,OWN0093
PG01185,Blue Girls Hostel,Gujarat,Vadodara,Karelibaug,"292, Society, Karelibaug, Vadodara",22.3299,73.1163,12000,12000,Private,Double,Boys,1,1,1,1,1,0,1,1,Semi Furnished,3.0,271,Limited,OWN0111
PG01186,Royal Villa,Gujarat,Vadodara,Manjalpur,"134, Society, Manjalpur, Vadodara",22.2538,73.2334,9300,28000,Shared,Triple,Girls,1,0,1,1,0,1,1,1,Fully Furnished,4.4,301,Available,OWN0093
PG01187,Nirvana Inn,Gujarat,Vadodara,Waghodia Road,"294, Road, Waghodia Road, Vadodara",22.2606,73.1984,13700,27500,Shared,Double,Coed,1,0,1,1,1,1,1,1,Fully Furnished,4.0,189,Limited,OWN0109
PG01188,Star Living,Gujarat,Vadodara,Alkapuri,"46, Colony, Alkapuri, Vadodara",22.2732,73.1946,11600,35000,Shared,Double,Girls,0,1,1,1,1,1,1,1,Fully Furnished,4.7,63,Available,OWN0008
PG01189,Royal Palace,Gujarat,Vadodara,Fatehgunj,"42, Lane, Fatehgunj, Vadodara",22.3226,73.158,15000,45000,Shared,Double,Boys,1,1,0,1,1,1,0,1,Fully Furnished,3.0,201,Limited,OWN0065
PG01190,Metro Home,Gujarat,Vadodara,Sayajigunj,"160, Complex, Sayajigunj, Vadodara",22.2852,73.238,18100,27000,Private,Single,Boys,1,1,1,1,0,0,1,1,Fully Furnished,3.8,226,Available,OWN0173
PG01191,Divine Inn,Gujarat,Vadodara,Gotri,"261, Park, Gotri, Vadodara",22.3167,73.1726,10200,10000,Private,Double,Coed,0,1,1,0,1,0,1,1,Semi Furnished,3.1,353,Available,OWN0174
PG01192,Royal House,Gujarat,Vadodara,Karelibaug,"347, Colony, Karelibaug, Vadodara",22.266,73.2244,9700,19500,Shared,Triple,Boys,0,1,1,1,0,0,0,1,Fully Furnished,4.3,247,Available,OWN0089
PG01193,Radha Nivas,Gujarat,Vadodara,Waghodia Road,"303, Road, Waghodia Road, Vadodara",22.3533,73.244,6200,12500,Dormitory,Dormitory,Coed,0,1,1,1,1,1,0,1,Semi Furnished,4.1,418,Full,OWN0068
PG01194,Modern House,Gujarat,Vadodara,Manjalpur,"336, Park, Manjalpur, Vadodara",22.2911,73.1475,8000,12000,Shared,Triple,Coed,0,1,1,0,1,0,0,0,Semi Furnished,3.4,401,Available,OWN0114
PG01195,Sunshine Home,Gujarat,Vadodara,Sayajigunj,"287, Road, Sayajigunj, Vadodara",22.3323,73.2159,7200,7000,Shared,Triple,Coed,0,1,0,1,0,1,1,0,Semi Furnished,3.6,277,Available,OWN0187
PG01196,Krishna Boys Hostel,Gujarat,Vadodara,Waghodia Road,"298, Lane, Waghodia Road, Vadodara",22.2633,73.1962,8800,9000,Private,Double,Boys,0,1,0,0,1,1,1,0,Semi Furnished,4.4,202,Available,OWN0181
PG01197,Blue Home,Gujarat,Vadodara,Akota,"161, Complex, Akota, Vadodara",22.2436,73.2145,12900,38500,Private,Double,Girls,0,1,1,1,0,0,1,1,Fully Furnished,4.7,386,Available,OWN0056
PG01198,Om PG,Gujarat,Vadodara,Gotri,"293, Colony, Gotri, Vadodara",22.2742,73.1582,14400,29000,Private,Single,Girls,0,1,1,1,1,1,1,1,Semi Furnished,3.1,158,Full,OWN0068
PG01199,Ganesh Nivas,Gujarat,Vadodara,Karelibaug,"290, Colony, Karelibaug, Vadodara",22.2655,73.1387,16600,33000,Private,Single,Girls,1,1,1,0,1,0,1,1,Semi Furnished,4.3,398,Limited,OWN0047
PG01200,Divine Rooms,Gujarat,Vadodara,Subhanpura,"390, Colony, Subhanpura, Vadodara",22.2413,73.1677,9000,9000,Shared,Triple,Girls,0,1,1,0,0,0,0,1,Fully Furnished,4.7,296,Available,OWN0049
PG01201,Ganesh Comforts,Gujarat,Vadodara,Sayajigunj,"187, Marg, Sayajigunj, Vadodara",22.3724,73.2456,17700,53000,Private,Single,Coed,1,1,1,1,0,1,0,1,Fully Furnished,4.7,191,Available,OWN0008
PG01202,Silver Residency,Gujarat,Vadodara,Subhanpura,"254, Nagar, Subhanpura, Vadodara",22.3724,73.1851,6100,12000,Shared,Triple,Girls,0,1,1,1,1,0,1,1,Unfurnished,4.3,8,Full,OWN0068
PG01203,Elite Nivas,Gujarat,Vadodara,Karelibaug,"95, Marg, Karelibaug, Vadodara",22.2453,73.1126,9600,19000,Private,Double,Girls,0,1,1,1,0,1,0,1,Semi Furnished,4.9,141,Full,OWN0142
PG01204,Urban Retreat,Gujarat,Vadodara,Waghodia Road,"381, Lane, Waghodia Road, Vadodara",22.2406,73.2506,4100,4000,Dormitory,Dormitory,Boys,0,1,1,1,1,1,1,1,Semi Furnished,4.8,315,Full,OWN0169
PG01205,Radha Boys Hostel,Gujarat,Vadodara,Karelibaug,"101, Lane, Karelibaug, Vadodara",22.2402,73.1953,12300,12500,Shared,Double,Boys,0,1,0,0,1,1,1,0,Fully Furnished,4.6,354,Available,OWN0042
PG01206,Royal Villa,Gujarat,Vadodara,Fatehgunj,"322, Chowk, Fatehgunj, Vadodara",22.2673,73.1894,9800,10000,Dormitory,Dormitory,Boys,1,1,1,1,0,0,0,1,Fully Furnished,3.5,68,Limited,OWN0009
PG01207,Golden Residency,Gujarat,Vadodara,Karelibaug,"178, Road, Karelibaug, Vadodara",22.3115,73.2104,9600,9500,Private,Double,Girls,0,1,0,1,0,0,1,1,Semi Furnished,3.6,48,Available,OWN0125
PG01208,Cozy PG,Gujarat,Vadodara,Gotri,"392, Marg, Gotri, Vadodara",22.359,73.1723,17500,35000,Private,Single,Girls,0,1,1,0,1,1,1,1,Fully Furnished,4.8,307,Available,OWN0014
PG01209,Royal Girls Hostel,Gujarat,Vadodara,Waghodia Road,"373, Chowk, Waghodia Road, Vadodara",22.3555,73.1479,6600,10000,Shared,Triple,Boys,0,1,1,1,0,1,1,1,Fully Furnished,4.2,152,Available,OWN0075
PG01210,Golden Retreat,Gujarat,Vadodara,Fatehgunj,"14, Colony, Fatehgunj, Vadodara",22.3678,73.169,6500,10000,Dormitory,Dormitory,Boys,1,1,1,1,0,1,1,1,Semi Furnished,3.8,402,Available,OWN0115
PG01211,Zenith Nivas,Gujarat,Vadodara,Sayajigunj,"253, Road, Sayajigunj, Vadodara",22.2893,73.2335,20000,40000,Private,Single,Boys,1,1,1,1,0,1,1,1,Fully Furnished,4.8,312,Full,OWN0141
PG01212,Nest Girls Hostel,Gujarat,Vadodara,Akota,"237, Road, Akota, Vadodara",22.3663,73.2296,10100,30500,Private,Double,Boys,0,1,1,0,1,1,1,1,Fully Furnished,3.7,139,Limited,OWN0006
PG01213,Vraj Heights,Gujarat,Vadodara,Subhanpura,"80, Society, Subhanpura, Vadodara",22.3059,73.2063,16200,32500,Private,Single,Girls,0,0,0,1,1,1,0,1,Fully Furnished,3.5,128,Limited,OWN0091
PG01214,Comfort Retreat,Gujarat,Vadodara,Manjalpur,"187, Park, Manjalpur, Vadodara",22.3494,73.2454,16700,33500,Private,Single,Boys,0,0,1,0,0,1,1,0,Semi Furnished,5.0,385,Available,OWN0008
PG01215,Sai Residency,Gujarat,Vadodara,Waghodia Road,"151, Lane, Waghodia Road, Vadodara",22.2483,73.1236,7800,11500,Dormitory,Dormitory,Girls,0,0,1,1,0,1,1,1,Fully Furnished,4.7,347,Limited,OWN0010
PG01216,Nest Inn,Gujarat,Vadodara,Waghodia Road,"331, Nagar, Waghodia Road, Vadodara",22.3743,73.1159,17300,26000,Private,Single,Girls,1,1,1,1,0,1,1,1,Semi Furnished,4.9,226,Available,OWN0151
PG01217,Sunshine Home,Gujarat,Vadodara,Fatehgunj,"341, Lane, Fatehgunj, Vadodara",22.3133,73.2003,12100,24000,Shared,Double,Girls,0,1,1,0,0,0,1,1,Fully Furnished,4.7,416,Available,OWN0003
PG01218,Golden Living,Gujarat,Vadodara,Waghodia Road,"263, Complex, Waghodia Road, Vadodara",22.2632,73.1373,10700,32000,Shared,Triple,Boys,1,0,1,1,1,1,1,1,Semi Furnished,3.7,231,Available,OWN0167
PG01219,Modern Palace,Gujarat,Vadodara,Manjalpur,"350, Marg, Manjalpur, Vadodara",22.3036,73.2267,17400,35000,Private,Single,Boys,1,1,1,0,1,0,0,1,Semi Furnished,3.5,228,Available,OWN0168
PG01220,Star Comforts,Gujarat,Vadodara,Gotri,"6, Society, Gotri, Vadodara",22.3249,73.2221,8400,12500,Shared,Double,Coed,0,0,1,0,1,1,0,1,Unfurnished,4.6,300,Limited,OWN0038
PG01221,Urban Villa,Gujarat,Vadodara,Vasna,"137, Park, Vasna, Vadodara",22.3156,73.1304,8100,16000,Dormitory,Dormitory,Boys,1,1,1,1,0,0,1,1,Fully Furnished,3.9,130,Available,OWN0068
PG01222,Shree Boys Hostel,Gujarat,Vadodara,Manjalpur,"352, Chowk, Manjalpur, Vadodara",22.3318,73.1741,10200,30500,Private,Double,Girls,0,1,1,1,1,1,0,0,Semi Furnished,3.4,135,Full,OWN0068
PG01223,Sai Stay,Gujarat,Vadodara,Vasna,"85, Colony, Vasna, Vadodara",22.2423,73.1688,9800,19500,Private,Double,Boys,0,0,1,1,1,0,1,1,Fully Furnished,3.1,132,Available,OWN0162
PG01224,Serene Inn,Gujarat,Vadodara,Karelibaug,"344, Nagar, Karelibaug, Vadodara",22.3498,73.1684,11500,34500,Shared,Double,Boys,0,1,1,1,1,1,1,1,Semi Furnished,4.8,215,Limited,OWN0053
PG01225,Cozy Nivas,Gujarat,Vadodara,Gotri,"344, Nagar, Gotri, Vadodara",22.3463,73.1292,17800,35500,Private,Single,Boys,1,0,1,1,1,0,1,1,Fully Furnished,3.6,434,Limited,OWN0076
PG01226,Blue Girls Hostel,Gujarat,Vadodara,Karelibaug,"186, Nagar, Karelibaug, Vadodara",22.2839,73.1298,16000,48000,Private,Single,Boys,1,1,1,1,1,0,0,1,Unfurnished,3.9,384,Limited,OWN0032
PG01227,Divine Girls Hostel,Gujarat,Vadodara,Vasna,"40, Nagar, Vasna, Vadodara",22.3205,73.1326,8700,13000,Shared,Double,Boys,0,1,1,0,0,1,0,1,Semi Furnished,3.0,69,Available,OWN0064
PG01228,Sunshine Girls Hostel,Gujarat,Vadodara,Alkapuri,"218, Park, Alkapuri, Vadodara",22.2864,73.231,18300,18500,Private,Single,Boys,0,0,1,1,0,1,1,1,Fully Furnished,4.3,212,Limited,OWN0122
PG01229,Elite House,Gujarat,Vadodara,Fatehgunj,"371, Chowk, Fatehgunj, Vadodara",22.253,73.1123,6900,7000,Dormitory,Dormitory,Coed,0,0,0,1,1,1,1,0,Semi Furnished,4.3,51,Limited,OWN0117
PG01230,Star Rooms,Gujarat,Vadodara,Karelibaug,"124, Chowk, Karelibaug, Vadodara",22.3491,73.1375,11600,23000,Shared,Double,Boys,0,1,1,1,1,1,0,1,Semi Furnished,3.2,445,Available,OWN0136
PG01231,Divine Villa,Gujarat,Vadodara,Vasna,"139, Society, Vasna, Vadodara",22.2926,73.1483,7600,7500,Shared,Triple,Girls,0,0,1,1,1,1,0,0,Fully Furnished,4.5,55,Available,OWN0057
PG01232,Vraj Boys Hostel,Gujarat,Vadodara,Vasna,"397, Chowk, Vasna, Vadodara",22.3385,73.1426,18900,38000,Private,Single,Boys,1,0,1,1,0,1,1,1,Fully Furnished,3.3,234,Available,OWN0166
PG01233,Royal House,Gujarat,Vadodara,Gotri,"6, Road, Gotri, Vadodara",22.2989,73.1268,18400,55000,Private,Single,Girls,1,0,0,0,0,1,1,1,Semi Furnished,4.0,237,Available,OWN0114
PG01234,Divine Inn,Gujarat,Vadodara,Manjalpur,"310, Complex, Manjalpur, Vadodara",22.3063,73.2147,9700,14500,Dormitory,Dormitory,Girls,1,0,1,1,1,1,0,1,Fully Furnished,3.3,338,Available,OWN0151
PG01235,Radha Living,Gujarat,Vadodara,Vasna,"330, Colony, Vasna, Vadodara",22.2411,73.1955,11900,35500,Shared,Triple,Boys,1,0,1,0,0,0,0,1,Fully Furnished,2.8,259,Full,OWN0098
PG01236,Happy Comforts,Gujarat,Vadodara,Manjalpur,"201, Society, Manjalpur, Vadodara",22.3589,73.1769,7800,8000,Shared,Triple,Girls,0,0,1,1,0,1,0,0,Semi Furnished,3.1,228,Available,OWN0006
PG01237,Happy Stay,Gujarat,Vadodara,Alkapuri,"224, Nagar, Alkapuri, Vadodara",22.3195,73.1207,20500,61500,Private,Single,Girls,1,1,1,1,1,0,0,1,Fully Furnished,3.8,256,Full,OWN0013
PG01238,Silver House,Gujarat,Vadodara,Alkapuri,"69, Park, Alkapuri, Vadodara",22.3081,73.2345,9900,10000,Private,Double,Girls,0,0,0,1,1,1,1,1,Semi Furnished,5.0,423,Available,OWN0010
PG01239,Cozy Heights,Gujarat,Vadodara,Manjalpur,"105, Chowk, Manjalpur, Vadodara",22.2934,73.231,8000,24000,Shared,Triple,Girls,0,0,1,1,1,1,1,1,Semi Furnished,4.2,101,Available,OWN0031
PG01240,Elite Heights,Gujarat,Vadodara,Waghodia Road,"251, Colony, Waghodia Road, Vadodara",22.2739,73.1741,5800,17500,Dormitory,Dormitory,Girls,0,1,0,0,0,0,0,1,Fully Furnished,4.5,95,Available,OWN0198
PG01241,Blue Palace,Gujarat,Vadodara,Fatehgunj,"314, Lane, Fatehgunj, Vadodara",22.2458,73.1644,15300,46000,Private,Single,Boys,0,1,1,1,0,1,1,1,Fully Furnished,4.0,25,Available,OWN0101
PG01242,Elite Nivas,Gujarat,Vadodara,Waghodia Road,"192, Lane, Waghodia Road, Vadodara",22.2702,73.2292,18800,28000,Private,Single,Boys,1,1,1,1,0,1,1,1,Semi Furnished,3.4,193,Available,OWN0060
PG01243,Sunshine Villa,Gujarat,Vadodara,Karelibaug,"71, Lane, Karelibaug, Vadodara",22.2488,73.2015,10100,30500,Shared,Triple,Coed,1,1,1,1,0,1,0,1,Fully Furnished,4.3,258,Limited,OWN0200
PG01244,Serene House,Gujarat,Vadodara,Karelibaug,"154, Lane, Karelibaug, Vadodara",22.2476,73.1288,12600,12500,Private,Double,Girls,1,1,0,1,0,1,1,1,Semi Furnished,4.2,268,Available,OWN0049
PG01245,Nest Inn,Gujarat,Vadodara,Subhanpura,"231, Chowk, Subhanpura, Vadodara",22.3761,73.1373,14700,22000,Shared,Double,Boys,1,1,0,0,0,0,1,1,Fully Furnished,4.5,301,Limited,OWN0070
PG01246,Nirvana Heights,Gujarat,Vadodara,Akota,"31, Complex, Akota, Vadodara",22.2394,73.1316,11200,33500,Shared,Triple,Boys,1,1,1,1,0,1,1,1,Fully Furnished,4.1,323,Limited,OWN0055
PG01247,New Stay,Gujarat,Vadodara,Gotri,"190, Colony, Gotri, Vadodara",22.3732,73.1561,14900,22500,Shared,Double,Boys,1,1,0,1,1,1,1,0,Fully Furnished,3.6,159,Limited,OWN0086
PG01248,Vraj Girls Hostel,Gujarat,Vadodara,Manjalpur,"84, Nagar, Manjalpur, Vadodara",22.3649,73.2458,6400,13000,Shared,Triple,Girls,0,1,1,1,1,1,1,0,Semi Furnished,3.3,202,Available,OWN0016
PG01249,Shree Comforts,Gujarat,Vadodara,Karelibaug,"242, Nagar, Karelibaug, Vadodara",22.3381,73.1183,20200,20000,Private,Single,Coed,1,0,1,1,0,1,1,1,Fully Furnished,4.4,5,Full,OWN0043
PG01250,Zenith Heights,Gujarat,Vadodara,Akota,"250, Chowk, Akota, Vadodara",22.2931,73.1648,12300,18500,Private,Double,Girls,0,1,1,0,1,1,0,1,Fully Furnished,3.9,310,Limited,OWN0018
PG01251,Sai Retreat,Gujarat,Vadodara,Manjalpur,"283, Complex, Manjalpur, Vadodara",22.2987,73.197,5900,12000,Shared,Triple,Girls,0,0,1,0,0,1,0,0,Semi Furnished,3.2,303,Full,OWN0070
PG01252,Royal Living,Gujarat,Vadodara,Waghodia Road,"57, Road, Waghodia Road, Vadodara",22.2382,73.123,10900,11000,Shared,Triple,Girls,1,1,1,1,0,1,1,0,Semi Furnished,3.0,159,Full,OWN0039
PG01253,Comfort Living,Gujarat,Vadodara,Fatehgunj,"360, Road, Fatehgunj, Vadodara",22.2982,73.2484,8800,9000,Shared,Triple,Boys,0,1,1,1,1,0,1,1,Fully Furnished,4.8,164,Full,OWN0178
PG01254,Royal Retreat,Gujarat,Vadodara,Karelibaug,"98, Society, Karelibaug, Vadodara",22.3379,73.1896,18100,36000,Private,Single,Boys,1,1,1,1,0,0,0,0,Fully Furnished,4.9,11,Limited,OWN0038
PG01255,Radha Rooms,Gujarat,Vadodara,Akota,"202, Colony, Akota, Vadodara",22.3539,73.1994,6100,18500,Dormitory,Dormitory,Boys,0,1,0,0,0,1,1,1,Fully Furnished,2.9,400,Available,OWN0188
PG01256,Zenith Nivas,Gujarat,Vadodara,Vasna,"328, Park, Vasna, Vadodara",22.3364,73.2386,14100,28000,Private,Double,Girls,1,1,1,1,1,0,1,0,Semi Furnished,4.7,14,Limited,OWN0194
PG01257,Metro Nivas,Gujarat,Vadodara,Karelibaug,"75, Road, Karelibaug, Vadodara",22.349,73.2238,12000,18000,Private,Double,Boys,1,0,1,0,0,1,1,1,Unfurnished,4.1,168,Limited,OWN0057
PG01258,Urban Heights,Gujarat,Vadodara,Waghodia Road,"283, Society, Waghodia Road, Vadodara",22.3485,73.1828,9000,13500,Private,Double,Girls,0,1,1,1,0,1,1,0,Unfurnished,3.6,238,Limited,OWN0060
PG01259,Modern Inn,Gujarat,Vadodara,Alkapuri,"297, Lane, Alkapuri, Vadodara",22.2471,73.1225,18200,36500,Private,Single,Girls,1,1,1,1,1,1,1,0,Semi Furnished,2.8,290,Available,OWN0199
PG01260,Nest Living,Gujarat,Vadodara,Akota,"338, Park, Akota, Vadodara",22.2649,73.1597,10400,21000,Private,Double,Girls,0,0,1,0,0,0,1,1,Semi Furnished,3.4,92,Available,OWN0095
PG01261,Shree Retreat,Gujarat,Vadodara,Karelibaug,"52, Lane, Karelibaug, Vadodara",22.3516,73.2266,10400,21000,Shared,Triple,Girls,1,1,1,1,1,0,0,0,Fully Furnished,3.6,349,Available,OWN0110
PG01262,Radha Inn,Gujarat,Vadodara,Vasna,"376, Nagar, Vasna, Vadodara",22.3692,73.1581,19500,19500,Private,Single,Girls,1,0,1,1,1,0,1,1,Semi Furnished,5.0,106,Full,OWN0174
PG01263,Star Heights,Gujarat,Vadodara,Gotri,"72, Marg, Gotri, Vadodara",22.2484,73.12,12100,36500,Shared,Double,Boys,0,1,1,0,1,1,0,1,Fully Furnished,3.3,443,Available,OWN0056
PG01264,Serene Living,Gujarat,Vadodara,Alkapuri,"311, Lane, Alkapuri, Vadodara",22.2706,73.2495,12200,12000,Shared,Triple,Boys,1,0,1,1,0,0,0,1,Fully Furnished,3.9,14,Available,OWN0107
PG01265,Legacy Inn,Gujarat,Vadodara,Akota,"367, Complex, Akota, Vadodara",22.3321,73.2397,19100,28500,Private,Single,Boys,1,1,1,1,0,0,1,1,Fully Furnished,3.2,37,Available,OWN0156
PG01266,Om Home,Gujarat,Vadodara,Karelibaug,"108, Society, Karelibaug, Vadodara",22.372,73.1504,6700,13500,Shared,Triple,Boys,0,1,1,1,1,0,0,1,Fully Furnished,3.0,67,Available,OWN0094
PG01267,City House,Gujarat,Vadodara,Manjalpur,"293, Road, Manjalpur, Vadodara",22.2558,73.2121,14700,44000,Shared,Double,Girls,1,1,0,1,0,0,1,1,Fully Furnished,4.4,439,Limited,OWN0126
PG01268,Om House,Gujarat,Vadodara,Subhanpura,"190, Complex, Subhanpura, Vadodara",22.2677,73.1785,9600,19000,Shared,Double,Girls,0,1,0,1,0,0,1,1,Fully Furnished,3.1,134,Available,OWN0190
PG01269,Sai Palace,Gujarat,Vadodara,Waghodia Road,"331, Colony, Waghodia Road, Vadodara",22.3532,73.1425,16100,32000,Private,Single,Girls,0,1,1,1,1,0,0,1,Fully Furnished,4.2,296,Available,OWN0139
PG01270,Golden Boys Hostel,Gujarat,Vadodara,Manjalpur,"369, Society, Manjalpur, Vadodara",22.2418,73.2373,8500,8500,Shared,Double,Girls,0,1,1,1,1,1,1,0,Semi Furnished,4.4,330,Available,OWN0091
PG01271,Ganesh Comforts,Gujarat,Vadodara,Vasna,"96, Nagar, Vasna, Vadodara",22.3333,73.1597,6900,20500,Shared,Triple,Girls,0,1,1,0,0,1,0,1,Semi Furnished,4.3,262,Full,OWN0138
PG01272,Sunshine Villa,Gujarat,Vadodara,Karelibaug,"55, Nagar, Karelibaug, Vadodara",22.3408,73.175,17800,53500,Private,Single,Coed,1,0,1,0,1,1,1,1,Semi Furnished,4.0,12,Full,OWN0072
PG01273,Happy Living,Gujarat,Vadodara,Alkapuri,"283, Park, Alkapuri, Vadodara",22.2944,73.1227,12300,12500,Private,Double,Boys,0,0,1,0,0,0,1,1,Fully Furnished,3.9,243,Limited,OWN0060
PG01274,Sunshine Retreat,Gujarat,Vadodara,Vasna,"238, Nagar, Vasna, Vadodara",22.3342,73.2035,19300,19500,Private,Single,Girls,1,0,1,0,0,0,1,0,Semi Furnished,4.5,332,Limited,OWN0067
PG01275,Modern Heights,Gujarat,Vadodara,Vasna,"238, Colony, Vasna, Vadodara",22.3246,73.2342,11000,22000,Shared,Double,Boys,0,1,1,1,0,1,0,1,Fully Furnished,3.3,131,Available,OWN0068
PG01276,Metro Boys Hostel,Gujarat,Vadodara,Manjalpur,"191, Complex, Manjalpur, Vadodara",22.3086,73.1287,11900,24000,Shared,Double,Coed,0,1,1,0,0,1,0,1,Fully Furnished,2.9,421,Limited,OWN0177
PG01277,Star Boys Hostel,Gujarat,Vadodara,Manjalpur,"71, Chowk, Manjalpur, Vadodara",22.25,73.2021,18400,55000,Private,Single,Boys,1,1,1,1,0,1,1,1,Fully Furnished,4.2,109,Available,OWN0009
PG01278,Cozy Villa,Gujarat,Vadodara,Manjalpur,"91, Complex, Manjalpur, Vadodara",22.3741,73.1545,9900,29500,Private,Double,Girls,0,0,1,0,0,1,0,1,Fully Furnished,3.0,355,Available,OWN0196
PG01279,Nest Living,Gujarat,Vadodara,Karelibaug,"139, Society, Karelibaug, Vadodara",22.295,73.2094,6900,14000,Shared,Triple,Boys,0,0,0,1,1,1,0,1,Fully Furnished,4.9,98,Limited,OWN0035
PG01280,Krishna Inn,Gujarat,Vadodara,Vasna,"304, Lane, Vasna, Vadodara",22.3528,73.1828,11400,34000,Shared,Triple,Coed,1,1,1,0,0,1,1,1,Fully Furnished,4.6,189,Available,OWN0076
PG01281,Krishna Rooms,Gujarat,Vadodara,Gotri,"144, Colony, Gotri, Vadodara",22.3061,73.1787,14200,42500,Private,Double,Girls,1,1,1,1,0,1,1,1,Semi Furnished,3.5,227,Available,OWN0190
PG01282,Krishna Inn,Gujarat,Vadodara,Sayajigunj,"107, Colony, Sayajigunj, Vadodara",22.302,73.1431,7800,15500,Shared,Triple,Coed,0,1,1,1,1,1,0,1,Fully Furnished,4.4,313,Available,OWN0024
PG01283,Divine Stay,Gujarat,Vadodara,Subhanpura,"73, Road, Subhanpura, Vadodara",22.3028,73.1729,17900,36000,Private,Single,Boys,0,0,1,1,1,1,1,1,Fully Furnished,3.3,329,Available,OWN0136
PG01284,Silver Villa,Gujarat,Vadodara,Akota,"236, Marg, Akota, Vadodara",22.3174,73.1329,4700,9500,Dormitory,Dormitory,Girls,0,1,0,1,0,1,0,1,Semi Furnished,4.7,380,Available,OWN0030
PG01285,Ganesh PG,Gujarat,Vadodara,Gotri,"372, Complex, Gotri, Vadodara",22.3062,73.2336,14300,21500,Shared,Double,Girls,1,1,0,0,1,1,1,0,Fully Furnished,3.8,57,Available,OWN0070
PG01286,New Comforts,Gujarat,Vadodara,Fatehgunj,"21, Road, Fatehgunj, Vadodara",22.3392,73.1657,12000,18000,Shared,Double,Boys,0,1,1,1,1,1,1,0,Fully Furnished,2.9,401,Limited,OWN0174
PG01287,Nest Inn,Gujarat,Vadodara,Manjalpur,"87, Marg, Manjalpur, Vadodara",22.374,73.2438,9200,14000,Private,Double,Girls,0,1,1,1,1,0,1,1,Semi Furnished,4.4,271,Full,OWN0156
PG01288,New Rooms,Gujarat,Vadodara,Subhanpura,"41, Chowk, Subhanpura, Vadodara",22.254,73.1129,12300,24500,Private,Double,Girls,1,1,0,1,0,0,1,0,Semi Furnished,3.3,259,Available,OWN0092
PG01289,Golden Heights,Gujarat,Vadodara,Sayajigunj,"14, Chowk, Sayajigunj, Vadodara",22.2626,73.1896,11800,17500,Shared,Double,Girls,1,1,1,1,0,1,1,1,Semi Furnished,4.1,103,Full,OWN0071
PG01290,City Living,Gujarat,Vadodara,Alkapuri,"265, Chowk, Alkapuri, Vadodara",22.2444,73.2482,10000,10000,Private,Double,Girls,0,1,1,1,0,1,0,1,Fully Furnished,4.0,326,Available,OWN0041
PG01291,Modern Comforts,Gujarat,Vadodara,Alkapuri,"178, Society, Alkapuri, Vadodara",22.2715,73.2506,10600,32000,Shared,Triple,Girls,1,1,1,0,0,0,1,1,Fully Furnished,4.5,20,Available,OWN0051
PG01292,Blue Residency,Gujarat,Vadodara,Fatehgunj,"223, Nagar, Fatehgunj, Vadodara",22.3612,73.1508,10300,31000,Private,Double,Boys,0,0,1,1,1,1,1,1,Semi Furnished,3.5,354,Available,OWN0002
PG01293,Shree Heights,Gujarat,Vadodara,Karelibaug,"156, Chowk, Karelibaug, Vadodara",22.2432,73.1978,6500,10000,Dormitory,Dormitory,Boys,1,1,1,1,0,1,0,1,Unfurnished,2.9,411,Full,OWN0058
PG01294,Silver Retreat,Gujarat,Vadodara,Waghodia Road,"24, Road, Waghodia Road, Vadodara",22.3641,73.1317,11100,33500,Shared,Triple,Boys,1,1,0,0,0,1,0,0,Semi Furnished,3.4,22,Available,OWN0174
PG01295,Urban Girls Hostel,Gujarat,Vadodara,Waghodia Road,"289, Marg, Waghodia Road, Vadodara",22.3402,73.2323,6000,6000,Shared,Triple,Girls,0,1,0,1,1,0,1,1,Unfurnished,3.9,324,Available,OWN0149
PG01296,Legacy Retreat,Gujarat,Vadodara,Sayajigunj,"111, Colony, Sayajigunj, Vadodara",22.3034,73.1213,17500,17500,Private,Single,Coed,1,0,1,1,0,1,0,0,Unfurnished,3.4,6,Available,OWN0124
PG01297,Star Boys Hostel,Gujarat,Vadodara,Karelibaug,"177, Complex, Karelibaug, Vadodara",22.3495,73.2285,14100,21000,Private,Single,Coed,0,0,1,1,0,0,0,1,Unfurnished,4.9,402,Available,OWN0037
PG01298,Radha Nivas,Gujarat,Vadodara,Manjalpur,"95, Complex, Manjalpur, Vadodara",22.2588,73.1461,9500,9500,Private,Double,Girls,0,1,1,1,1,0,1,1,Fully Furnished,4.7,175,Full,OWN0138
PG01299,Sai Residency,Gujarat,Vadodara,Vasna,"358, Lane, Vasna, Vadodara",22.2415,73.2375,19500,58500,Private,Single,Girls,1,1,1,1,0,0,1,0,Semi Furnished,4.6,19,Limited,OWN0012
PG01300,Divine Home,Gujarat,Vadodara,Subhanpura,"256, Road, Subhanpura, Vadodara",22.3686,73.1251,16700,50000,Private,Single,Boys,1,0,1,1,1,0,1,1,Unfurnished,3.0,377,Limited,OWN0098
PG01301,Modern House,Gujarat,Vadodara,Vasna,"224, Society, Vasna, Vadodara",22.3597,73.2381,8200,8000,Shared,Triple,Girls,0,0,1,1,0,1,1,1,Fully Furnished,3.4,255,Available,OWN0060
PG01302,Silver Heights,Gujarat,Vadodara,Alkapuri,"372, Marg, Alkapuri, Vadodara",22.3073,73.1354,11600,23000,Private,Double,Girls,1,1,1,1,0,1,0,0,Semi Furnished,4.0,17,Available,OWN0179
PG01303,Star Villa,Gujarat,Vadodara,Alkapuri,"339, Nagar, Alkapuri, Vadodara",22.2777,73.1494,7500,22500,Shared,Triple,Boys,0,1,1,0,1,0,1,1,Fully Furnished,4.0,433,Available,OWN0022
PG01304,Radha Living,Gujarat,Vadodara,Alkapuri,"190, Colony, Alkapuri, Vadodara",22.3286,73.18,9000,18000,Shared,Triple,Girls,1,1,1,1,0,1,0,1,Fully Furnished,4.7,76,Available,OWN0080
PG01305,Shree Rooms,Gujarat,Vadodara,Manjalpur,"37, Colony, Manjalpur, Vadodara",22.2881,73.1515,7400,7500,Shared,Triple,Girls,0,1,0,1,1,1,1,1,Semi Furnished,3.7,315,Available,OWN0138
PG01306,Nirvana Stay,Gujarat,Vadodara,Sayajigunj,"331, Marg, Sayajigunj, Vadodara",22.2977,73.2072,12300,18500,Private,Double,Girls,1,1,0,1,1,1,0,1,Fully Furnished,5.0,425,Full,OWN0062
PG01307,Serene Heights,Gujarat,Vadodara,Fatehgunj,"58, Marg, Fatehgunj, Vadodara",22.274,73.1142,11800,23500,Private,Double,Boys,0,1,1,1,0,1,1,1,Semi Furnished,3.8,272,Available,OWN0019
PG01308,Nest PG,Gujarat,Vadodara,Sayajigunj,"333, Marg, Sayajigunj, Vadodara",22.3011,73.2408,9200,27500,Shared,Triple,Boys,1,1,1,0,1,0,0,1,Semi Furnished,4.3,39,Available,OWN0137
PG01309,Shree Boys Hostel,Gujarat,Vadodara,Gotri,"24, Complex, Gotri, Vadodara",22.3212,73.2162,4900,10000,Dormitory,Dormitory,Girls,0,1,1,1,0,0,1,0,Semi Furnished,3.1,273,Full,OWN0030
PG01310,Nest House,Gujarat,Vadodara,Sayajigunj,"98, Park, Sayajigunj, Vadodara",22.3046,73.213,9100,13500,Shared,Double,Boys,0,1,0,0,0,1,0,1,Unfurnished,4.6,101,Available,OWN0170
PG01311,Sunshine Heights,Gujarat,Vadodara,Sayajigunj,"66, Complex, Sayajigunj, Vadodara",22.3458,73.2234,10900,32500,Shared,Double,Girls,0,0,1,0,0,0,1,1,Fully Furnished,3.7,328,Limited,OWN0155
PG01312,Urban Inn,Gujarat,Vadodara,Vasna,"19, Marg, Vasna, Vadodara",22.259,73.1376,18500,37000,Private,Single,Boys,1,1,1,1,0,1,0,1,Fully Furnished,4.8,36,Available,OWN0073
PG01313,Vraj PG,Gujarat,Vadodara,Waghodia Road,"386, Chowk, Waghodia Road, Vadodara",22.2441,73.1504,17500,26000,Private,Single,Girls,1,1,1,1,0,1,0,1,Fully Furnished,3.0,322,Available,OWN0124
PG01314,Urban Rooms,Gujarat,Vadodara,Alkapuri,"121, Chowk, Alkapuri, Vadodara",22.3356,73.145,7800,15500,Dormitory,Dormitory,Girls,0,1,1,1,1,1,1,1,Fully Furnished,3.5,290,Full,OWN0074
PG01315,Royal Rooms,Gujarat,Vadodara,Sayajigunj,"200, Park, Sayajigunj, Vadodara",22.2971,73.1587,8300,16500,Shared,Double,Girls,0,0,1,1,0,0,0,1,Unfurnished,4.6,118,Limited,OWN0146
PG01316,Sai Rooms,Gujarat,Vadodara,Fatehgunj,"242, Marg, Fatehgunj, Vadodara",22.3733,73.2014,16600,16500,Private,Single,Coed,0,1,1,0,0,0,1,1,Fully Furnished,4.3,61,Available,OWN0114
PG01317,Comfort Stay,Gujarat,Vadodara,Manjalpur,"291, Chowk, Manjalpur, Vadodara",22.2813,73.2047,13400,13500,Private,Double,Girls,1,0,1,1,0,1,0,1,Semi Furnished,2.9,372,Available,OWN0065
PG01318,Radha Comforts,Gujarat,Vadodara,Vasna,"111, Park, Vasna, Vadodara",22.2746,73.1463,9500,14000,Shared,Triple,Girls,1,1,1,0,1,1,1,1,Semi Furnished,3.5,241,Available,OWN0161
PG01319,Ganesh Retreat,Gujarat,Vadodara,Waghodia Road,"343, Colony, Waghodia Road, Vadodara",22.2521,73.1954,15400,46000,Private,Double,Boys,1,1,0,1,1,0,1,1,Fully Furnished,4.7,150,Available,OWN0142
PG01320,Royal Nivas,Gujarat,Vadodara,Subhanpura,"85, Marg, Subhanpura, Vadodara",22.3293,73.2461,12500,25000,Shared,Double,Boys,0,1,1,1,0,1,0,1,Fully Furnished,4.9,399,Available,OWN0076
PG01321,City PG,Gujarat,Vadodara,Subhanpura,"171, Complex, Subhanpura, Vadodara",22.3024,73.1805,19500,39000,Private,Single,Girls,1,1,1,0,1,0,1,0,Fully Furnished,4.5,11,Available,OWN0164
PG01322,Metro Stay,Gujarat,Vadodara,Vasna,"230, Chowk, Vasna, Vadodara",22.2587,73.1909,11600,23000,Private,Double,Girls,0,1,1,1,0,1,0,1,Fully Furnished,4.6,106,Available,OWN0034
PG01323,Om Boys Hostel,Gujarat,Vadodara,Vasna,"212, Nagar, Vasna, Vadodara",22.2754,73.1511,9200,14000,Dormitory,Dormitory,Boys,1,1,1,1,1,1,1,1,Fully Furnished,3.6,392,Available,OWN0172
PG01324,Comfort Villa,Gujarat,Vadodara,Vasna,"86, Chowk, Vasna, Vadodara",22.2418,73.2115,8400,12500,Shared,Triple,Girls,0,1,1,0,0,0,0,1,Fully Furnished,4.3,341,Available,OWN0128
PG01325,Ganesh Home,Gujarat,Vadodara,Subhanpura,"26, Colony, Subhanpura, Vadodara",22.308,73.1547,12600,25000,Private,Double,Boys,1,1,1,1,1,0,1,1,Fully Furnished,4.8,13,Available,OWN0086
PG01326,Sunshine Retreat,Gujarat,Vadodara,Karelibaug,"325, Park, Karelibaug, Vadodara",22.2603,73.1779,12400,37000,Private,Double,Girls,0,1,0,1,0,0,1,1,Fully Furnished,4.8,424,Limited,OWN0183
PG01327,Om Residency,Gujarat,Vadodara,Gotri,"373, Road, Gotri, Vadodara",22.3027,73.1381,11300,11500,Shared,Double,Boys,1,0,1,1,1,1,0,1,Semi Furnished,5.0,450,Available,OWN0044
PG01328,Blue Boys Hostel,Gujarat,Vadodara,Waghodia Road,"388, Marg, Waghodia Road, Vadodara",22.3346,73.245,9200,18500,Dormitory,Dormitory,Girls,1,0,1,0,0,0,0,1,Semi Furnished,3.0,223,Limited,OWN0083
PG01329,Nirvana Palace,Gujarat,Vadodara,Subhanpura,"118, Road, Subhanpura, Vadodara",22.2754,73.2302,6300,9500,Dormitory,Dormitory,Boys,0,0,1,1,1,1,1,1,Semi Furnished,3.9,257,Limited,OWN0064
PG01330,Legacy Home,Gujarat,Vadodara,Karelibaug,"47, Society, Karelibaug, Vadodara",22.2596,73.2232,17900,27000,Private,Single,Boys,0,1,1,1,0,1,1,0,Fully Furnished,4.3,154,Limited,OWN0152
PG01331,Sunshine Palace,Gujarat,Vadodara,Waghodia Road,"86, Colony, Waghodia Road, Vadodara",22.2436,73.1454,10100,10000,Shared,Triple,Girls,1,1,1,1,0,0,1,1,Fully Furnished,2.8,7,Limited,OWN0168
PG01332,Zenith Palace,Gujarat,Vadodara,Karelibaug,"238, Park, Karelibaug, Vadodara",22.3588,73.2292,10500,31500,Shared,Double,Coed,0,1,1,1,0,0,1,1,Fully Furnished,3.5,321,Available,OWN0120
PG01333,Metro House,Gujarat,Vadodara,Fatehgunj,"6, Society, Fatehgunj, Vadodara",22.3048,73.1858,20000,20000,Private,Single,Coed,1,1,1,1,0,0,1,1,Fully Furnished,3.2,109,Available,OWN0098
PG01334,Happy Inn,Gujarat,Vadodara,Fatehgunj,"308, Lane, Fatehgunj, Vadodara",22.2621,73.2089,11000,22000,Shared,Double,Girls,0,1,1,1,1,0,0,1,Fully Furnished,4.4,89,Available,OWN0191
PG01335,Sunshine Boys Hostel,Gujarat,Vadodara,Vasna,"253, Nagar, Vasna, Vadodara",22.2514,73.2172,18200,54500,Private,Single,Boys,1,0,1,1,0,1,1,1,Fully Furnished,4.7,391,Available,OWN0114
PG01336,New Home,Gujarat,Vadodara,Vasna,"88, Society, Vasna, Vadodara",22.2429,73.1915,8600,17000,Private,Double,Boys,0,1,1,1,1,0,1,1,Semi Furnished,4.5,6,Available,OWN0129
PG01337,Sunshine Living,Gujarat,Vadodara,Manjalpur,"212, Colony, Manjalpur, Vadodara",22.2997,73.1438,6600,10000,Shared,Triple,Girls,0,1,1,1,1,1,1,1,Fully Furnished,3.5,372,Full,OWN0022
PG01338,Sunshine House,Gujarat,Vadodara,Sayajigunj,"86, Colony, Sayajigunj, Vadodara",22.327,73.2487,17400,52000,Private,Single,Girls,1,1,1,0,1,1,1,1,Semi Furnished,4.8,440,Available,OWN0008
PG01339,Comfort Residency,Gujarat,Vadodara,Alkapuri,"187, Nagar, Alkapuri, Vadodara",22.2622,73.117,20800,62500,Private,Single,Girls,1,0,0,1,1,1,1,1,Fully Furnished,4.0,266,Available,OWN0050
PG01340,Sunshine Comforts,Gujarat,Vadodara,Alkapuri,"29, Colony, Alkapuri, Vadodara",22.3406,73.1958,13900,28000,Private,Double,Girls,1,1,0,1,0,0,1,1,Semi Furnished,4.3,260,Limited,OWN0103
PG01341,Ganesh Girls Hostel,Gujarat,Vadodara,Sayajigunj,"37, Chowk, Sayajigunj, Vadodara",22.2553,73.1902,9000,13500,Shared,Double,Girls,0,0,1,1,1,0,0,1,Semi Furnished,4.3,289,Available,OWN0181
PG01342,Golden Living,Gujarat,Vadodara,Manjalpur,"232, Marg, Manjalpur, Vadodara",22.3596,73.1729,7300,22000,Shared,Triple,Coed,0,1,0,1,0,1,1,1,Fully Furnished,3.2,239,Full,OWN0159
PG01343,Star PG,Gujarat,Vadodara,Karelibaug,"322, Chowk, Karelibaug, Vadodara",22.3353,73.236,13300,26500,Shared,Double,Girls,1,0,1,1,0,1,0,1,Fully Furnished,3.4,351,Available,OWN0150
PG01344,Golden Retreat,Gujarat,Vadodara,Waghodia Road,"371, Park, Waghodia Road, Vadodara",22.3486,73.1598,11500,11500,Shared,Double,Girls,0,1,1,0,1,1,0,0,Semi Furnished,4.9,327,Available,OWN0027
PG01345,Sai PG,Gujarat,Vadodara,Subhanpura,"126, Road, Subhanpura, Vadodara",22.3463,73.1275,12900,19500,Shared,Double,Boys,1,1,0,0,1,0,1,1,Semi Furnished,4.8,104,Available,OWN0009
PG01346,Silver Comforts,Gujarat,Vadodara,Akota,"187, Chowk, Akota, Vadodara",22.3491,73.1276,9000,27000,Dormitory,Dormitory,Girls,1,1,1,1,1,1,1,1,Fully Furnished,4.2,90,Limited,OWN0021
PG01347,Legacy Living,Gujarat,Vadodara,Waghodia Road,"92, Road, Waghodia Road, Vadodara",22.2902,73.182,14100,42500,Shared,Double,Boys,1,0,1,0,0,1,1,1,Fully Furnished,3.2,230,Limited,OWN0083
PG01348,Zenith Nivas,Gujarat,Vadodara,Vasna,"192, Complex, Vasna, Vadodara",22.2876,73.2308,11800,23500,Private,Double,Girls,1,0,1,0,1,1,0,1,Semi Furnished,4.9,421,Full,OWN0044
PG01349,Shree PG,Gujarat,Vadodara,Akota,"40, Nagar, Akota, Vadodara",22.3386,73.1241,11200,22500,Private,Double,Coed,1,1,1,0,1,1,1,1,Semi Furnished,4.2,11,Available,OWN0189
PG01350,Radha Heights,Gujarat,Vadodara,Karelibaug,"372, Nagar, Karelibaug, Vadodara",22.2901,73.2323,8600,17000,Shared,Double,Girls,0,1,0,1,0,1,0,1,Semi Furnished,2.8,44,Limited,OWN0069
PG01351,Serene Inn,Gujarat,Vadodara,Sayajigunj,"298, Nagar, Sayajigunj, Vadodara",22.2515,73.2373,18400,27500,Private,Single,Girls,1,1,1,1,1,0,1,1,Semi Furnished,4.2,62,Full,OWN0016
PG01352,Radha Palace,Gujarat,Vadodara,Waghodia Road,"136, Marg, Waghodia Road, Vadodara",22.2785,73.1633,7500,15000,Shared,Triple,Girls,0,0,1,1,0,1,0,1,Fully Furnished,3.1,205,Available,OWN0122
PG01353,Blue Nivas,Gujarat,Vadodara,Vasna,"87, Lane, Vasna, Vadodara",22.336,73.1859,13500,40500,Private,Double,Girls,1,0,1,1,0,1,1,1,Fully Furnished,4.3,316,Available,OWN0152
PG01354,Happy Retreat,Gujarat,Vadodara,Vasna,"161, Colony, Vasna, Vadodara",22.3041,73.1769,9500,19000,Shared,Double,Boys,0,1,1,1,1,1,1,1,Fully Furnished,4.6,122,Available,OWN0061
PG01355,Nirvana Girls Hostel,Gujarat,Vadodara,Manjalpur,"380, Nagar, Manjalpur, Vadodara",22.3596,73.1855,8200,8000,Shared,Triple,Girls,0,1,1,1,1,1,1,0,Fully Furnished,4.6,49,Available,OWN0129
PG01356,Elite Boys Hostel,Gujarat,Vadodara,Akota,"85, Society, Akota, Vadodara",22.2904,73.2286,16300,32500,Private,Single,Girls,0,1,1,1,1,1,0,1,Fully Furnished,3.1,146,Limited,OWN0121
PG01357,New Retreat,Gujarat,Vadodara,Sayajigunj,"20, Colony, Sayajigunj, Vadodara",22.3384,73.1696,9200,14000,Shared,Triple,Girls,1,0,1,0,0,0,0,1,Semi Furnished,3.2,174,Full,OWN0191
PG01358,Blue Living,Gujarat,Vadodara,Waghodia Road,"215, Colony, Waghodia Road, Vadodara",22.3482,73.2296,10000,15000,Private,Double,Girls,0,0,0,1,0,1,1,1,Semi Furnished,3.3,324,Available,OWN0066
PG01359,Nest Residency,Gujarat,Vadodara,Karelibaug,"73, Nagar, Karelibaug, Vadodara",22.352,73.2043,20600,31000,Private,Single,Girls,1,1,1,1,1,1,1,1,Fully Furnished,4.6,283,Available,OWN0182
PG01360,Urban Nivas,Gujarat,Vadodara,Vasna,"193, Lane, Vasna, Vadodara",22.2839,73.1973,9700,29000,Private,Double,Boys,0,1,1,1,1,1,1,1,Fully Furnished,4.0,101,Available,OWN0134
PG01361,Zenith Boys Hostel,Gujarat,Vadodara,Gotri,"179, Lane, Gotri, Vadodara",22.3295,73.208,16700,33500,Private,Single,Girls,1,1,1,0,1,1,0,1,Semi Furnished,3.4,49,Available,OWN0078
PG01362,Sai Girls Hostel,Gujarat,Vadodara,Vasna,"28, Society, Vasna, Vadodara",22.332,73.1995,6000,18000,Dormitory,Dormitory,Boys,0,1,1,1,0,1,1,1,Semi Furnished,3.9,239,Limited,OWN0117
PG01363,Cozy Girls Hostel,Gujarat,Vadodara,Vasna,"176, Colony, Vasna, Vadodara",22.29,73.1612,15200,45500,Private,Single,Boys,0,1,1,0,0,1,0,1,Fully Furnished,4.2,298,Available,OWN0053
PG01364,Blue Residency,Gujarat,Vadodara,Vasna,"276, Society, Vasna, Vadodara",22.2641,73.1461,9600,14500,Shared,Double,Boys,0,0,1,1,1,0,1,1,Fully Furnished,4.6,221,Available,OWN0113
PG01365,Metro Heights,Gujarat,Vadodara,Akota,"164, Complex, Akota, Vadodara",22.3417,73.1528,12100,36500,Shared,Triple,Girls,1,0,0,0,0,1,0,1,Fully Furnished,3.3,94,Available,OWN0014
PG01366,Nest Retreat,Maharashtra,Navi Mumbai,Airoli,"245, Society, Airoli, Navi Mumbai",19.0113,73.053,13100,26000,Private,Double,Girls,1,1,1,1,1,1,0,1,Semi Furnished,4.6,188,Full,OWN0099
PG01367,City Retreat,Maharashtra,Navi Mumbai,Panvel,"320, Complex, Panvel, Navi Mumbai",19.0679,73.0578,13100,19500,Private,Double,Girls,1,1,1,1,1,1,1,1,Fully Furnished,5.0,442,Limited,OWN0097
PG01368,Legacy Inn,Maharashtra,Navi Mumbai,Airoli,"170, Road, Airoli, Navi Mumbai",19.0321,72.961,9300,28000,Private,Double,Girls,0,1,1,0,1,1,1,0,Semi Furnished,3.1,333,Full,OWN0012
PG01369,Elite Home,Maharashtra,Navi Mumbai,Panvel,"30, Road, Panvel, Navi Mumbai",19.0562,73.0243,6200,9500,Dormitory,Dormitory,Boys,0,1,1,1,0,1,1,1,Fully Furnished,4.6,386,Available,OWN0069
PG01370,Om Retreat,Maharashtra,Navi Mumbai,Nerul,"91, Colony, Nerul, Navi Mumbai",19.0113,73.0504,9400,9500,Shared,Double,Coed,0,0,1,0,1,1,1,1,Unfurnished,3.6,385,Available,OWN0178
PG01371,Krishna Girls Hostel,Maharashtra,Navi Mumbai,Nerul,"347, Park, Nerul, Navi Mumbai",18.9743,73.0187,7900,8000,Shared,Triple,Coed,0,1,1,1,0,1,1,1,Fully Furnished,3.3,305,Available,OWN0049
PG01372,Elite Comforts,Maharashtra,Navi Mumbai,Kharghar,"191, Complex, Kharghar, Navi Mumbai",19.0345,73.0119,12400,37000,Shared,Double,Girls,1,1,1,0,0,0,1,0,Semi Furnished,4.0,274,Available,OWN0193
PG01373,Modern Girls Hostel,Maharashtra,Navi Mumbai,Kopar Khairane,"379, Lane, Kopar Khairane, Navi Mumbai",18.9749,73.0192,10000,15000,Private,Double,Boys,0,1,1,1,0,1,0,0,Semi Furnished,3.3,66,Available,OWN0073
PG01374,Nest Home,Maharashtra,Navi Mumbai,Airoli,"57, Colony, Airoli, Navi Mumbai",19.0177,73.0959,11000,16500,Shared,Double,Girls,0,1,1,1,1,1,0,1,Fully Furnished,3.2,11,Available,OWN0090
PG01375,Om PG,Maharashtra,Navi Mumbai,Airoli,"329, Chowk, Airoli, Navi Mumbai",19.0316,73.012,7100,7000,Shared,Triple,Boys,0,1,1,0,0,0,0,1,Semi Furnished,3.3,70,Available,OWN0135
PG01376,Metro House,Maharashtra,Navi Mumbai,Kharghar,"156, Park, Kharghar, Navi Mumbai",18.992,73.0708,15500,31000,Private,Single,Girls,0,1,1,1,1,0,0,1,Semi Furnished,3.9,216,Full,OWN0170
PG01377,Legacy Retreat,Maharashtra,Navi Mumbai,Vashi,"103, Complex, Vashi, Navi Mumbai",19.0624,72.9728,9300,18500,Dormitory,Dormitory,Girls,1,1,1,0,1,1,1,1,Semi Furnished,3.9,264,Available,OWN0064
PG01378,Sai Retreat,Maharashtra,Navi Mumbai,Kharghar,"298, Marg, Kharghar, Navi Mumbai",19.0022,72.9611,10800,11000,Private,Double,Girls,0,1,1,0,1,1,1,1,Semi Furnished,4.3,84,Limited,OWN0190
PG01379,Elite House,Maharashtra,Navi Mumbai,Nerul,"353, Chowk, Nerul, Navi Mumbai",19.021,73.076,8200,16500,Shared,Triple,Boys,0,0,1,1,0,1,1,1,Semi Furnished,3.1,439,Full,OWN0075
PG01380,Legacy Palace,Maharashtra,Navi Mumbai,Kopar Khairane,"257, Chowk, Kopar Khairane, Navi Mumbai",18.9854,73.061,4800,14500,Dormitory,Dormitory,Boys,0,1,1,1,1,1,1,1,Fully Furnished,4.4,214,Full,OWN0113
PG01381,Blue Inn,Maharashtra,Navi Mumbai,Airoli,"71, Marg, Airoli, Navi Mumbai",19.0893,72.983,12500,25000,Private,Double,Boys,0,1,1,0,0,1,0,1,Fully Furnished,3.2,441,Limited,OWN0066
PG01382,Cozy Retreat,Maharashtra,Navi Mumbai,Panvel,"235, Colony, Panvel, Navi Mumbai",19.0797,73.0978,13000,13000,Shared,Double,Girls,1,1,1,1,1,0,0,0,Semi Furnished,4.3,309,Available,OWN0103
PG01383,Ganesh PG,Maharashtra,Navi Mumbai,Panvel,"73, Lane, Panvel, Navi Mumbai",19.042,73.0509,7800,15500,Shared,Triple,Coed,0,0,1,1,1,0,1,1,Fully Furnished,4.3,214,Available,OWN0136
PG01384,Legacy Residency,Maharashtra,Navi Mumbai,Airoli,"225, Society, Airoli, Navi Mumbai",18.9631,72.9793,7500,22500,Dormitory,Dormitory,Coed,0,0,1,1,0,1,0,1,Fully Furnished,5.0,231,Available,OWN0005
PG01385,Zenith House,Maharashtra,Navi Mumbai,Kharghar,"115, Road, Kharghar, Navi Mumbai",19.0714,73.0302,6400,9500,Dormitory,Dormitory,Boys,0,1,1,1,0,1,0,1,Semi Furnished,4.1,255,Available,OWN0082
PG01386,Radha House,Maharashtra,Navi Mumbai,Nerul,"104, Lane, Nerul, Navi Mumbai",18.9736,72.9949,8400,8500,Shared,Triple,Boys,0,1,1,1,1,0,0,1,Fully Furnished,4.7,174,Available,OWN0025
PG01387,Nest Rooms,Maharashtra,Navi Mumbai,Kharghar,"217, Park, Kharghar, Navi Mumbai",18.9809,72.9978,12100,12000,Shared,Double,Girls,0,1,1,0,0,1,0,1,Fully Furnished,2.9,301,Limited,OWN0009
PG01388,Star Retreat,Maharashtra,Navi Mumbai,Airoli,"132, Park, Airoli, Navi Mumbai",19.0247,73.0659,14000,28000,Private,Double,Girls,1,0,1,1,0,0,1,1,Fully Furnished,4.9,198,Available,OWN0135
PG01389,Elite Heights,Maharashtra,Navi Mumbai,Kharghar,"103, Nagar, Kharghar, Navi Mumbai",19.012,72.9773,9100,18000,Shared,Triple,Girls,0,1,1,1,0,0,1,1,Fully Furnished,3.2,300,Available,OWN0047
PG01390,Nest House,Maharashtra,Navi Mumbai,Nerul,"319, Nagar, Nerul, Navi Mumbai",19.065,72.9917,10500,21000,Shared,Double,Girls,0,1,0,1,0,0,1,1,Semi Furnished,4.8,433,Available,OWN0052
PG01391,Blue Living,Maharashtra,Navi Mumbai,Kopar Khairane,"9, Lane, Kopar Khairane, Navi Mumbai",19.042,73.0742,11700,35000,Shared,Double,Girls,1,1,1,1,1,1,1,1,Semi Furnished,4.4,97,Available,OWN0098
PG01392,Modern Rooms,Maharashtra,Navi Mumbai,Kharghar,"3, Colony, Kharghar, Navi Mumbai",18.9801,73.0904,9300,14000,Shared,Triple,Boys,1,0,1,1,0,1,0,1,Fully Furnished,5.0,405,Full,OWN0171
PG01393,Legacy Villa,Maharashtra,Navi Mumbai,Belapur,"391, Nagar, Belapur, Navi Mumbai",19.0854,72.968,11200,33500,Private,Double,Boys,0,1,1,0,1,0,1,1,Fully Furnished,3.0,334,Available,OWN0195
PG01394,Om Rooms,Maharashtra,Navi Mumbai,Belapur,"194, Chowk, Belapur, Navi Mumbai",19.0108,73.083,11100,22000,Private,Double,Boys,0,1,1,1,0,1,1,1,Fully Furnished,4.9,157,Limited,OWN0133
PG01395,Elite Retreat,Maharashtra,Navi Mumbai,Belapur,"72, Park, Belapur, Navi Mumbai",19.0547,73.0924,10400,21000,Shared,Double,Girls,0,1,1,0,0,1,1,0,Semi Furnished,3.0,240,Available,OWN0189
PG01396,Om Residency,Maharashtra,Navi Mumbai,Airoli,"333, Chowk, Airoli, Navi Mumbai",18.9714,73.0176,9600,29000,Shared,Double,Coed,0,1,1,1,0,1,1,1,Semi Furnished,2.9,325,Available,OWN0191
PG01397,Radha PG,Maharashtra,Navi Mumbai,Nerul,"353, Lane, Nerul, Navi Mumbai",19.0826,73.0685,11500,17000,Shared,Double,Boys,0,1,1,1,1,1,0,0,Semi Furnished,3.7,279,Available,OWN0164
PG01398,Nirvana Rooms,Maharashtra,Navi Mumbai,Kharghar,"138, Society, Kharghar, Navi Mumbai",19.028,73.0126,8800,13000,Shared,Triple,Girls,0,1,0,1,0,0,1,1,Semi Furnished,4.2,17,Available,OWN0143
PG01399,Zenith Comforts,Maharashtra,Navi Mumbai,Nerul,"241, Marg, Nerul, Navi Mumbai",19.069,73.065,8900,13500,Shared,Triple,Girls,0,0,0,0,1,0,0,1,Semi Furnished,3.1,390,Limited,OWN0196
PG01400,Radha Rooms,Maharashtra,Navi Mumbai,Kopar Khairane,"179, Lane, Kopar Khairane, Navi Mumbai",19.0589,72.9948,9000,13500,Shared,Triple,Boys,1,1,1,1,0,1,0,1,Fully Furnished,3.6,120,Available,OWN0041
PG01401,Elite Girls Hostel,Maharashtra,Navi Mumbai,Belapur,"244, Lane, Belapur, Navi Mumbai",19.0087,73.0021,5800,8500,Shared,Triple,Coed,0,0,0,1,1,0,1,1,Semi Furnished,4.5,411,Available,OWN0135
PG01402,Sunshine Girls Hostel,Maharashtra,Navi Mumbai,Airoli,"275, Chowk, Airoli, Navi Mumbai",19.017,73.0942,11600,23000,Private,Double,Boys,0,1,0,1,1,1,0,1,Fully Furnished,3.7,345,Available,OWN0054
PG01403,Radha PG,Maharashtra,Navi Mumbai,Vashi,"125, Nagar, Vashi, Navi Mumbai",19.0823,73.0008,14800,44500,Private,Double,Boys,1,0,1,1,0,0,1,1,Fully Furnished,3.4,46,Limited,OWN0111
PG01404,Golden Comforts,Maharashtra,Navi Mumbai,Kopar Khairane,"334, Lane, Kopar Khairane, Navi Mumbai",19.0832,73.0549,16100,16000,Private,Single,Boys,0,1,1,0,0,0,0,1,Fully Furnished,3.4,6,Available,OWN0085
PG01405,Comfort Boys Hostel,Maharashtra,Navi Mumbai,Airoli,"78, Society, Airoli, Navi Mumbai",19.0883,73.009,12500,12500,Shared,Double,Girls,0,1,1,1,0,1,1,1,Fully Furnished,3.5,307,Available,OWN0027
PG01406,Silver Retreat,Maharashtra,Navi Mumbai,Airoli,"103, Marg, Airoli, Navi Mumbai",19.0791,73.0471,6100,9000,Dormitory,Dormitory,Girls,0,1,1,1,1,1,1,1,Fully Furnished,4.7,80,Full,OWN0111
PG01407,Divine Rooms,Maharashtra,Navi Mumbai,Nerul,"350, Road, Nerul, Navi Mumbai",18.9844,72.9893,9800,14500,Shared,Double,Boys,0,0,1,1,1,0,0,1,Semi Furnished,3.3,342,Available,OWN0089
PG01408,City Home,Maharashtra,Navi Mumbai,Panvel,"218, Park, Panvel, Navi Mumbai",19.0252,72.9951,16800,25000,Private,Single,Girls,0,1,1,1,0,1,0,1,Semi Furnished,3.4,393,Available,OWN0041
PG01409,Blue Rooms,Maharashtra,Navi Mumbai,Vashi,"260, Marg, Vashi, Navi Mumbai",18.9731,73.0698,10600,10500,Private,Double,Boys,0,0,1,1,0,1,1,1,Fully Furnished,3.8,121,Full,OWN0035
PG01410,City Palace,Maharashtra,Navi Mumbai,Nerul,"119, Road, Nerul, Navi Mumbai",18.9964,72.9943,8000,8000,Dormitory,Dormitory,Girls,1,0,1,1,1,1,0,1,Fully Furnished,4.5,352,Limited,OWN0124
PG01411,Radha Inn,Maharashtra,Navi Mumbai,Panvel,"132, Lane, Panvel, Navi Mumbai",19.0465,73.0426,13100,13000,Private,Double,Girls,1,1,1,1,1,1,1,1,Semi Furnished,3.9,420,Available,OWN0015
PG01412,Blue Comforts,Maharashtra,Navi Mumbai,Kopar Khairane,"344, Marg, Kopar Khairane, Navi Mumbai",19.0827,73.0522,19900,20000,Private,Single,Girls,1,1,1,1,1,0,1,1,Fully Furnished,4.3,246,Available,OWN0065
PG01413,Metro Home,Maharashtra,Navi Mumbai,Kopar Khairane,"16, Lane, Kopar Khairane, Navi Mumbai",19.0624,73.0096,6500,10000,Shared,Triple,Coed,0,1,0,0,0,0,1,1,Unfurnished,3.7,378,Available,OWN0075
PG01414,Nirvana Nivas,Maharashtra,Navi Mumbai,Kopar Khairane,"135, Complex, Kopar Khairane, Navi Mumbai",18.9837,73.0379,10300,15500,Shared,Double,Girls,0,1,1,0,1,1,0,1,Fully Furnished,4.5,64,Available,OWN0036
PG01415,Comfort Retreat,Maharashtra,Navi Mumbai,Airoli,"248, Colony, Airoli, Navi Mumbai",19.0153,73.0563,10400,15500,Private,Double,Coed,0,1,1,1,0,1,1,1,Semi Furnished,3.5,254,Available,OWN0069
PG01416,Comfort Stay,Maharashtra,Navi Mumbai,Kharghar,"388, Lane, Kharghar, Navi Mumbai",18.9646,73.0936,10900,16500,Shared,Triple,Boys,1,0,0,1,0,1,1,1,Semi Furnished,3.4,447,Available,OWN0022
PG01417,Comfort Nivas,Maharashtra,Navi Mumbai,Nerul,"369, Road, Nerul, Navi Mumbai",19.0267,73.0058,10600,32000,Shared,Double,Girls,0,0,1,0,0,1,0,1,Fully Furnished,4.9,177,Available,OWN0116
PG01418,Comfort Boys Hostel,Maharashtra,Navi Mumbai,Kharghar,"49, Nagar, Kharghar, Navi Mumbai",19.0559,73.068,11000,33000,Private,Double,Girls,0,1,0,1,1,1,0,1,Semi Furnished,4.9,165,Available,OWN0164
PG01419,Star Residency,Maharashtra,Navi Mumbai,Nerul,"243, Society, Nerul, Navi Mumbai",19.0757,73.0854,7600,7500,Shared,Triple,Girls,0,1,1,0,0,1,1,1,Fully Furnished,3.1,140,Available,OWN0085
PG01420,Legacy Girls Hostel,Maharashtra,Navi Mumbai,Airoli,"231, Complex, Airoli, Navi Mumbai",19.0947,73.0136,12800,19000,Shared,Double,Girls,1,0,1,1,1,0,0,1,Semi Furnished,3.4,349,Available,OWN0160
PG01421,Happy Living,Maharashtra,Navi Mumbai,Airoli,"52, Chowk, Airoli, Navi Mumbai",19.0578,73.0381,11200,33500,Private,Double,Boys,0,1,1,1,0,1,1,1,Fully Furnished,4.6,227,Limited,OWN0066
PG01422,Legacy Heights,Maharashtra,Navi Mumbai,Nerul,"139, Road, Nerul, Navi Mumbai",18.9633,72.968,15500,46500,Shared,Double,Girls,1,1,1,0,1,0,1,1,Fully Furnished,3.1,215,Available,OWN0042
PG01423,City Retreat,Maharashtra,Navi Mumbai,Kharghar,"384, Road, Kharghar, Navi Mumbai",18.9845,73.0891,7200,21500,Shared,Triple,Coed,0,1,1,1,0,1,0,0,Fully Furnished,3.7,426,Full,OWN0071
PG01424,City Inn,Maharashtra,Navi Mumbai,Airoli,"261, Colony, Airoli, Navi Mumbai",19.0801,73.058,9300,9500,Dormitory,Dormitory,Coed,1,1,0,0,0,1,0,1,Fully Furnished,4.6,359,Limited,OWN0118
PG01425,Legacy Retreat,Maharashtra,Navi Mumbai,Vashi,"100, Park, Vashi, Navi Mumbai",18.9633,73.0486,13400,40000,Shared,Double,Girls,1,0,1,1,0,1,1,0,Fully Furnished,3.8,80,Available,OWN0001
PG01426,Royal Villa,Maharashtra,Navi Mumbai,Airoli,"230, Colony, Airoli, Navi Mumbai",18.9774,73.0199,8400,8500,Shared,Triple,Boys,0,0,1,1,1,0,0,1,Fully Furnished,3.9,373,Available,OWN0102
PG01427,Cozy Rooms,Maharashtra,Navi Mumbai,Kharghar,"225, Nagar, Kharghar, Navi Mumbai",18.9831,73.0084,16000,48000,Private,Single,Boys,0,1,1,1,0,1,1,1,Fully Furnished,5.0,267,Available,OWN0168
PG01428,Urban PG,Maharashtra,Navi Mumbai,Vashi,"224, Nagar, Vashi, Navi Mumbai",19.0177,73.0868,12300,12500,Private,Double,Boys,0,1,1,1,0,0,1,1,Fully Furnished,4.6,369,Available,OWN0113
PG01429,Radha Retreat,Maharashtra,Navi Mumbai,Airoli,"147, Nagar, Airoli, Navi Mumbai",19.0084,73.0627,19700,59000,Private,Single,Girls,1,1,1,1,1,1,1,0,Semi Furnished,4.0,11,Available,OWN0018
PG01430,Modern Residency,Maharashtra,Navi Mumbai,Kharghar,"171, Colony, Kharghar, Navi Mumbai",18.9944,72.9759,9500,19000,Private,Double,Coed,0,0,1,1,1,1,1,1,Fully Furnished,4.3,259,Available,OWN0041
PG01431,Krishna Residency,Maharashtra,Navi Mumbai,Belapur,"288, Park, Belapur, Navi Mumbai",19.0374,73.0842,18000,27000,Private,Single,Boys,1,0,1,0,0,1,1,1,Unfurnished,4.7,131,Available,OWN0007
PG01432,Radha Rooms,Maharashtra,Navi Mumbai,Vashi,"172, Chowk, Vashi, Navi Mumbai",18.9718,72.9719,9700,19500,Shared,Triple,Girls,1,0,1,0,1,1,1,0,Fully Furnished,4.6,176,Available,OWN0006
PG01433,Serene Nivas,Maharashtra,Navi Mumbai,Panvel,"217, Society, Panvel, Navi Mumbai",18.9787,73.091,19900,40000,Private,Single,Boys,1,1,1,1,0,0,1,0,Fully Furnished,4.8,401,Available,OWN0190
PG01434,Modern Heights,Maharashtra,Navi Mumbai,Panvel,"2, Complex, Panvel, Navi Mumbai",19.0008,73.0564,9900,10000,Private,Double,Boys,0,1,1,1,0,0,1,1,Unfurnished,4.6,210,Available,OWN0125
PG01435,Comfort Stay,Maharashtra,Navi Mumbai,Kopar Khairane,"5, Nagar, Kopar Khairane, Navi Mumbai",19.036,72.9622,9900,10000,Shared,Double,Boys,0,0,1,1,1,1,0,1,Unfurnished,4.3,29,Available,OWN0182
PG01436,Shree Girls Hostel,Maharashtra,Navi Mumbai,Kharghar,"303, Nagar, Kharghar, Navi Mumbai",19.0519,73.0943,11400,34000,Shared,Double,Boys,0,1,1,0,0,1,0,0,Unfurnished,4.5,78,Available,OWN0039
PG01437,Urban Inn,Maharashtra,Navi Mumbai,Panvel,"290, Marg, Panvel, Navi Mumbai",19.084,73.0152,12000,18000,Private,Double,Girls,1,1,1,0,0,0,1,1,Fully Furnished,2.8,119,Available,OWN0067
PG01438,Sai Inn,Maharashtra,Navi Mumbai,Panvel,"214, Chowk, Panvel, Navi Mumbai",19.0324,73.0859,12700,38000,Private,Double,Boys,0,0,1,1,1,0,1,0,Fully Furnished,3.4,56,Available,OWN0091
PG01439,Modern Boys Hostel,Maharashtra,Navi Mumbai,Vashi,"74, Chowk, Vashi, Navi Mumbai",18.9896,73.084,12600,25000,Shared,Double,Boys,0,0,0,0,0,1,1,0,Fully Furnished,4.6,403,Available,OWN0065
PG01440,Legacy Boys Hostel,Maharashtra,Navi Mumbai,Nerul,"61, Marg, Nerul, Navi Mumbai",19.0674,73.056,13900,14000,Shared,Double,Girls,1,0,1,1,0,0,0,1,Fully Furnished,4.1,12,Available,OWN0099
PG01441,Radha PG,Maharashtra,Navi Mumbai,Nerul,"92, Chowk, Nerul, Navi Mumbai",19.056,73.0434,11600,23000,Shared,Triple,Girls,1,1,1,1,1,1,0,1,Fully Furnished,4.9,330,Full,OWN0144
PG01442,City Residency,Maharashtra,Navi Mumbai,Kopar Khairane,"83, Society, Kopar Khairane, Navi Mumbai",19.0882,72.9622,8100,16000,Shared,Triple,Boys,0,1,1,1,0,1,1,1,Fully Furnished,4.3,147,Available,OWN0165
PG01443,Metro Stay,Maharashtra,Navi Mumbai,Nerul,"319, Complex, Nerul, Navi Mumbai",18.9673,72.9901,8700,17500,Dormitory,Dormitory,Girls,1,1,1,1,0,0,1,0,Fully Furnished,3.8,335,Limited,OWN0193
PG01444,Metro Heights,Maharashtra,Navi Mumbai,Vashi,"41, Nagar, Vashi, Navi Mumbai",19.0043,73.0369,10300,20500,Shared,Double,Girls,0,1,1,1,0,1,1,1,Fully Furnished,3.1,171,Available,OWN0058
PG01445,Elite Villa,Maharashtra,Navi Mumbai,Belapur,"136, Society, Belapur, Navi Mumbai",19.0134,73.0667,15300,30500,Shared,Double,Girls,1,1,1,1,1,0,1,1,Fully Furnished,4.0,226,Full,OWN0059
PG01446,Radha PG,Maharashtra,Navi Mumbai,Panvel,"272, Lane, Panvel, Navi Mumbai",19.0445,73.0152,8600,13000,Shared,Triple,Girls,0,1,1,1,0,0,1,0,Semi Furnished,3.6,262,Limited,OWN0080
PG01447,New Nivas,Maharashtra,Navi Mumbai,Airoli,"29, Park, Airoli, Navi Mumbai",19.0437,73.093,13300,26500,Shared,Double,Girls,1,1,1,0,0,1,1,1,Semi Furnished,3.7,232,Limited,OWN0135
PG01448,Nirvana Palace,Maharashtra,Navi Mumbai,Panvel,"267, Marg, Panvel, Navi Mumbai",19.0732,72.9898,17000,51000,Private,Single,Coed,0,1,1,0,1,0,1,0,Fully Furnished,3.2,328,Available,OWN0162
PG01449,Serene Comforts,Maharashtra,Navi Mumbai,Vashi,"236, Lane, Vashi, Navi Mumbai",19.0322,73.0396,16500,25000,Private,Single,Girls,0,1,1,1,0,0,0,1,Semi Furnished,4.6,411,Available,OWN0012
PG01450,Metro Heights,Maharashtra,Navi Mumbai,Belapur,"12, Nagar, Belapur, Navi Mumbai",18.9766,72.9955,5600,17000,Shared,Triple,Girls,0,1,1,1,1,1,1,1,Semi Furnished,3.8,328,Limited,OWN0172
PG01451,Happy Home,Maharashtra,Navi Mumbai,Kopar Khairane,"1, Road, Kopar Khairane, Navi Mumbai",19.0514,73.0091,11800,23500,Shared,Double,Boys,0,1,1,1,0,0,1,1,Fully Furnished,4.6,106,Full,OWN0089
PG01452,Ganesh Heights,Maharashtra,Navi Mumbai,Vashi,"301, Colony, Vashi, Navi Mumbai",18.9847,73.0062,18400,27500,Private,Single,Coed,1,0,1,1,0,1,1,1,Fully Furnished,3.7,431,Limited,OWN0137
PG01453,Om Retreat,Maharashtra,Navi Mumbai,Kopar Khairane,"25, Lane, Kopar Khairane, Navi Mumbai",19.0562,72.961,12300,12500,Shared,Triple,Girls,1,1,1,1,0,1,1,0,Fully Furnished,3.9,140,Full,OWN0101
PG01454,Sai Nivas,Maharashtra,Navi Mumbai,Panvel,"343, Road, Panvel, Navi Mumbai",19.0294,73.0708,10000,15000,Shared,Double,Girls,0,1,1,1,0,0,1,0,Fully Furnished,3.7,438,Full,OWN0096
PG01455,Elite Inn,Maharashtra,Navi Mumbai,Panvel,"167, Marg, Panvel, Navi Mumbai",19.0254,73.0627,19100,57500,Private,Single,Boys,1,0,1,1,0,1,0,1,Fully Furnished,3.4,376,Available,OWN0174
PG01456,Sunshine Boys Hostel,Maharashtra,Navi Mumbai,Vashi,"46, Road, Vashi, Navi Mumbai",19.0483,73.0492,10700,21500,Shared,Triple,Girls,1,0,1,0,0,1,0,1,Semi Furnished,2.9,314,Limited,OWN0101
PG01457,Star Home,Maharashtra,Navi Mumbai,Airoli,"32, Park, Airoli, Navi Mumbai",18.9911,72.98,6200,12500,Dormitory,Dormitory,Girls,1,1,1,1,0,0,0,0,Semi Furnished,4.6,261,Available,OWN0053
PG01458,Zenith Inn,Maharashtra,Navi Mumbai,Panvel,"392, Lane, Panvel, Navi Mumbai",19.0853,73.056,13600,13500,Shared,Double,Girls,1,1,0,0,0,1,1,1,Fully Furnished,3.5,157,Available,OWN0150
PG01459,New Residency,Maharashtra,Navi Mumbai,Panvel,"243, Complex, Panvel, Navi Mumbai",19.101,73.0568,5400,5500,Dormitory,Dormitory,Boys,0,0,1,1,1,0,1,1,Fully Furnished,3.3,70,Available,OWN0147
PG01460,Om Comforts,Maharashtra,Navi Mumbai,Kharghar,"216, Nagar, Kharghar, Navi Mumbai",18.9849,72.9947,8600,26000,Shared,Triple,Boys,0,1,1,1,1,1,0,1,Fully Furnished,4.5,247,Available,OWN0094
PG01461,Legacy Rooms,Maharashtra,Navi Mumbai,Nerul,"80, Lane, Nerul, Navi Mumbai",19.06,73.0103,10600,16000,Private,Double,Girls,0,0,0,1,0,1,1,1,Semi Furnished,4.6,187,Full,OWN0140
PG01462,Ganesh Nivas,Maharashtra,Navi Mumbai,Kopar Khairane,"54, Chowk, Kopar Khairane, Navi Mumbai",19.0647,72.9868,7000,10500,Shared,Triple,Boys,0,1,1,0,0,1,0,1,Fully Furnished,3.0,10,Full,OWN0032
PG01463,Krishna Residency,Maharashtra,Navi Mumbai,Belapur,"270, Marg, Belapur, Navi Mumbai",18.9699,73.0353,10700,32000,Private,Double,Girls,0,0,1,1,1,1,1,1,Semi Furnished,3.9,256,Limited,OWN0067
PG01464,Om Girls Hostel,Maharashtra,Navi Mumbai,Nerul,"41, Lane, Nerul, Navi Mumbai",19.0255,73.0733,8500,13000,Shared,Triple,Boys,0,0,1,0,1,1,1,1,Fully Furnished,3.2,250,Available,OWN0038
PG01465,Nirvana Girls Hostel,Maharashtra,Navi Mumbai,Kharghar,"88, Marg, Kharghar, Navi Mumbai",18.979,73.0892,18600,18500,Private,Single,Boys,1,1,1,1,0,1,0,1,Fully Furnished,3.4,71,Limited,OWN0007
PG01466,Om Girls Hostel,Maharashtra,Navi Mumbai,Belapur,"84, Complex, Belapur, Navi Mumbai",19.0008,73.0926,12900,19500,Shared,Double,Coed,0,1,1,1,1,1,1,1,Fully Furnished,3.7,191,Available,OWN0113
PG01467,Modern Inn,Maharashtra,Navi Mumbai,Panvel,"269, Colony, Panvel, Navi Mumbai",19.0759,73.0305,8800,9000,Shared,Triple,Coed,0,1,1,0,0,1,1,0,Semi Furnished,4.8,129,Limited,OWN0082
PG01468,Shree Nivas,Maharashtra,Navi Mumbai,Kharghar,"129, Colony, Kharghar, Navi Mumbai",19.0297,72.9986,18600,56000,Private,Single,Boys,1,1,1,1,0,1,0,1,Unfurnished,3.5,257,Available,OWN0172
PG01469,Cozy Stay,Maharashtra,Navi Mumbai,Belapur,"65, Society, Belapur, Navi Mumbai",19.077,72.9654,13000,26000,Shared,Double,Boys,1,1,1,1,1,1,1,1,Semi Furnished,3.5,99,Available,OWN0033
PG01470,Urban Nivas,Maharashtra,Navi Mumbai,Kopar Khairane,"53, Society, Kopar Khairane, Navi Mumbai",18.9894,72.9925,7800,8000,Dormitory,Dormitory,Coed,0,0,1,1,0,1,0,1,Fully Furnished,4.1,420,Available,OWN0048
PG01471,Metro Heights,Maharashtra,Navi Mumbai,Panvel,"305, Park, Panvel, Navi Mumbai",19.0913,73.0332,9800,29500,Shared,Triple,Girls,0,0,1,1,0,1,0,1,Fully Furnished,3.3,333,Limited,OWN0186
PG01472,Cozy Girls Hostel,Maharashtra,Navi Mumbai,Kharghar,"198, Park, Kharghar, Navi Mumbai",18.9668,73.0296,11500,34500,Shared,Triple,Girls,1,1,1,0,1,0,1,1,Fully Furnished,3.1,317,Full,OWN0187
PG01473,City Home,Maharashtra,Navi Mumbai,Kopar Khairane,"352, Complex, Kopar Khairane, Navi Mumbai",18.9654,73.0215,18700,56000,Private,Single,Girls,1,1,1,1,1,1,1,1,Fully Furnished,3.1,239,Available,OWN0053
PG01474,Legacy House,Maharashtra,Navi Mumbai,Belapur,"85, Road, Belapur, Navi Mumbai",19.0752,73.0039,12100,24000,Private,Double,Girls,0,1,1,1,0,0,0,0,Fully Furnished,4.2,249,Available,OWN0134
PG01475,Cozy Inn,Maharashtra,Navi Mumbai,Kharghar,"18, Colony, Kharghar, Navi Mumbai",19.0667,73.096,19400,29000,Private,Single,Coed,1,1,1,0,0,1,1,1,Semi Furnished,3.9,271,Full,OWN0058
PG01476,Nest Villa,Maharashtra,Navi Mumbai,Airoli,"58, Road, Airoli, Navi Mumbai",19.1,73.0612,18900,38000,Private,Single,Boys,1,1,0,1,1,1,0,1,Fully Furnished,4.3,261,Available,OWN0109
PG01477,New Heights,Maharashtra,Navi Mumbai,Kopar Khairane,"217, Colony, Kopar Khairane, Navi Mumbai",18.9857,73.0347,12400,12500,Private,Double,Boys,1,1,0,1,1,0,0,1,Fully Furnished,3.5,386,Limited,OWN0172
PG01478,Om Villa,Maharashtra,Navi Mumbai,Airoli,"182, Nagar, Airoli, Navi Mumbai",19.0041,72.9847,10000,10000,Shared,Double,Boys,0,1,1,1,1,1,1,1,Fully Furnished,3.1,63,Available,OWN0074
PG01479,Krishna Residency,Maharashtra,Navi Mumbai,Vashi,"240, Road, Vashi, Navi Mumbai",19.0442,72.9761,18000,36000,Private,Single,Girls,1,1,1,1,1,1,1,1,Semi Furnished,2.9,26,Full,OWN0080
PG01480,Legacy Living,Maharashtra,Navi Mumbai,Nerul,"18, Marg, Nerul, Navi Mumbai",19.0452,72.9779,8900,9000,Shared,Triple,Coed,0,1,0,1,0,1,1,1,Fully Furnished,4.8,120,Limited,OWN0101
PG01481,Legacy PG,Maharashtra,Navi Mumbai,Kharghar,"207, Road, Kharghar, Navi Mumbai",19.0312,73.0816,9100,18000,Private,Double,Girls,0,1,1,1,1,1,0,1,Semi Furnished,4.2,406,Limited,OWN0182
PG01482,Radha Stay,Maharashtra,Navi Mumbai,Airoli,"344, Nagar, Airoli, Navi Mumbai",19.0709,73.0618,17200,34500,Private,Single,Girls,0,1,1,0,0,1,0,1,Fully Furnished,3.0,10,Limited,OWN0097
PG01483,City House,Maharashtra,Navi Mumbai,Vashi,"27, Marg, Vashi, Navi Mumbai",19.0953,72.9892,10400,31000,Shared,Double,Coed,0,1,1,1,0,1,1,1,Semi Furnished,4.1,352,Available,OWN0025
PG01484,Divine Heights,Maharashtra,Navi Mumbai,Nerul,"196, Road, Nerul, Navi Mumbai",19.0086,73.0895,17100,34000,Private,Single,Boys,1,1,1,1,1,1,1,1,Semi Furnished,4.8,410,Limited,OWN0150
PG01485,Om Comforts,Maharashtra,Navi Mumbai,Nerul,"187, Nagar, Nerul, Navi Mumbai",19.0408,73.048,9800,10000,Shared,Triple,Boys,0,1,1,1,0,0,1,1,Fully Furnished,3.4,399,Available,OWN0023
PG01486,Shree Residency,Maharashtra,Navi Mumbai,Airoli,"136, Road, Airoli, Navi Mumbai",19.0702,73.0115,11800,12000,Private,Double,Coed,0,1,1,1,0,0,1,0,Fully Furnished,4.6,378,Limited,OWN0143
PG01487,Silver Nivas,Maharashtra,Navi Mumbai,Vashi,"220, Society, Vashi, Navi Mumbai",18.9659,72.9862,11800,12000,Shared,Double,Girls,0,0,1,1,1,1,1,1,Fully Furnished,3.5,138,Limited,OWN0070
PG01488,Nirvana Rooms,Maharashtra,Navi Mumbai,Vashi,"223, Complex, Vashi, Navi Mumbai",18.9896,72.9865,12300,12500,Private,Double,Boys,1,1,1,1,1,1,1,0,Semi Furnished,4.7,299,Limited,OWN0070
PG01489,Cozy Inn,Maharashtra,Navi Mumbai,Kharghar,"396, Society, Kharghar, Navi Mumbai",19.0843,73.0072,19900,30000,Private,Single,Girls,1,0,0,1,0,1,1,1,Fully Furnished,4.2,113,Available,OWN0027
PG01490,Nirvana Stay,Maharashtra,Navi Mumbai,Panvel,"78, Park, Panvel, Navi Mumbai",19.0288,73.0229,11500,34500,Private,Double,Boys,0,0,1,1,0,0,0,0,Semi Furnished,4.0,233,Limited,OWN0118
PG01491,Vraj Villa,Maharashtra,Navi Mumbai,Kopar Khairane,"295, Road, Kopar Khairane, Navi Mumbai",19.0006,73.0452,14400,14500,Shared,Double,Boys,1,0,1,0,0,0,1,1,Semi Furnished,4.8,174,Available,OWN0167
PG01492,Ganesh PG,Maharashtra,Navi Mumbai,Airoli,"391, Society, Airoli, Navi Mumbai",18.9674,72.9703,18600,18500,Private,Single,Coed,1,1,1,1,0,1,1,1,Fully Furnished,3.9,58,Available,OWN0072
PG01493,Blue Home,Maharashtra,Navi Mumbai,Belapur,"81, Lane, Belapur, Navi Mumbai",19.0223,73.035,9300,28000,Shared,Double,Girls,0,0,1,0,0,1,1,1,Semi Furnished,4.0,53,Available,OWN0063
PG01494,Nirvana Palace,Maharashtra,Navi Mumbai,Nerul,"163, Complex, Nerul, Navi Mumbai",18.966,73.0126,15000,45000,Private,Double,Coed,1,1,1,1,0,1,0,1,Fully Furnished,4.0,314,Available,OWN0087
PG01495,Zenith Villa,Maharashtra,Navi Mumbai,Vashi,"219, Complex, Vashi, Navi Mumbai",19.095,73.0684,14500,14500,Private,Double,Boys,1,1,1,0,0,0,1,1,Fully Furnished,2.9,318,Available,OWN0091
PG01496,Cozy Girls Hostel,Maharashtra,Navi Mumbai,Kharghar,"272, Park, Kharghar, Navi Mumbai",19.0216,73.0121,5200,15500,Dormitory,Dormitory,Boys,0,0,1,0,0,1,1,0,Fully Furnished,3.0,148,Limited,OWN0149
PG01497,Star Home,Maharashtra,Navi Mumbai,Vashi,"309, Society, Vashi, Navi Mumbai",18.9667,72.967,7700,11500,Shared,Triple,Boys,0,1,1,0,0,1,1,1,Semi Furnished,2.9,91,Available,OWN0137
PG01498,Shree Rooms,Maharashtra,Navi Mumbai,Vashi,"79, Lane, Vashi, Navi Mumbai",18.9872,73.0402,15100,30000,Shared,Double,Coed,1,1,1,1,0,1,0,0,Fully Furnished,3.3,48,Available,OWN0103
PG01499,Vraj Inn,Maharashtra,Navi Mumbai,Kopar Khairane,"308, Road, Kopar Khairane, Navi Mumbai",19.0266,72.967,12300,12500,Shared,Double,Girls,1,1,1,0,0,1,0,1,Semi Furnished,3.4,177,Available,OWN0139
PG01500,Krishna Residency,Maharashtra,Navi Mumbai,Airoli,"7, Colony, Airoli, Navi Mumbai",19.0677,73.0954,12700,19000,Shared,Double,Girls,1,0,1,0,0,0,0,1,Fully Furnished,3.0,392,Available,OWN0108
PG01501,Sai Comforts,Maharashtra,Navi Mumbai,Belapur,"10, Complex, Belapur, Navi Mumbai",18.9698,73.0034,14300,43000,Private,Single,Coed,0,1,1,0,1,1,0,1,Semi Furnished,4.4,71,Limited,OWN0103
PG01502,Golden Stay,Maharashtra,Navi Mumbai,Kopar Khairane,"60, Park, Kopar Khairane, Navi Mumbai",18.9762,72.967,14700,29500,Shared,Double,Boys,1,1,1,1,0,1,1,1,Fully Furnished,2.9,42,Available,OWN0182
PG01503,Happy Retreat,Maharashtra,Navi Mumbai,Vashi,"212, Colony, Vashi, Navi Mumbai",19.0747,72.9923,12700,38000,Private,Double,Coed,1,1,1,1,1,1,1,0,Fully Furnished,3.9,55,Available,OWN0107
PG01504,City Girls Hostel,Maharashtra,Navi Mumbai,Nerul,"12, Society, Nerul, Navi Mumbai",19.0043,72.9832,13200,39500,Private,Double,Girls,1,1,1,1,1,1,1,1,Semi Furnished,4.3,351,Limited,OWN0042
PG01505,Royal Retreat,Maharashtra,Navi Mumbai,Airoli,"270, Colony, Airoli, Navi Mumbai",19.0951,73.0329,8900,18000,Shared,Double,Boys,0,0,1,0,1,0,1,1,Semi Furnished,4.3,261,Available,OWN0094
PG01506,Sai House,Maharashtra,Navi Mumbai,Nerul,"112, Complex, Nerul, Navi Mumbai",19.0911,73.0906,9700,19500,Private,Double,Coed,0,1,1,0,0,1,1,0,Fully Furnished,3.8,421,Available,OWN0066
PG01507,Royal Palace,Maharashtra,Navi Mumbai,Vashi,"253, Park, Vashi, Navi Mumbai",19.0866,72.9722,14300,21500,Private,Single,Boys,0,1,1,1,0,0,0,1,Semi Furnished,2.9,130,Full,OWN0121
PG01508,Radha Inn,Maharashtra,Navi Mumbai,Belapur,"217, Road, Belapur, Navi Mumbai",18.9647,72.9686,15000,22500,Private,Double,Boys,1,1,1,0,0,0,1,1,Fully Furnished,3.4,357,Available,OWN0170
PG01509,Blue Palace,Maharashtra,Navi Mumbai,Panvel,"63, Road, Panvel, Navi Mumbai",19.086,73.0259,11600,11500,Shared,Triple,Coed,1,0,1,1,0,1,1,0,Fully Furnished,3.7,266,Available,OWN0015
PG01510,Modern Inn,Maharashtra,Navi Mumbai,Kharghar,"51, Chowk, Kharghar, Navi Mumbai",19.0489,72.993,10000,20000,Dormitory,Dormitory,Girls,1,1,1,1,1,1,0,1,Fully Furnished,2.8,22,Limited,OWN0166
PG01511,Vraj Heights,Maharashtra,Navi Mumbai,Kopar Khairane,"50, Lane, Kopar Khairane, Navi Mumbai",19.0296,73.0996,11200,33500,Shared,Double,Girls,1,1,0,1,1,0,0,1,Semi Furnished,4.0,300,Limited,OWN0192
PG01512,Ganesh Boys Hostel,Maharashtra,Navi Mumbai,Nerul,"28, Complex, Nerul, Navi Mumbai",19.041,73.0669,17800,53500,Private,Single,Boys,1,1,0,1,1,1,1,1,Semi Furnished,3.3,393,Limited,OWN0009
PG01513,Urban Girls Hostel,Maharashtra,Navi Mumbai,Vashi,"258, Chowk, Vashi, Navi Mumbai",18.9849,73.0929,8400,17000,Shared,Double,Girls,0,1,0,1,0,0,1,1,Unfurnished,4.2,290,Available,OWN0115
PG01514,Zenith Home,Maharashtra,Navi Mumbai,Nerul,"378, Chowk, Nerul, Navi Mumbai",18.9867,72.9627,9700,14500,Shared,Triple,Boys,1,0,1,1,1,0,1,1,Fully Furnished,3.4,223,Full,OWN0025
PG01515,Comfort Inn,Maharashtra,Navi Mumbai,Vashi,"138, Nagar, Vashi, Navi Mumbai",19.0767,73.0606,5800,17500,Dormitory,Dormitory,Girls,0,1,1,1,0,0,1,1,Semi Furnished,3.9,108,Available,OWN0032
PG01516,Urban Heights,Maharashtra,Navi Mumbai,Kharghar,"236, Chowk, Kharghar, Navi Mumbai",19.0474,73.0826,17300,52000,Private,Single,Boys,0,1,1,1,1,0,0,1,Semi Furnished,3.1,94,Limited,OWN0180
PG01517,Silver Palace,Maharashtra,Navi Mumbai,Vashi,"98, Road, Vashi, Navi Mumbai",19.0738,73.0293,14100,21000,Shared,Double,Boys,1,1,1,0,1,0,0,1,Fully Furnished,2.9,309,Available,OWN0124
PG01518,Royal Inn,Maharashtra,Navi Mumbai,Nerul,"333, Marg, Nerul, Navi Mumbai",19.0267,73.0462,11700,23500,Shared,Double,Boys,0,1,0,1,0,0,1,0,Semi Furnished,3.6,439,Limited,OWN0141
PG01519,Om Stay,Maharashtra,Navi Mumbai,Airoli,"203, Road, Airoli, Navi Mumbai",19.057,72.9852,12400,12500,Private,Double,Girls,1,0,1,0,0,1,1,1,Fully Furnished,3.3,111,Available,OWN0008
PG01520,Shree PG,Maharashtra,Navi Mumbai,Airoli,"191, Nagar, Airoli, Navi Mumbai",18.9879,72.9961,5100,5000,Dormitory,Dormitory,Boys,0,0,1,1,1,1,0,1,Fully Furnished,4.0,407,Available,OWN0193
PG01521,Metro Nivas,Maharashtra,Navi Mumbai,Nerul,"31, Road, Nerul, Navi Mumbai",18.992,73.076,12400,18500,Private,Double,Boys,0,1,0,0,1,0,1,0,Fully Furnished,3.1,337,Available,OWN0002
PG01522,Nirvana PG,Maharashtra,Navi Mumbai,Belapur,"229, Complex, Belapur, Navi Mumbai",19.0151,73.0471,12000,18000,Private,Double,Coed,1,0,1,0,0,1,1,1,Unfurnished,4.0,54,Available,OWN0054
PG01523,Divine Comforts,Maharashtra,Navi Mumbai,Airoli,"295, Road, Airoli, Navi Mumbai",19.0184,73.0026,10200,20500,Private,Double,Boys,0,0,1,1,1,1,0,1,Fully Furnished,4.0,56,Limited,OWN0200
PG01524,Happy Rooms,Maharashtra,Navi Mumbai,Belapur,"290, Lane, Belapur, Navi Mumbai",19.0354,73.0048,13000,39000,Shared,Double,Girls,0,1,1,1,1,1,1,1,Fully Furnished,4.5,56,Available,OWN0061
PG01525,City Residency,Maharashtra,Navi Mumbai,Kharghar,"229, Nagar, Kharghar, Navi Mumbai",19.0164,73.018,9900,20000,Shared,Double,Girls,0,1,1,1,1,0,1,1,Fully Furnished,3.5,117,Available,OWN0063
PG01526,Star Heights,Maharashtra,Navi Mumbai,Airoli,"98, Road, Airoli, Navi Mumbai",19.0589,72.992,14100,28000,Shared,Double,Coed,1,0,1,1,1,1,0,1,Semi Furnished,5.0,194,Available,OWN0012
PG01527,Elite Heights,Maharashtra,Navi Mumbai,Airoli,"201, Society, Airoli, Navi Mumbai",19.0789,73.0225,10500,10500,Shared,Double,Boys,0,0,1,1,0,1,0,0,Semi Furnished,3.5,117,Available,OWN0113
PG01528,Zenith Heights,Maharashtra,Navi Mumbai,Belapur,"67, Nagar, Belapur, Navi Mumbai",19.077,73.0978,10200,10000,Dormitory,Dormitory,Girls,1,1,1,1,0,0,1,0,Fully Furnished,4.1,390,Limited,OWN0107
PG01529,Cozy Comforts,Maharashtra,Navi Mumbai,Belapur,"143, Chowk, Belapur, Navi Mumbai",19.024,73.0929,19200,38500,Private,Single,Girls,1,1,1,0,1,0,1,0,Unfurnished,3.7,413,Full,OWN0003
PG01530,Nirvana Rooms,Maharashtra,Navi Mumbai,Belapur,"25, Complex, Belapur, Navi Mumbai",19.0651,73.0501,11700,11500,Shared,Double,Boys,0,1,0,0,1,0,1,1,Fully Furnished,4.1,436,Available,OWN0070
PG01531,Krishna Living,Maharashtra,Navi Mumbai,Airoli,"266, Road, Airoli, Navi Mumbai",18.9638,72.9666,13500,20000,Private,Double,Boys,1,1,1,1,0,1,1,1,Fully Furnished,3.6,14,Available,OWN0142
PG01532,Comfort Villa,Maharashtra,Navi Mumbai,Belapur,"145, Park, Belapur, Navi Mumbai",19.0225,73.004,17800,26500,Private,Single,Coed,1,1,1,1,1,1,1,0,Semi Furnished,4.3,195,Available,OWN0173
PG01533,Krishna Retreat,Maharashtra,Navi Mumbai,Vashi,"309, Nagar, Vashi, Navi Mumbai",19.0062,72.9749,6900,20500,Dormitory,Dormitory,Girls,0,0,1,1,0,0,1,0,Semi Furnished,4.7,424,Limited,OWN0026
PG01534,Divine Stay,Maharashtra,Navi Mumbai,Panvel,"398, Society, Panvel, Navi Mumbai",19.0611,72.9767,10300,15500,Shared,Triple,Boys,1,0,1,1,0,1,1,1,Semi Furnished,3.4,162,Available,OWN0171
PG01535,Golden Rooms,Maharashtra,Thane,Naupada,"261, Complex, Naupada, Thane",19.2697,73.028,11500,11500,Shared,Triple,Girls,1,0,1,0,0,1,0,1,Fully Furnished,4.4,141,Full,OWN0077
PG01536,Nest Living,Maharashtra,Thane,Naupada,"11, Nagar, Naupada, Thane",19.2287,72.9514,15400,23000,Private,Double,Coed,1,0,1,1,1,0,0,1,Fully Furnished,3.9,346,Limited,OWN0123
PG01537,Nirvana Comforts,Maharashtra,Thane,Vartak Nagar,"293, Colony, Vartak Nagar, Thane",19.2778,72.9715,20300,61000,Private,Single,Boys,1,1,1,1,1,1,1,1,Fully Furnished,3.7,209,Limited,OWN0178
PG01538,Serene Heights,Maharashtra,Thane,Naupada,"308, Lane, Naupada, Thane",19.2735,72.931,12100,36500,Shared,Double,Boys,0,1,1,1,0,0,0,1,Fully Furnished,3.5,64,Available,OWN0096
PG01539,Zenith Girls Hostel,Maharashtra,Thane,Thane West,"376, Lane, Thane West, Thane",19.2598,73.0108,8500,25500,Shared,Triple,Girls,0,0,1,1,0,0,1,1,Semi Furnished,4.9,33,Available,OWN0094
PG01540,Happy Palace,Maharashtra,Thane,Kolshet Road,"185, Chowk, Kolshet Road, Thane",19.2831,72.9439,14600,44000,Private,Double,Girls,1,1,0,1,1,0,0,1,Fully Furnished,3.7,431,Full,OWN0173
PG01541,Star Stay,Maharashtra,Thane,Vartak Nagar,"174, Road, Vartak Nagar, Thane",19.2843,72.9086,7000,10500,Dormitory,Dormitory,Boys,0,0,0,0,0,1,0,1,Fully Furnished,3.8,297,Available,OWN0130
PG01542,Om Residency,Maharashtra,Thane,Naupada,"368, Marg, Naupada, Thane",19.2296,72.9463,6200,18500,Dormitory,Dormitory,Boys,0,0,1,1,0,1,1,1,Semi Furnished,4.3,161,Available,OWN0045
PG01543,New Living,Maharashtra,Thane,Kolshet Road,"101, Chowk, Kolshet Road, Thane",19.1548,73.0426,7000,7000,Shared,Triple,Girls,0,1,1,0,0,1,1,1,Unfurnished,4.1,204,Available,OWN0175
PG01544,Nest Retreat,Maharashtra,Thane,Vartak Nagar,"12, Colony, Vartak Nagar, Thane",19.2607,72.9561,19300,29000,Private,Single,Boys,1,1,1,1,0,1,1,1,Fully Furnished,3.3,440,Limited,OWN0189
PG01545,Happy Villa,Maharashtra,Thane,Naupada,"107, Colony, Naupada, Thane",19.1903,72.933,6600,6500,Dormitory,Dormitory,Girls,0,0,1,1,0,1,1,1,Fully Furnished,3.1,360,Available,OWN0077
PG01546,Silver Residency,Maharashtra,Thane,Vartak Nagar,"127, Complex, Vartak Nagar, Thane",19.287,72.984,11400,23000,Shared,Double,Boys,0,1,1,1,1,0,0,1,Unfurnished,4.1,202,Full,OWN0175
PG01547,Zenith Comforts,Maharashtra,Thane,Vartak Nagar,"79, Lane, Vartak Nagar, Thane",19.2287,73.0379,11800,23500,Shared,Double,Girls,1,0,1,0,0,1,1,1,Semi Furnished,2.9,129,Available,OWN0188
PG01548,Cozy House,Maharashtra,Thane,Majiwada,"244, Society, Majiwada, Thane",19.244,72.9192,10800,21500,Shared,Double,Girls,0,1,0,1,1,1,1,1,Semi Furnished,4.3,364,Available,OWN0177
PG01549,Elite Boys Hostel,Maharashtra,Thane,Vartak Nagar,"286, Colony, Vartak Nagar, Thane",19.255,72.9763,11200,11000,Shared,Triple,Coed,1,1,1,1,1,1,1,1,Fully Furnished,3.4,231,Available,OWN0043
PG01550,Radha Boys Hostel,Maharashtra,Thane,Naupada,"161, Society, Naupada, Thane",19.2652,72.9475,8600,17000,Shared,Triple,Boys,0,1,1,1,1,0,1,1,Fully Furnished,3.3,357,Available,OWN0015
PG01551,Sai Inn,Maharashtra,Thane,Majiwada,"225, Marg, Majiwada, Thane",19.2775,72.9489,13600,20500,Private,Double,Boys,1,1,1,1,1,0,0,1,Fully Furnished,4.9,51,Limited,OWN0123
PG01552,Metro Residency,Maharashtra,Thane,Ghodbunder Road,"371, Complex, Ghodbunder Road, Thane",19.2865,73.0051,17500,52500,Private,Single,Boys,0,1,0,0,0,1,0,1,Semi Furnished,3.3,114,Available,OWN0153
PG01553,Nirvana Residency,Maharashtra,Thane,Vartak Nagar,"43, Nagar, Vartak Nagar, Thane",19.162,73.0315,17500,17500,Private,Single,Boys,1,0,1,0,0,1,0,0,Fully Furnished,3.3,200,Available,OWN0178
PG01554,Sai Boys Hostel,Maharashtra,Thane,Naupada,"28, Society, Naupada, Thane",19.2765,72.9519,10600,10500,Private,Double,Boys,0,1,1,1,1,1,0,0,Fully Furnished,3.0,166,Limited,OWN0018
PG01555,Royal Retreat,Maharashtra,Thane,Kolshet Road,"313, Park, Kolshet Road, Thane",19.1564,73.0431,11300,22500,Shared,Double,Girls,0,1,0,0,0,0,1,0,Fully Furnished,3.6,167,Available,OWN0003
PG01556,Silver Rooms,Maharashtra,Thane,Thane West,"92, Road, Thane West, Thane",19.2044,72.9446,12200,12000,Private,Double,Girls,0,1,1,1,0,0,0,1,Fully Furnished,4.5,158,Available,OWN0025
PG01557,Divine Inn,Maharashtra,Thane,Vartak Nagar,"285, Nagar, Vartak Nagar, Thane",19.2809,72.9876,5800,11500,Shared,Triple,Boys,0,1,1,1,1,0,0,1,Semi Furnished,4.8,147,Limited,OWN0160
PG01558,New Villa,Maharashtra,Thane,Manpada,"384, Park, Manpada, Thane",19.2174,72.9962,10400,31000,Shared,Double,Girls,0,1,1,1,0,0,0,0,Fully Furnished,2.9,78,Available,OWN0106
PG01559,Nest Heights,Maharashtra,Thane,Kolshet Road,"151, Society, Kolshet Road, Thane",19.2707,73.0379,11800,35500,Private,Double,Girls,1,1,1,1,0,1,1,1,Semi Furnished,3.7,382,Available,OWN0013
PG01560,Silver Heights,Maharashtra,Thane,Manpada,"236, Complex, Manpada, Thane",19.1934,72.9122,10400,21000,Shared,Double,Boys,0,1,1,1,0,0,1,1,Fully Furnished,4.9,190,Available,OWN0027
PG01561,Zenith Girls Hostel,Maharashtra,Thane,Naupada,"248, Colony, Naupada, Thane",19.2602,72.9688,11500,23000,Shared,Double,Girls,1,0,1,1,0,1,1,0,Semi Furnished,3.1,95,Limited,OWN0160
PG01562,Legacy Stay,Maharashtra,Thane,Vartak Nagar,"101, Park, Vartak Nagar, Thane",19.2818,72.973,8600,26000,Dormitory,Dormitory,Girls,1,1,1,1,0,1,1,1,Fully Furnished,4.1,438,Available,OWN0139
PG01563,Serene Rooms,Maharashtra,Thane,Ghodbunder Road,"344, Society, Ghodbunder Road, Thane",19.1962,72.9648,17100,17000,Private,Single,Boys,1,0,1,1,0,0,0,0,Semi Furnished,4.4,208,Limited,OWN0118
PG01564,Golden Inn,Maharashtra,Thane,Ghodbunder Road,"173, Chowk, Ghodbunder Road, Thane",19.2722,72.9953,15100,22500,Private,Double,Girls,1,1,1,1,0,0,0,1,Fully Furnished,3.6,32,Available,OWN0093
PG01565,Cozy Boys Hostel,Maharashtra,Thane,Majiwada,"263, Colony, Majiwada, Thane",19.1746,72.9283,17300,26000,Private,Single,Boys,0,1,1,0,0,1,1,1,Semi Furnished,4.6,337,Full,OWN0128
PG01566,Blue PG,Maharashtra,Thane,Ghodbunder Road,"326, Road, Ghodbunder Road, Thane",19.2732,73.0138,4300,4500,Dormitory,Dormitory,Girls,0,1,1,1,0,0,0,1,Semi Furnished,4.5,146,Available,OWN0058
PG01567,Nirvana Retreat,Maharashtra,Thane,Kolshet Road,"333, Park, Kolshet Road, Thane",19.1485,72.9828,8200,16500,Shared,Triple,Coed,1,1,1,1,1,0,1,1,Semi Furnished,4.4,425,Available,OWN0068
PG01568,Happy Villa,Maharashtra,Thane,Vartak Nagar,"251, Marg, Vartak Nagar, Thane",19.2291,72.9305,8700,17500,Shared,Triple,Boys,0,1,0,1,0,0,0,1,Semi Furnished,4.8,173,Available,OWN0054
PG01569,Modern Home,Maharashtra,Thane,Naupada,"278, Road, Naupada, Thane",19.1735,72.9511,16300,16500,Private,Single,Girls,0,1,1,1,1,0,0,1,Fully Furnished,3.1,173,Available,OWN0120
PG01570,Serene House,Maharashtra,Thane,Ghodbunder Road,"284, Marg, Ghodbunder Road, Thane",19.2147,73.0146,13900,14000,Shared,Double,Girls,1,0,1,1,0,0,1,1,Semi Furnished,3.1,370,Full,OWN0001
PG01571,Silver Residency,Maharashtra,Thane,Vartak Nagar,"141, Chowk, Vartak Nagar, Thane",19.1578,72.968,11300,17000,Shared,Double,Boys,0,1,1,1,0,1,0,1,Fully Furnished,2.9,82,Limited,OWN0046
PG01572,Star Residency,Maharashtra,Thane,Thane West,"193, Nagar, Thane West, Thane",19.1997,72.9359,11800,17500,Shared,Triple,Boys,1,0,1,1,0,1,1,1,Fully Furnished,4.8,204,Available,OWN0049
PG01573,Vraj PG,Maharashtra,Thane,Vartak Nagar,"219, Chowk, Vartak Nagar, Thane",19.2432,72.9354,8200,24500,Shared,Triple,Girls,0,0,1,1,0,1,0,1,Unfurnished,4.3,409,Limited,OWN0028
PG01574,Ganesh Nivas,Maharashtra,Thane,Naupada,"211, Lane, Naupada, Thane",19.1819,73.0024,20200,40500,Private,Single,Boys,1,0,1,1,0,0,1,1,Fully Furnished,2.9,376,Limited,OWN0040
PG01575,Happy Comforts,Maharashtra,Thane,Vartak Nagar,"3, Nagar, Vartak Nagar, Thane",19.2572,72.9424,7600,23000,Shared,Triple,Coed,0,1,1,1,1,1,1,1,Semi Furnished,3.2,262,Available,OWN0053
PG01576,Star Residency,Maharashtra,Thane,Vartak Nagar,"285, Marg, Vartak Nagar, Thane",19.285,72.9287,19900,59500,Private,Single,Girls,1,1,0,1,1,1,1,1,Fully Furnished,3.1,6,Available,OWN0170
PG01577,Nirvana Girls Hostel,Maharashtra,Thane,Kolshet Road,"97, Park, Kolshet Road, Thane",19.2128,73.0389,12600,19000,Shared,Double,Coed,0,1,1,1,0,1,0,1,Fully Furnished,3.9,29,Available,OWN0042
PG01578,Sunshine Comforts,Maharashtra,Thane,Manpada,"194, Chowk, Manpada, Thane",19.2188,72.9114,11500,17000,Shared,Double,Girls,0,1,1,1,0,1,1,1,Fully Furnished,3.4,376,Available,OWN0140
PG01579,Krishna Comforts,Maharashtra,Thane,Thane West,"132, Marg, Thane West, Thane",19.2864,72.9852,9700,9500,Private,Double,Coed,0,1,1,0,0,0,1,1,Fully Furnished,3.3,348,Full,OWN0177
PG01580,Sai Girls Hostel,Maharashtra,Thane,Ghodbunder Road,"383, Park, Ghodbunder Road, Thane",19.19,72.9529,10200,15500,Shared,Triple,Girls,1,1,1,1,1,0,1,1,Unfurnished,3.8,69,Available,OWN0135
PG01581,Om Home,Maharashtra,Thane,Naupada,"148, Complex, Naupada, Thane",19.195,73.0418,8900,18000,Shared,Double,Boys,0,1,1,0,0,1,1,1,Unfurnished,4.9,134,Available,OWN0029
PG01582,Legacy Rooms,Maharashtra,Thane,Vartak Nagar,"231, Lane, Vartak Nagar, Thane",19.2494,72.9136,9400,28000,Shared,Triple,Boys,1,1,1,0,0,1,0,1,Fully Furnished,3.8,213,Full,OWN0036
PG01583,Comfort Nivas,Maharashtra,Thane,Ghodbunder Road,"262, Chowk, Ghodbunder Road, Thane",19.2662,72.9561,12500,37500,Private,Double,Girls,1,1,1,1,0,0,1,1,Fully Furnished,3.8,143,Available,OWN0171
PG01584,Royal Retreat,Maharashtra,Thane,Ghodbunder Road,"397, Road, Ghodbunder Road, Thane",19.1629,72.9804,18000,36000,Private,Single,Girls,1,1,0,1,0,0,0,1,Fully Furnished,3.7,261,Limited,OWN0048
PG01585,Sai Girls Hostel,Maharashtra,Thane,Naupada,"45, Nagar, Naupada, Thane",19.18,72.9643,11000,33000,Shared,Double,Girls,1,1,0,1,0,1,1,1,Semi Furnished,2.9,378,Available,OWN0110
PG01586,Cozy Living,Maharashtra,Thane,Vartak Nagar,"200, Nagar, Vartak Nagar, Thane",19.2303,72.9689,16800,25000,Private,Single,Girls,0,1,1,1,1,0,0,1,Unfurnished,2.9,54,Available,OWN0133
PG01587,Silver Boys Hostel,Maharashtra,Thane,Thane West,"67, Colony, Thane West, Thane",19.2501,73.0288,15300,23000,Shared,Double,Girls,1,1,1,1,1,0,1,0,Fully Furnished,2.9,401,Full,OWN0041
PG01588,Sai Boys Hostel,Maharashtra,Thane,Ghodbunder Road,"192, Park, Ghodbunder Road, Thane",19.228,72.9229,9800,10000,Shared,Double,Girls,0,1,0,0,0,1,0,1,Semi Furnished,3.7,95,Available,OWN0118
PG01589,Nirvana Comforts,Maharashtra,Thane,Vartak Nagar,"126, Road, Vartak Nagar, Thane",19.2648,72.9986,5800,17500,Shared,Triple,Boys,0,1,0,1,1,1,1,1,Semi Furnished,2.8,265,Available,OWN0147
PG01590,Star Nivas,Maharashtra,Thane,Manpada,"176, Chowk, Manpada, Thane",19.2322,73.0341,8700,13000,Shared,Triple,Girls,0,1,1,1,0,1,0,1,Semi Furnished,2.9,446,Available,OWN0071
PG01591,Golden Home,Maharashtra,Thane,Kolshet Road,"338, Lane, Kolshet Road, Thane",19.2361,73.0476,10500,31500,Shared,Triple,Girls,1,1,1,1,0,1,0,1,Fully Furnished,4.3,379,Available,OWN0182
PG01592,Vraj Nivas,Maharashtra,Thane,Ghodbunder Road,"233, Society, Ghodbunder Road, Thane",19.185,72.9972,11700,11500,Private,Double,Coed,0,0,1,0,1,0,1,1,Fully Furnished,2.8,310,Available,OWN0144
PG01593,Vraj Rooms,Maharashtra,Thane,Manpada,"315, Marg, Manpada, Thane",19.1714,72.9879,12000,12000,Private,Double,Boys,1,1,1,1,0,0,1,0,Semi Furnished,2.8,334,Available,OWN0145
PG01594,Nest Palace,Maharashtra,Thane,Naupada,"186, Marg, Naupada, Thane",19.2524,72.9401,9100,9000,Shared,Triple,Coed,1,1,1,0,1,0,1,1,Fully Furnished,3.7,338,Available,OWN0188
PG01595,Nest Retreat,Maharashtra,Thane,Majiwada,"313, Road, Majiwada, Thane",19.1817,73.0387,6100,12000,Shared,Triple,Coed,0,0,1,1,0,1,1,1,Semi Furnished,4.2,53,Full,OWN0131
PG01596,Shree Comforts,Maharashtra,Thane,Ghodbunder Road,"135, Colony, Ghodbunder Road, Thane",19.2848,72.9788,10000,15000,Private,Double,Girls,0,1,1,1,1,1,1,1,Fully Furnished,3.2,212,Available,OWN0066
PG01597,Urban PG,Maharashtra,Thane,Kolshet Road,"67, Park, Kolshet Road, Thane",19.1952,72.9295,5300,16000,Dormitory,Dormitory,Girls,0,1,1,1,0,0,0,1,Semi Furnished,4.3,88,Limited,OWN0167
PG01598,Comfort Girls Hostel,Maharashtra,Thane,Majiwada,"100, Park, Majiwada, Thane",19.2275,72.9233,9800,29500,Shared,Triple,Boys,1,1,1,1,0,0,1,1,Semi Furnished,4.6,385,Limited,OWN0026
PG01599,Nirvana Inn,Maharashtra,Thane,Vartak Nagar,"54, Chowk, Vartak Nagar, Thane",19.2328,72.9889,11800,17500,Private,Double,Girls,0,0,0,0,1,1,1,0,Fully Furnished,3.0,345,Available,OWN0077
PG01600,Om Retreat,Maharashtra,Thane,Thane West,"197, Complex, Thane West, Thane",19.2346,72.9673,10500,31500,Private,Double,Boys,0,1,1,0,0,1,1,1,Semi Furnished,2.9,7,Available,OWN0163
PG01601,Shree Stay,Maharashtra,Thane,Majiwada,"263, Nagar, Majiwada, Thane",19.2707,73.0181,17100,51500,Private,Single,Boys,1,1,0,0,1,0,1,1,Semi Furnished,3.4,436,Limited,OWN0199
PG01602,Sunshine Boys Hostel,Maharashtra,Thane,Majiwada,"264, Colony, Majiwada, Thane",19.1927,72.9205,12000,24000,Shared,Triple,Boys,1,0,1,1,0,1,1,1,Fully Furnished,3.4,316,Available,OWN0030
PG01603,Metro Boys Hostel,Maharashtra,Thane,Naupada,"338, Road, Naupada, Thane",19.1925,73.0031,6200,6000,Dormitory,Dormitory,Girls,0,1,1,1,1,0,0,1,Fully Furnished,4.7,235,Full,OWN0059
PG01604,Zenith Girls Hostel,Maharashtra,Thane,Kolshet Road,"271, Chowk, Kolshet Road, Thane",19.1491,72.9704,17700,17500,Private,Single,Coed,1,1,0,0,0,1,1,1,Unfurnished,3.4,429,Limited,OWN0107
PG01605,Serene Girls Hostel,Maharashtra,Thane,Vartak Nagar,"207, Colony, Vartak Nagar, Thane",19.2444,73.0196,9400,28000,Dormitory,Dormitory,Girls,1,1,1,1,1,0,1,1,Fully Furnished,3.6,437,Limited,OWN0198
PG01606,Radha Inn,Maharashtra,Thane,Thane West,"382, Colony, Thane West, Thane",19.2718,73.0096,9200,18500,Shared,Triple,Girls,1,0,1,1,1,1,0,1,Fully Furnished,4.8,223,Limited,OWN0048
PG01607,Vraj Nivas,Maharashtra,Thane,Ghodbunder Road,"326, Nagar, Ghodbunder Road, Thane",19.2692,73.0254,8800,9000,Shared,Triple,Boys,0,1,1,0,1,0,0,1,Semi Furnished,4.2,431,Available,OWN0149
PG01608,Divine Boys Hostel,Maharashtra,Thane,Majiwada,"58, Chowk, Majiwada, Thane",19.2698,72.9752,14900,44500,Shared,Double,Girls,1,1,1,0,0,1,1,1,Fully Furnished,3.8,225,Limited,OWN0027
PG01609,Nest Living,Maharashtra,Thane,Naupada,"212, Colony, Naupada, Thane",19.1528,73.0383,18400,37000,Private,Single,Girls,1,1,1,1,0,0,1,1,Semi Furnished,4.4,236,Limited,OWN0139
PG01610,Modern Villa,Maharashtra,Thane,Naupada,"132, Lane, Naupada, Thane",19.212,72.9951,3600,11000,Dormitory,Dormitory,Girls,0,1,1,0,0,1,0,1,Semi Furnished,2.9,171,Available,OWN0086
PG01611,Krishna Home,Maharashtra,Thane,Naupada,"60, Lane, Naupada, Thane",19.2676,73.0204,11400,23000,Private,Double,Coed,0,1,1,1,0,1,1,1,Fully Furnished,4.5,212,Available,OWN0156
PG01612,Blue Heights,Maharashtra,Thane,Kolshet Road,"329, Lane, Kolshet Road, Thane",19.2112,72.9669,12800,13000,Private,Double,Girls,1,0,1,1,0,1,1,0,Fully Furnished,3.6,267,Limited,OWN0182
PG01613,Radha Home,Maharashtra,Thane,Majiwada,"14, Road, Majiwada, Thane",19.2747,72.9913,14000,14000,Private,Double,Boys,1,0,1,1,1,0,1,1,Fully Furnished,5.0,365,Limited,OWN0019
PG01614,Urban Rooms,Maharashtra,Thane,Naupada,"223, Marg, Naupada, Thane",19.2318,72.9111,11000,33000,Shared,Triple,Coed,1,1,0,1,0,1,0,1,Semi Furnished,3.0,249,Limited,OWN0176
PG01615,Blue Comforts,Maharashtra,Thane,Majiwada,"84, Nagar, Majiwada, Thane",19.2056,73.0293,19900,40000,Private,Single,Boys,1,0,1,1,0,1,1,1,Semi Furnished,4.3,95,Available,OWN0002
PG01616,Golden Residency,Maharashtra,Thane,Ghodbunder Road,"102, Complex, Ghodbunder Road, Thane",19.1995,73.0126,12400,25000,Shared,Triple,Boys,1,1,1,0,0,0,1,1,Fully Furnished,4.1,436,Available,OWN0130
PG01617,Sunshine Inn,Maharashtra,Thane,Majiwada,"39, Nagar, Majiwada, Thane",19.1599,72.9272,10100,15000,Shared,Triple,Boys,1,1,1,1,0,1,0,1,Fully Furnished,3.7,93,Available,OWN0169
PG01618,Krishna Inn,Maharashtra,Thane,Kolshet Road,"136, Lane, Kolshet Road, Thane",19.2455,72.9439,12900,19500,Shared,Double,Boys,0,1,1,0,0,0,0,1,Fully Furnished,4.2,395,Full,OWN0095
PG01619,Golden Rooms,Maharashtra,Thane,Thane West,"105, Colony, Thane West, Thane",19.1989,72.9787,12100,24000,Private,Double,Boys,0,0,1,1,0,1,1,1,Fully Furnished,4.6,252,Limited,OWN0111
PG01620,Sai Rooms,Maharashtra,Thane,Manpada,"283, Nagar, Manpada, Thane",19.217,73.0322,16600,25000,Private,Single,Girls,1,1,1,1,1,0,0,1,Semi Furnished,3.9,100,Available,OWN0089
PG01621,Ganesh Rooms,Maharashtra,Thane,Naupada,"296, Lane, Naupada, Thane",19.2697,73.013,14900,22500,Private,Double,Coed,1,1,0,0,0,1,1,1,Fully Furnished,3.7,391,Available,OWN0181
PG01622,Serene Girls Hostel,Maharashtra,Thane,Kolshet Road,"236, Chowk, Kolshet Road, Thane",19.2672,72.917,20700,62000,Private,Single,Girls,1,1,1,0,0,0,0,0,Fully Furnished,4.7,283,Available,OWN0173
PG01623,Star Nivas,Maharashtra,Thane,Vartak Nagar,"46, Lane, Vartak Nagar, Thane",19.2865,73.0464,9600,14500,Shared,Triple,Boys,1,0,0,1,0,1,1,1,Fully Furnished,4.2,402,Available,OWN0169
PG01624,Comfort Boys Hostel,Maharashtra,Thane,Thane West,"170, Colony, Thane West, Thane",19.2446,72.959,15100,22500,Private,Double,Girls,1,0,1,1,1,1,0,1,Fully Furnished,4.5,400,Available,OWN0066
PG01625,Silver Villa,Maharashtra,Thane,Kolshet Road,"302, Park, Kolshet Road, Thane",19.1654,72.9806,9200,14000,Private,Double,Boys,0,1,1,1,0,1,1,1,Semi Furnished,4.2,41,Available,OWN0150
PG01626,City Boys Hostel,Maharashtra,Thane,Naupada,"8, Road, Naupada, Thane",19.2455,72.976,14200,28500,Private,Double,Girls,1,1,1,1,1,1,1,0,Semi Furnished,4.2,356,Available,OWN0158
PG01627,Serene Villa,Maharashtra,Thane,Manpada,"110, Chowk, Manpada, Thane",19.1718,72.9821,9800,14500,Shared,Double,Girls,0,0,1,1,1,1,1,0,Fully Furnished,4.8,109,Limited,OWN0007
PG01628,New Girls Hostel,Maharashtra,Thane,Majiwada,"262, Nagar, Majiwada, Thane",19.2194,72.9548,9000,27000,Shared,Triple,Boys,0,1,1,1,1,1,1,1,Semi Furnished,3.3,291,Limited,OWN0058
PG01629,Serene Palace,Maharashtra,Thane,Thane West,"351, Marg, Thane West, Thane",19.156,72.9507,10900,11000,Shared,Triple,Girls,1,1,1,0,1,0,1,1,Fully Furnished,2.9,274,Limited,OWN0121
PG01630,Ganesh Rooms,Maharashtra,Thane,Manpada,"307, Complex, Manpada, Thane",19.2482,73.0051,17900,18000,Private,Single,Boys,1,1,1,1,1,1,1,1,Fully Furnished,3.5,365,Available,OWN0036
PG01631,Cozy Retreat,Maharashtra,Thane,Vartak Nagar,"270, Marg, Vartak Nagar, Thane",19.2255,73.0303,11000,22000,Shared,Double,Boys,1,0,1,1,0,1,1,1,Semi Furnished,3.3,26,Available,OWN0018
PG01632,Comfort Rooms,Maharashtra,Thane,Vartak Nagar,"388, Chowk, Vartak Nagar, Thane",19.1573,72.9637,11400,23000,Shared,Double,Boys,0,1,1,0,1,0,0,1,Semi Furnished,2.8,448,Full,OWN0071
PG01633,Comfort Boys Hostel,Maharashtra,Thane,Vartak Nagar,"43, Lane, Vartak Nagar, Thane",19.2625,72.9131,13400,27000,Shared,Double,Coed,1,1,1,1,0,0,1,1,Semi Furnished,3.3,110,Available,OWN0029
PG01634,Metro Rooms,Maharashtra,Thane,Vartak Nagar,"216, Society, Vartak Nagar, Thane",19.1939,72.9177,11100,33500,Private,Double,Boys,1,1,0,1,1,0,1,1,Semi Furnished,3.8,33,Full,OWN0151
PG01635,Blue Villa,Maharashtra,Thane,Thane West,"151, Nagar, Thane West, Thane",19.2152,72.9212,6700,10000,Shared,Triple,Girls,0,1,1,1,1,1,0,1,Unfurnished,3.3,56,Available,OWN0130
PG01636,Metro Home,Maharashtra,Thane,Ghodbunder Road,"15, Marg, Ghodbunder Road, Thane",19.1901,72.963,9900,20000,Shared,Triple,Boys,1,1,1,1,1,1,0,1,Fully Furnished,4.7,189,Available,OWN0173
PG01637,Metro Living,Maharashtra,Thane,Kolshet Road,"199, Road, Kolshet Road, Thane",19.2383,72.9163,11400,34000,Shared,Double,Boys,1,1,0,1,0,0,1,1,Semi Furnished,4.5,21,Available,OWN0088
PG01638,City Rooms,Maharashtra,Thane,Ghodbunder Road,"200, Colony, Ghodbunder Road, Thane",19.2145,72.9577,12200,36500,Private,Double,Boys,1,1,1,1,0,0,0,1,Semi Furnished,4.5,89,Available,OWN0001
PG01639,Cozy Nivas,Maharashtra,Thane,Manpada,"42, Nagar, Manpada, Thane",19.2643,72.9618,13800,27500,Shared,Double,Boys,1,1,1,0,0,0,0,1,Unfurnished,3.5,37,Full,OWN0094
PG01640,Krishna Inn,Maharashtra,Thane,Naupada,"8, Marg, Naupada, Thane",19.2828,72.9151,10400,31000,Shared,Double,Coed,0,1,1,0,0,0,1,1,Fully Furnished,4.2,24,Full,OWN0157
PG01641,Nest Rooms,Maharashtra,Thane,Ghodbunder Road,"134, Chowk, Ghodbunder Road, Thane",19.1562,72.9811,10100,20000,Private,Double,Girls,0,1,1,1,1,1,0,1,Fully Furnished,4.8,108,Limited,OWN0021
PG01642,Silver Palace,Maharashtra,Thane,Majiwada,"231, Park, Majiwada, Thane",19.1744,72.9342,13900,14000,Private,Double,Boys,1,1,1,1,1,0,1,1,Fully Furnished,3.8,319,Available,OWN0194
PG01643,Comfort Boys Hostel,Maharashtra,Thane,Thane West,"317, Complex, Thane West, Thane",19.152,73.0365,12000,36000,Shared,Double,Girls,0,1,1,0,1,1,0,1,Fully Furnished,3.6,242,Available,OWN0092
PG01644,Sunshine Retreat,Maharashtra,Thane,Vartak Nagar,"25, Marg, Vartak Nagar, Thane",19.1849,72.9575,11500,17000,Shared,Double,Girls,0,0,1,0,0,1,1,1,Fully Furnished,3.9,66,Available,OWN0134
PG01645,Zenith Retreat,Maharashtra,Thane,Manpada,"392, Complex, Manpada, Thane",19.1834,72.9821,12400,12500,Shared,Triple,Girls,1,1,0,1,0,0,1,1,Fully Furnished,4.5,100,Available,OWN0053
PG01646,Comfort Residency,Maharashtra,Thane,Thane West,"174, Lane, Thane West, Thane",19.1504,72.9687,18600,18500,Private,Single,Girls,1,0,1,0,1,1,1,1,Semi Furnished,4.1,336,Available,OWN0005
PG01647,Happy Nivas,Maharashtra,Thane,Manpada,"52, Colony, Manpada, Thane",19.1532,72.9577,7200,14500,Shared,Triple,Boys,0,1,1,0,0,0,1,1,Fully Furnished,3.3,400,Limited,OWN0163
PG01648,City Inn,Maharashtra,Thane,Manpada,"212, Colony, Manpada, Thane",19.2077,72.9521,4200,4000,Dormitory,Dormitory,Girls,0,1,1,1,0,1,1,1,Semi Furnished,4.1,25,Available,OWN0104
PG01649,Shree Heights,Maharashtra,Thane,Thane West,"136, Complex, Thane West, Thane",19.2442,72.9512,8600,17000,Private,Double,Boys,0,1,0,0,0,0,1,1,Semi Furnished,4.6,326,Available,OWN0027
PG01650,Nirvana Home,Maharashtra,Thane,Vartak Nagar,"82, Road, Vartak Nagar, Thane",19.1744,72.9414,9500,28500,Shared,Triple,Boys,0,1,1,1,0,1,1,1,Fully Furnished,4.4,417,Available,OWN0144
PG01651,Sai Heights,Maharashtra,Thane,Majiwada,"34, Complex, Majiwada, Thane",19.252,72.9483,18700,56000,Private,Single,Boys,1,1,1,0,1,1,1,0,Fully Furnished,4.7,236,Full,OWN0050
PG01652,Zenith Heights,Maharashtra,Thane,Ghodbunder Road,"399, Park, Ghodbunder Road, Thane",19.22,72.9539,11800,35500,Private,Double,Boys,0,1,1,1,0,1,1,1,Fully Furnished,3.9,58,Available,OWN0111
PG01653,Modern Residency,Maharashtra,Thane,Ghodbunder Road,"348, Road, Ghodbunder Road, Thane",19.2739,72.9793,12800,38500,Shared,Double,Boys,0,0,1,1,1,1,1,1,Fully Furnished,3.3,418,Available,OWN0052
PG01654,Silver PG,Maharashtra,Thane,Ghodbunder Road,"354, Complex, Ghodbunder Road, Thane",19.2206,72.9347,7100,14000,Dormitory,Dormitory,Girls,0,1,1,1,1,0,1,0,Fully Furnished,4.0,340,Available,OWN0074
PG01655,Sai Comforts,Maharashtra,Thane,Vartak Nagar,"298, Society, Vartak Nagar, Thane",19.2498,72.9358,8400,8500,Shared,Triple,Girls,1,0,0,1,1,0,1,0,Semi Furnished,3.6,111,Limited,OWN0048
PG01656,Metro Stay,Maharashtra,Thane,Manpada,"18, Society, Manpada, Thane",19.1607,72.9638,16600,25000,Private,Single,Girls,1,1,0,1,0,1,1,1,Semi Furnished,3.7,358,Limited,OWN0136
PG01657,Serene Home,Maharashtra,Thane,Naupada,"174, Nagar, Naupada, Thane",19.183,72.9204,8700,13000,Shared,Double,Boys,0,1,1,1,0,1,1,1,Semi Furnished,4.9,410,Available,OWN0115
PG01658,Modern Heights,Maharashtra,Thane,Kolshet Road,"141, Park, Kolshet Road, Thane",19.2284,72.9431,8800,26500,Private,Double,Girls,0,1,0,1,0,0,0,1,Semi Furnished,4.6,349,Limited,OWN0200
PG01659,Sunshine Stay,Maharashtra,Thane,Thane West,"27, Park, Thane West, Thane",19.2181,72.9122,12400,18500,Shared,Triple,Boys,1,1,1,1,1,0,1,1,Fully Furnished,2.9,292,Available,OWN0108
PG01660,Vraj House,Maharashtra,Thane,Majiwada,"158, Marg, Majiwada, Thane",19.1945,72.9341,9600,19000,Shared,Triple,Girls,0,1,1,0,0,1,0,0,Fully Furnished,4.2,366,Available,OWN0143
PG01661,Cozy Residency,Maharashtra,Thane,Naupada,"219, Chowk, Naupada, Thane",19.2565,72.9489,9500,19000,Shared,Triple,Girls,0,1,0,1,1,0,0,1,Fully Furnished,3.6,180,Available,OWN0124
PG01662,Om Inn,Maharashtra,Thane,Kolshet Road,"289, Society, Kolshet Road, Thane",19.2446,72.9468,20200,60500,Private,Single,Boys,1,1,1,0,1,1,1,1,Fully Furnished,2.9,71,Available,OWN0084
PG01663,Sunshine Inn,Maharashtra,Thane,Ghodbunder Road,"200, Colony, Ghodbunder Road, Thane",19.238,72.9299,7000,21000,Dormitory,Dormitory,Girls,1,1,0,1,0,0,0,1,Unfurnished,3.3,87,Available,OWN0001
PG01664,Blue Home,Maharashtra,Thane,Majiwada,"156, Lane, Majiwada, Thane",19.217,72.9207,19000,28500,Private,Single,Girls,1,1,1,1,0,1,0,1,Unfurnished,4.2,110,Limited,OWN0061
PG01665,Comfort Living,Maharashtra,Thane,Majiwada,"17, Society, Majiwada, Thane",19.243,73.0193,12200,12000,Shared,Double,Boys,1,0,1,1,1,1,1,1,Fully Furnished,4.3,346,Available,OWN0192
PG01666,Happy Retreat,Maharashtra,Thane,Thane West,"202, Nagar, Thane West, Thane",19.2703,72.9553,17900,18000,Private,Single,Girls,1,0,1,1,0,0,0,0,Semi Furnished,4.3,104,Full,OWN0113
PG01667,Radha Home,Maharashtra,Thane,Vartak Nagar,"355, Society, Vartak Nagar, Thane",19.1894,73.0052,13200,26500,Private,Double,Girls,1,1,1,0,0,0,0,0,Fully Furnished,3.4,407,Available,OWN0143
PG01668,Silver Rooms,Maharashtra,Thane,Majiwada,"214, Nagar, Majiwada, Thane",19.2005,72.9411,13400,40000,Shared,Double,Girls,1,0,0,1,1,1,0,0,Semi Furnished,4.5,269,Available,OWN0074
PG01669,Vraj Home,Maharashtra,Thane,Ghodbunder Road,"99, Park, Ghodbunder Road, Thane",19.2857,73.0394,11100,16500,Shared,Triple,Boys,1,0,1,1,1,1,1,1,Semi Furnished,4.7,312,Limited,OWN0075
PG01670,Star Palace,Maharashtra,Thane,Manpada,"352, Society, Manpada, Thane",19.1602,72.9357,7900,12000,Dormitory,Dormitory,Girls,1,1,1,1,1,1,1,1,Semi Furnished,4.9,34,Available,OWN0054
PG01671,Krishna House,Maharashtra,Thane,Vartak Nagar,"270, Lane, Vartak Nagar, Thane",19.2102,72.9184,13300,20000,Shared,Double,Coed,1,1,1,1,0,0,1,0,Semi Furnished,4.4,72,Available,OWN0154
PG01672,Om PG,Maharashtra,Thane,Vartak Nagar,"240, Complex, Vartak Nagar, Thane",19.2308,72.9741,12000,24000,Private,Double,Girls,1,1,1,1,1,1,1,1,Semi Furnished,3.2,382,Available,OWN0097
PG01673,Nest House,Maharashtra,Thane,Thane West,"207, Road, Thane West, Thane",19.2821,72.9411,11500,11500,Private,Double,Boys,0,1,1,0,1,0,1,1,Fully Furnished,5.0,157,Available,OWN0178
PG01674,Shree Residency,Maharashtra,Thane,Majiwada,"382, Road, Majiwada, Thane",19.2337,73.0043,8900,13500,Shared,Triple,Girls,1,1,1,1,1,1,1,1,Semi Furnished,4.0,146,Full,OWN0117
PG01675,Serene Stay,Maharashtra,Thane,Manpada,"313, Complex, Manpada, Thane",19.2787,72.9616,11800,23500,Private,Double,Girls,0,0,1,1,0,1,0,1,Fully Furnished,4.0,250,Available,OWN0185
PG01676,Krishna Home,Maharashtra,Thane,Vartak Nagar,"55, Lane, Vartak Nagar, Thane",19.2289,73.0022,19400,19500,Private,Single,Coed,1,0,1,0,0,1,0,1,Semi Furnished,4.5,250,Limited,OWN0018
PG01677,Radha Rooms,Maharashtra,Thane,Naupada,"209, Park, Naupada, Thane",19.2507,73.011,6900,14000,Shared,Triple,Boys,0,0,1,1,0,1,1,1,Semi Furnished,4.3,319,Available,OWN0078
PG01678,Comfort Comforts,Maharashtra,Thane,Ghodbunder Road,"207, Park, Ghodbunder Road, Thane",19.1996,73.0236,9400,28000,Shared,Triple,Boys,1,1,1,0,1,1,1,1,Fully Furnished,3.6,29,Full,OWN0167
PG01679,Cozy Palace,Maharashtra,Thane,Ghodbunder Road,"359, Society, Ghodbunder Road, Thane",19.2693,72.9943,11300,34000,Shared,Double,Girls,0,0,1,0,1,0,1,1,Fully Furnished,4.1,24,Full,OWN0154
PG01680,Star PG,Maharashtra,Thane,Majiwada,"46, Chowk, Majiwada, Thane",19.1669,72.9502,5800,8500,Dormitory,Dormitory,Coed,1,1,1,1,1,0,1,1,Unfurnished,3.9,421,Full,OWN0147
PG01681,Cozy PG,Maharashtra,Thane,Kolshet Road,"124, Lane, Kolshet Road, Thane",19.1818,72.9541,5800,8500,Dormitory,Dormitory,Girls,0,1,1,1,1,1,1,1,Semi Furnished,4.7,435,Limited,OWN0184
PG01682,Krishna Residency,Maharashtra,Thane,Thane West,"375, Park, Thane West, Thane",19.1877,72.91,10000,20000,Private,Double,Boys,0,0,1,1,1,1,0,1,Semi Furnished,3.4,387,Available,OWN0169
PG01683,Divine Stay,Maharashtra,Thane,Thane West,"390, Marg, Thane West, Thane",19.1876,73.0451,14100,21000,Shared,Double,Girls,1,1,0,0,0,0,0,1,Semi Furnished,4.6,113,Available,OWN0164
PG01684,Blue Rooms,Maharashtra,Thane,Manpada,"176, Park, Manpada, Thane",19.1659,73.0461,8300,8500,Shared,Triple,Girls,0,1,0,1,0,0,0,1,Semi Furnished,3.3,396,Available,OWN0012
PG01685,Urban Comforts,Maharashtra,Thane,Vartak Nagar,"317, Complex, Vartak Nagar, Thane",19.2187,73.011,19700,59000,Private,Single,Girls,1,1,0,0,0,1,1,1,Fully Furnished,3.0,324,Full,OWN0185
PG01686,New House,Maharashtra,Thane,Manpada,"112, Colony, Manpada, Thane",19.1701,72.9415,17400,17500,Private,Single,Boys,1,1,0,1,1,0,0,1,Semi Furnished,2.9,89,Limited,OWN0188
PG01687,Star Heights,Maharashtra,Thane,Thane West,"295, Chowk, Thane West, Thane",19.2791,72.9148,7200,11000,Shared,Triple,Boys,0,1,1,1,1,0,1,1,Fully Furnished,4.7,77,Available,OWN0085
PG01688,Krishna Inn,Maharashtra,Thane,Kolshet Road,"362, Chowk, Kolshet Road, Thane",19.2798,73.0096,18400,37000,Private,Single,Coed,1,1,1,1,0,1,1,0,Fully Furnished,3.3,20,Available,OWN0090
PG01689,Legacy Inn,Maharashtra,Thane,Ghodbunder Road,"391, Colony, Ghodbunder Road, Thane",19.2249,72.9824,19600,59000,Private,Single,Girls,1,1,1,0,1,1,1,1,Fully Furnished,4.6,328,Limited,OWN0197
PG01690,Modern Living,Maharashtra,Thane,Kolshet Road,"207, Nagar, Kolshet Road, Thane",19.2649,73.0136,12600,38000,Private,Double,Boys,1,0,1,1,1,1,1,1,Semi Furnished,4.6,32,Limited,OWN0142
PG01691,Divine Villa,Maharashtra,Thane,Thane West,"18, Colony, Thane West, Thane",19.1961,73.0455,6400,19000,Dormitory,Dormitory,Boys,0,0,0,0,0,1,1,1,Fully Furnished,5.0,102,Limited,OWN0011
PG01692,Vraj Comforts,Maharashtra,Thane,Majiwada,"399, Road, Majiwada, Thane",19.1501,72.975,8900,9000,Shared,Triple,Boys,0,1,1,1,1,0,0,1,Fully Furnished,4.4,321,Limited,OWN0065
PG01693,Sai Palace,Maharashtra,Thane,Majiwada,"327, Park, Majiwada, Thane",19.2064,72.9669,11200,17000,Shared,Double,Girls,0,1,1,1,1,0,1,1,Unfurnished,2.8,7,Available,OWN0099
PG01694,Zenith Stay,Maharashtra,Nagpur,Ramdaspeth,"92, Complex, Ramdaspeth, Nagpur",21.1221,79.1567,7300,11000,Dormitory,Dormitory,Boys,0,1,1,1,1,0,1,1,Fully Furnished,4.0,344,Available,OWN0102
PG01695,Elite PG,Maharashtra,Nagpur,Manish Nagar,"67, Road, Manish Nagar, Nagpur",21.1293,79.1217,6600,13000,Dormitory,Dormitory,Girls,1,1,1,1,0,1,0,1,Semi Furnished,3.1,65,Available,OWN0118
PG01696,Nirvana Home,Maharashtra,Nagpur,Civil Lines,"258, Road, Civil Lines, Nagpur",21.1417,79.1316,10800,21500,Shared,Double,Girls,0,1,1,0,1,0,0,1,Fully Furnished,3.8,15,Full,OWN0188
PG01697,Radha House,Maharashtra,Nagpur,Sadar,"373, Chowk, Sadar, Nagpur",21.1645,79.1232,7400,22000,Dormitory,Dormitory,Girls,0,0,1,1,0,0,1,0,Fully Furnished,4.0,281,Limited,OWN0103
PG01698,Sunshine PG,Maharashtra,Nagpur,Trimurti Nagar,"395, Nagar, Trimurti Nagar, Nagpur",21.1511,79.0587,12100,24000,Shared,Double,Boys,1,1,1,1,0,0,1,1,Unfurnished,3.4,182,Available,OWN0182
PG01699,Nirvana Living,Maharashtra,Nagpur,Sitabuldi,"365, Complex, Sitabuldi, Nagpur",21.2086,79.0477,14600,44000,Private,Single,Boys,0,1,0,1,1,0,1,1,Semi Furnished,4.9,355,Available,OWN0008
PG01700,Nirvana Comforts,Maharashtra,Nagpur,Dharampeth,"284, Nagar, Dharampeth, Nagpur",21.1507,79.115,11200,11000,Shared,Double,Boys,0,1,1,1,1,1,1,0,Fully Furnished,3.0,232,Available,OWN0104
PG01701,Happy Heights,Maharashtra,Nagpur,Ramdaspeth,"338, Colony, Ramdaspeth, Nagpur",21.2157,79.1442,8400,25000,Dormitory,Dormitory,Coed,1,1,0,1,0,1,1,1,Fully Furnished,4.0,226,Available,OWN0189
PG01702,Royal Living,Maharashtra,Nagpur,Wardha Road,"243, Lane, Wardha Road, Nagpur",21.1248,79.1032,11000,16500,Private,Double,Boys,0,0,1,1,0,1,1,1,Semi Furnished,4.3,298,Available,OWN0100
PG01703,Divine Stay,Maharashtra,Nagpur,Sitabuldi,"372, Society, Sitabuldi, Nagpur",21.2122,79.1093,13000,13000,Shared,Double,Boys,0,1,1,1,0,0,0,0,Fully Furnished,4.2,199,Limited,OWN0162
PG01704,Elite Stay,Maharashtra,Nagpur,Sadar,"30, Road, Sadar, Nagpur",21.1441,79.087,13700,13500,Private,Double,Boys,1,1,1,0,1,0,0,1,Semi Furnished,3.7,392,Full,OWN0149
PG01705,Sai Rooms,Maharashtra,Nagpur,Dharampeth,"281, Marg, Dharampeth, Nagpur",21.088,79.1189,7200,11000,Shared,Triple,Boys,0,0,1,0,0,1,1,1,Fully Furnished,3.7,169,Available,OWN0016
PG01706,Ganesh Stay,Maharashtra,Nagpur,Manish Nagar,"146, Colony, Manish Nagar, Nagpur",21.0961,79.1445,11500,17000,Private,Double,Girls,1,0,1,1,1,1,1,1,Semi Furnished,4.4,272,Available,OWN0155
PG01707,Nest Retreat,Maharashtra,Nagpur,Civil Lines,"54, Park, Civil Lines, Nagpur",21.1699,79.0966,8800,26500,Shared,Triple,Boys,0,1,1,1,1,1,0,1,Fully Furnished,3.7,211,Available,OWN0002
PG01708,Nirvana Heights,Maharashtra,Nagpur,Wardha Road,"319, Colony, Wardha Road, Nagpur",21.2123,79.1221,10100,30500,Private,Double,Girls,0,0,1,1,0,1,1,1,Fully Furnished,3.6,241,Available,OWN0096
PG01709,Zenith Living,Maharashtra,Nagpur,Civil Lines,"168, Road, Civil Lines, Nagpur",21.1657,79.0223,10800,11000,Shared,Triple,Boys,1,0,1,1,0,0,1,1,Fully Furnished,3.3,346,Available,OWN0046
PG01710,Sai Residency,Maharashtra,Nagpur,Manish Nagar,"254, Marg, Manish Nagar, Nagpur",21.184,79.0457,10800,21500,Shared,Double,Girls,0,1,1,1,0,0,1,1,Semi Furnished,4.6,163,Available,OWN0109
PG01711,Vraj Girls Hostel,Maharashtra,Nagpur,Trimurti Nagar,"55, Road, Trimurti Nagar, Nagpur",21.0896,79.1085,13900,21000,Shared,Double,Boys,1,1,1,1,0,0,1,1,Semi Furnished,4.9,165,Available,OWN0073
PG01712,Urban Heights,Maharashtra,Nagpur,Dharampeth,"69, Colony, Dharampeth, Nagpur",21.1423,79.0372,10400,21000,Private,Double,Girls,0,1,1,1,0,0,0,1,Fully Furnished,2.8,274,Available,OWN0050
PG01713,Nirvana Rooms,Maharashtra,Nagpur,Dharampeth,"86, Nagar, Dharampeth, Nagpur",21.1965,79.0548,11900,12000,Private,Double,Boys,0,1,1,1,0,1,0,1,Semi Furnished,4.8,126,Available,OWN0099
PG01714,Sai Rooms,Maharashtra,Nagpur,Trimurti Nagar,"212, Nagar, Trimurti Nagar, Nagpur",21.2141,79.0958,19400,58000,Private,Single,Girls,1,1,1,1,0,1,1,1,Fully Furnished,4.7,381,Available,OWN0042
PG01715,Divine PG,Maharashtra,Nagpur,Civil Lines,"6, Colony, Civil Lines, Nagpur",21.0857,79.1561,12000,12000,Shared,Triple,Girls,1,1,0,1,1,0,1,1,Fully Furnished,4.9,292,Available,OWN0001
PG01716,Ganesh Villa,Maharashtra,Nagpur,Civil Lines,"318, Society, Civil Lines, Nagpur",21.1923,79.1154,18700,56000,Private,Single,Girls,1,1,1,1,0,0,1,1,Semi Furnished,4.2,142,Limited,OWN0090
PG01717,Divine Villa,Maharashtra,Nagpur,Ramdaspeth,"395, Lane, Ramdaspeth, Nagpur",21.2074,79.0685,8800,9000,Shared,Triple,Girls,0,0,1,1,0,0,0,1,Fully Furnished,3.6,289,Available,OWN0054
PG01718,Metro Villa,Maharashtra,Nagpur,Dharampeth,"301, Park, Dharampeth, Nagpur",21.0879,79.1189,11100,11000,Shared,Double,Coed,0,0,0,1,0,1,1,1,Fully Furnished,3.4,440,Available,OWN0139
PG01719,Nirvana Palace,Maharashtra,Nagpur,Ramdaspeth,"288, Complex, Ramdaspeth, Nagpur",21.142,79.0408,9200,9000,Private,Double,Girls,0,1,1,1,0,1,1,1,Unfurnished,5.0,257,Limited,OWN0006
PG01720,Legacy Home,Maharashtra,Nagpur,Dharampeth,"183, Colony, Dharampeth, Nagpur",21.1881,79.0294,9900,20000,Dormitory,Dormitory,Boys,1,0,1,1,1,1,0,1,Fully Furnished,4.7,220,Available,OWN0180
PG01721,Sai Home,Maharashtra,Nagpur,Wardha Road,"1, Complex, Wardha Road, Nagpur",21.1233,79.1097,17200,17000,Private,Single,Boys,1,0,1,1,0,0,0,1,Unfurnished,3.7,338,Available,OWN0036
PG01722,Metro Comforts,Maharashtra,Nagpur,Wardha Road,"400, Park, Wardha Road, Nagpur",21.0829,79.1496,6200,18500,Shared,Triple,Girls,0,0,1,1,0,1,0,1,Semi Furnished,3.1,279,Limited,OWN0159
PG01723,Cozy Residency,Maharashtra,Nagpur,Ramdaspeth,"19, Park, Ramdaspeth, Nagpur",21.1108,79.1079,15600,23500,Private,Single,Girls,0,0,1,1,1,1,0,1,Semi Furnished,5.0,427,Available,OWN0143
PG01724,Modern Nivas,Maharashtra,Nagpur,Civil Lines,"194, Chowk, Civil Lines, Nagpur",21.2099,79.0686,17700,26500,Private,Single,Boys,1,1,1,1,1,0,0,1,Unfurnished,4.2,163,Full,OWN0131
PG01725,Royal Stay,Maharashtra,Nagpur,Manish Nagar,"24, Nagar, Manish Nagar, Nagpur",21.0833,79.0663,13000,13000,Private,Double,Boys,1,1,1,1,0,0,0,1,Fully Furnished,4.3,164,Available,OWN0085
PG01726,Star PG,Maharashtra,Nagpur,Sitabuldi,"247, Nagar, Sitabuldi, Nagpur",21.1356,79.1455,10100,10000,Shared,Double,Girls,0,1,1,1,0,1,1,1,Fully Furnished,4.3,131,Full,OWN0166
PG01727,Vraj Palace,Maharashtra,Nagpur,Civil Lines,"316, Colony, Civil Lines, Nagpur",21.1944,79.1429,11700,11500,Shared,Double,Girls,0,0,1,1,0,0,1,1,Fully Furnished,4.7,271,Available,OWN0040
PG01728,Royal Comforts,Maharashtra,Nagpur,Manish Nagar,"115, Park, Manish Nagar, Nagpur",21.1561,79.0562,19000,57000,Private,Single,Coed,1,1,1,1,0,0,1,1,Semi Furnished,4.6,201,Available,OWN0187
PG01729,Modern Residency,Maharashtra,Nagpur,Trimurti Nagar,"277, Road, Trimurti Nagar, Nagpur",21.1023,79.1287,13500,27000,Private,Double,Boys,1,1,1,1,0,1,1,1,Fully Furnished,3.5,438,Available,OWN0016
PG01730,Zenith Living,Maharashtra,Nagpur,Civil Lines,"173, Chowk, Civil Lines, Nagpur",21.1511,79.1538,11300,17000,Private,Double,Boys,0,1,1,1,1,1,1,0,Fully Furnished,3.6,162,Available,OWN0189
PG01731,New Comforts,Maharashtra,Nagpur,Sadar,"168, Society, Sadar, Nagpur",21.1041,79.1317,12700,12500,Shared,Double,Coed,1,1,1,1,1,1,1,1,Fully Furnished,4.8,149,Available,OWN0132
PG01732,Star Villa,Maharashtra,Nagpur,Sitabuldi,"254, Nagar, Sitabuldi, Nagpur",21.0973,79.0321,19900,20000,Private,Single,Boys,1,1,1,0,0,1,0,1,Fully Furnished,3.2,387,Available,OWN0054
PG01733,City Inn,Maharashtra,Nagpur,Sadar,"204, Road, Sadar, Nagpur",21.0861,79.0747,15100,45500,Private,Double,Boys,1,1,1,1,1,0,0,1,Fully Furnished,3.1,106,Limited,OWN0130
PG01734,Divine Comforts,Maharashtra,Nagpur,Trimurti Nagar,"374, Road, Trimurti Nagar, Nagpur",21.1508,79.0419,17800,26500,Private,Single,Girls,0,1,1,1,1,1,1,1,Fully Furnished,2.9,212,Full,OWN0030
PG01735,Comfort Home,Maharashtra,Nagpur,Sadar,"3, Road, Sadar, Nagpur",21.127,79.0925,6300,12500,Shared,Triple,Boys,0,1,1,1,0,1,0,0,Semi Furnished,4.9,210,Available,OWN0095
PG01736,Modern Villa,Maharashtra,Nagpur,Ramdaspeth,"285, Road, Ramdaspeth, Nagpur",21.1994,79.104,10800,32500,Shared,Triple,Girls,1,1,1,1,1,0,1,0,Fully Furnished,4.2,381,Full,OWN0104
PG01737,Happy Living,Maharashtra,Nagpur,Sitabuldi,"6, Road, Sitabuldi, Nagpur",21.1111,79.142,18800,37500,Private,Single,Girls,1,1,1,1,0,1,0,1,Semi Furnished,4.0,208,Full,OWN0128
PG01738,Sunshine PG,Maharashtra,Nagpur,Civil Lines,"87, Road, Civil Lines, Nagpur",21.1012,79.0535,12800,13000,Private,Double,Boys,1,1,1,1,0,0,1,0,Fully Furnished,4.5,413,Limited,OWN0078
PG01739,Blue Residency,Maharashtra,Nagpur,Civil Lines,"79, Marg, Civil Lines, Nagpur",21.1315,79.0369,18400,27500,Private,Single,Girls,1,0,1,1,0,1,1,1,Fully Furnished,3.2,127,Available,OWN0060
PG01740,New Residency,Maharashtra,Nagpur,Civil Lines,"8, Nagar, Civil Lines, Nagpur",21.0893,79.0363,12200,24500,Shared,Double,Girls,0,1,1,1,0,1,1,0,Fully Furnished,4.9,64,Limited,OWN0125
PG01741,Sunshine Comforts,Maharashtra,Nagpur,Sitabuldi,"378, Marg, Sitabuldi, Nagpur",21.1143,79.1211,5000,7500,Shared,Triple,Boys,0,0,0,1,0,1,1,1,Unfurnished,2.8,243,Available,OWN0014
PG01742,Golden Stay,Maharashtra,Nagpur,Sitabuldi,"193, Nagar, Sitabuldi, Nagpur",21.0938,79.151,7000,21000,Dormitory,Dormitory,Girls,1,1,1,1,0,0,0,1,Semi Furnished,4.4,447,Available,OWN0140
PG01743,Metro Living,Maharashtra,Nagpur,Civil Lines,"100, Marg, Civil Lines, Nagpur",21.0977,79.0573,15600,31000,Private,Single,Boys,0,0,0,1,0,1,1,0,Fully Furnished,4.1,19,Available,OWN0125
PG01744,New Living,Maharashtra,Nagpur,Dharampeth,"22, Complex, Dharampeth, Nagpur",21.2156,79.0601,14500,29000,Private,Double,Coed,1,0,1,1,0,1,0,1,Fully Furnished,2.9,217,Full,OWN0178
PG01745,Star House,Maharashtra,Nagpur,Sadar,"143, Complex, Sadar, Nagpur",21.1251,79.0457,20200,40500,Private,Single,Boys,1,1,0,1,0,0,0,1,Fully Furnished,3.5,251,Available,OWN0089
PG01746,Modern Rooms,Maharashtra,Nagpur,Dharampeth,"177, Colony, Dharampeth, Nagpur",21.0939,79.0437,9500,19000,Shared,Double,Boys,0,1,0,1,0,0,1,1,Semi Furnished,3.2,322,Available,OWN0141
PG01747,City Inn,Maharashtra,Nagpur,Sadar,"331, Park, Sadar, Nagpur",21.1975,79.024,8300,16500,Shared,Triple,Girls,0,1,1,0,0,0,1,1,Semi Furnished,4.8,57,Limited,OWN0191
PG01748,New Inn,Maharashtra,Nagpur,Dharampeth,"182, Park, Dharampeth, Nagpur",21.1007,79.0607,9600,9500,Private,Double,Girls,0,0,1,0,0,0,0,1,Semi Furnished,3.3,222,Limited,OWN0044
PG01749,Blue Retreat,Maharashtra,Nagpur,Wardha Road,"389, Lane, Wardha Road, Nagpur",21.2128,79.04,11200,17000,Private,Double,Coed,0,1,1,1,0,1,1,1,Semi Furnished,3.9,181,Available,OWN0183
PG01750,Star Heights,Maharashtra,Nagpur,Wardha Road,"23, Complex, Wardha Road, Nagpur",21.1227,79.1363,20100,60500,Private,Single,Girls,1,0,1,1,0,1,0,1,Fully Furnished,3.4,232,Available,OWN0141
PG01751,Divine Girls Hostel,Maharashtra,Nagpur,Manish Nagar,"225, Park, Manish Nagar, Nagpur",21.1165,79.0411,16900,17000,Private,Single,Boys,0,0,1,1,1,1,1,1,Unfurnished,3.6,315,Limited,OWN0033
PG01752,Royal Nivas,Maharashtra,Nagpur,Ramdaspeth,"158, Nagar, Ramdaspeth, Nagpur",21.0794,79.0541,14500,22000,Private,Single,Girls,0,1,1,1,1,0,1,1,Unfurnished,2.8,217,Available,OWN0068
PG01753,Elite Palace,Maharashtra,Nagpur,Ramdaspeth,"31, Colony, Ramdaspeth, Nagpur",21.0814,79.1368,12200,36500,Shared,Double,Boys,0,1,1,1,0,1,1,1,Fully Furnished,4.9,188,Limited,OWN0069
PG01754,Silver Stay,Maharashtra,Nagpur,Ramdaspeth,"177, Complex, Ramdaspeth, Nagpur",21.1223,79.0211,9800,29500,Private,Double,Girls,0,1,1,1,0,1,1,0,Fully Furnished,3.2,376,Available,OWN0025
PG01755,Star Inn,Maharashtra,Nagpur,Wardha Road,"316, Lane, Wardha Road, Nagpur",21.1127,79.0232,13700,13500,Private,Double,Coed,1,1,1,1,0,1,1,1,Fully Furnished,3.2,8,Available,OWN0083
PG01756,Legacy Living,Maharashtra,Nagpur,Dharampeth,"165, Society, Dharampeth, Nagpur",21.1179,79.021,10600,16000,Shared,Double,Girls,0,1,1,0,0,1,1,1,Unfurnished,4.5,431,Full,OWN0026
PG01757,New Residency,Maharashtra,Nagpur,Wardha Road,"14, Marg, Wardha Road, Nagpur",21.0918,79.135,9300,18500,Shared,Triple,Coed,1,0,1,1,0,1,1,0,Fully Furnished,4.2,414,Available,OWN0163
PG01758,Vraj Retreat,Maharashtra,Nagpur,Sadar,"23, Society, Sadar, Nagpur",21.1325,79.0547,20200,30500,Private,Single,Girls,1,1,0,0,0,1,0,1,Fully Furnished,4.3,244,Available,OWN0070
PG01759,Happy Girls Hostel,Maharashtra,Nagpur,Sadar,"253, Colony, Sadar, Nagpur",21.1455,79.0905,11500,17000,Shared,Triple,Girls,1,1,1,0,1,1,1,1,Fully Furnished,3.2,395,Available,OWN0091
PG01760,Nest Rooms,Maharashtra,Nagpur,Manish Nagar,"29, Marg, Manish Nagar, Nagpur",21.101,79.0531,17800,53500,Private,Single,Girls,1,1,1,0,0,1,0,1,Semi Furnished,2.9,354,Available,OWN0108
PG01761,New Heights,Maharashtra,Nagpur,Sitabuldi,"45, Nagar, Sitabuldi, Nagpur",21.1535,79.0184,20600,31000,Private,Single,Girls,1,1,0,1,0,1,1,1,Fully Furnished,3.3,303,Available,OWN0089
PG01762,Radha Boys Hostel,Maharashtra,Nagpur,Dharampeth,"360, Park, Dharampeth, Nagpur",21.1658,79.0873,9200,9000,Private,Double,Boys,0,1,1,0,1,0,1,1,Semi Furnished,4.3,307,Limited,OWN0010
PG01763,Krishna Girls Hostel,Maharashtra,Nagpur,Trimurti Nagar,"152, Road, Trimurti Nagar, Nagpur",21.1878,79.1001,12000,12000,Shared,Double,Coed,1,1,1,1,0,1,0,1,Unfurnished,4.1,395,Limited,OWN0029
PG01764,Comfort PG,Maharashtra,Nagpur,Wardha Road,"212, Colony, Wardha Road, Nagpur",21.1489,79.1036,18800,19000,Private,Single,Girls,1,0,1,0,0,1,1,1,Semi Furnished,3.4,427,Available,OWN0165
PG01765,City Heights,Maharashtra,Nagpur,Sadar,"171, Colony, Sadar, Nagpur",21.1254,79.1498,13500,27000,Shared,Double,Girls,1,1,1,1,0,0,1,1,Fully Furnished,4.7,246,Full,OWN0053
PG01766,Serene Retreat,Maharashtra,Nagpur,Trimurti Nagar,"128, Road, Trimurti Nagar, Nagpur",21.1684,79.1555,15000,15000,Shared,Double,Girls,1,1,1,1,0,0,0,1,Fully Furnished,2.8,329,Available,OWN0002
PG01767,Cozy Stay,Maharashtra,Nagpur,Civil Lines,"132, Complex, Civil Lines, Nagpur",21.1896,79.0749,11900,24000,Shared,Double,Girls,1,0,1,0,1,1,1,1,Semi Furnished,4.8,29,Available,OWN0152
PG01768,City Boys Hostel,Maharashtra,Nagpur,Wardha Road,"368, Complex, Wardha Road, Nagpur",21.1366,79.1088,18800,28000,Private,Single,Coed,1,0,1,1,1,0,0,0,Fully Furnished,4.0,159,Full,OWN0106
PG01769,City Retreat,Maharashtra,Nagpur,Trimurti Nagar,"300, Society, Trimurti Nagar, Nagpur",21.2022,79.1172,7200,7000,Shared,Triple,Girls,0,0,0,1,0,0,0,1,Fully Furnished,4.0,95,Available,OWN0076
PG01770,Sai Palace,Maharashtra,Nagpur,Manish Nagar,"328, Road, Manish Nagar, Nagpur",21.1183,79.0495,12200,36500,Shared,Double,Girls,0,0,1,1,1,0,1,1,Fully Furnished,4.1,231,Available,OWN0056
PG01771,Modern PG,Maharashtra,Nagpur,Ramdaspeth,"335, Road, Ramdaspeth, Nagpur",21.101,79.0983,14800,22000,Private,Double,Coed,1,1,0,1,0,1,0,1,Fully Furnished,3.0,421,Available,OWN0104
PG01772,Blue Girls Hostel,Maharashtra,Nagpur,Dharampeth,"23, Complex, Dharampeth, Nagpur",21.0786,79.1506,10400,21000,Private,Double,Girls,0,1,1,1,0,0,1,1,Semi Furnished,3.4,331,Full,OWN0161
PG01773,City Living,Maharashtra,Nagpur,Wardha Road,"321, Chowk, Wardha Road, Nagpur",21.0783,79.0508,8600,26000,Shared,Triple,Boys,0,1,1,0,0,0,1,1,Fully Furnished,5.0,75,Limited,OWN0104
PG01774,Golden Rooms,Maharashtra,Nagpur,Trimurti Nagar,"352, Marg, Trimurti Nagar, Nagpur",21.1752,79.0494,17600,35000,Private,Single,Boys,1,0,1,1,1,1,1,1,Fully Furnished,2.9,368,Limited,OWN0058
PG01775,Silver Retreat,Maharashtra,Nagpur,Sadar,"37, Society, Sadar, Nagpur",21.1607,79.0391,6600,13000,Dormitory,Dormitory,Girls,1,0,1,1,0,1,1,1,Unfurnished,2.9,416,Full,OWN0057
PG01776,Divine PG,Maharashtra,Nagpur,Civil Lines,"305, Chowk, Civil Lines, Nagpur",21.1914,79.0265,10200,30500,Shared,Double,Girls,0,1,1,1,0,1,0,1,Unfurnished,4.4,338,Available,OWN0116
PG01777,Star Boys Hostel,Maharashtra,Nagpur,Sadar,"35, Road, Sadar, Nagpur",21.1011,79.0536,13800,20500,Private,Double,Girls,1,1,1,1,0,0,1,1,Semi Furnished,4.9,140,Limited,OWN0107
PG01778,Legacy Retreat,Maharashtra,Nagpur,Wardha Road,"39, Colony, Wardha Road, Nagpur",21.1496,79.1156,9100,9000,Shared,Triple,Girls,1,1,1,0,1,1,1,1,Fully Furnished,2.9,377,Available,OWN0084
PG01779,Urban PG,Maharashtra,Nagpur,Sitabuldi,"347, Chowk, Sitabuldi, Nagpur",21.2056,79.1099,18700,37500,Private,Single,Girls,1,0,1,1,1,1,1,1,Unfurnished,3.6,103,Available,OWN0169
PG01780,New Villa,Maharashtra,Nagpur,Dharampeth,"273, Society, Dharampeth, Nagpur",21.1343,79.0681,8000,16000,Shared,Triple,Coed,1,1,1,1,1,1,0,1,Semi Furnished,4.1,266,Limited,OWN0147
PG01781,Comfort House,Maharashtra,Nagpur,Sadar,"185, Chowk, Sadar, Nagpur",21.1219,79.0741,17200,17000,Private,Single,Boys,1,1,1,1,0,1,1,1,Semi Furnished,2.9,292,Limited,OWN0120
PG01782,New Rooms,Maharashtra,Nagpur,Sitabuldi,"229, Nagar, Sitabuldi, Nagpur",21.114,79.0518,10000,30000,Shared,Double,Coed,0,1,0,0,0,1,0,1,Fully Furnished,4.8,127,Available,OWN0080
PG01783,Cozy Rooms,Maharashtra,Nagpur,Wardha Road,"144, Nagar, Wardha Road, Nagpur",21.0976,79.1438,9900,20000,Shared,Double,Boys,0,1,1,0,0,0,1,1,Semi Furnished,4.9,94,Available,OWN0079
PG01784,Nirvana House,Maharashtra,Nagpur,Manish Nagar,"54, Complex, Manish Nagar, Nagpur",21.1249,79.0952,19000,28500,Private,Single,Boys,1,0,1,1,0,1,1,1,Semi Furnished,2.9,15,Limited,OWN0056
PG01785,Nest Heights,Maharashtra,Nagpur,Ramdaspeth,"204, Park, Ramdaspeth, Nagpur",21.134,79.1267,20100,30000,Private,Single,Boys,1,1,1,1,0,0,1,0,Fully Furnished,3.2,242,Available,OWN0162
PG01786,Elite Comforts,Maharashtra,Nagpur,Civil Lines,"253, Park, Civil Lines, Nagpur",21.1671,79.1428,8400,12500,Shared,Triple,Boys,0,1,1,1,1,0,1,1,Fully Furnished,3.2,166,Full,OWN0153
PG01787,Happy PG,Maharashtra,Nagpur,Dharampeth,"150, Complex, Dharampeth, Nagpur",21.107,79.08,12200,12000,Private,Double,Boys,1,0,1,1,1,0,1,1,Fully Furnished,4.6,175,Available,OWN0024
PG01788,Ganesh Home,Maharashtra,Nagpur,Dharampeth,"223, Colony, Dharampeth, Nagpur",21.1419,79.078,13200,13000,Shared,Double,Girls,1,1,1,0,1,1,1,1,Fully Furnished,4.7,189,Available,OWN0178
PG01789,Blue Palace,Maharashtra,Nagpur,Civil Lines,"17, Complex, Civil Lines, Nagpur",21.0983,79.1509,6800,20500,Shared,Triple,Boys,0,1,1,1,1,1,0,1,Fully Furnished,2.8,224,Available,OWN0186
PG01790,Krishna PG,Maharashtra,Nagpur,Civil Lines,"96, Nagar, Civil Lines, Nagpur",21.0852,79.0554,7000,21000,Dormitory,Dormitory,Boys,1,0,0,0,0,0,1,0,Unfurnished,3.3,328,Full,OWN0077
PG01791,City Living,Maharashtra,Nagpur,Wardha Road,"297, Marg, Wardha Road, Nagpur",21.1985,79.0225,18500,37000,Private,Single,Girls,0,0,1,1,0,1,0,1,Fully Furnished,3.1,317,Full,OWN0194
PG01792,Serene Rooms,Maharashtra,Nagpur,Ramdaspeth,"137, Colony, Ramdaspeth, Nagpur",21.1126,79.0479,9800,14500,Shared,Triple,Boys,0,1,0,1,0,1,1,0,Fully Furnished,3.9,375,Available,OWN0130
PG01793,Nest Residency,Maharashtra,Nagpur,Sadar,"54, Chowk, Sadar, Nagpur",21.2002,79.1275,7300,11000,Dormitory,Dormitory,Girls,1,1,1,0,1,1,0,1,Unfurnished,2.9,377,Full,OWN0008
PG01794,Cozy Retreat,Maharashtra,Nagpur,Dharampeth,"350, Road, Dharampeth, Nagpur",21.1976,79.0911,14400,29000,Private,Single,Boys,0,1,0,1,0,1,1,1,Semi Furnished,3.4,175,Limited,OWN0190
PG01795,Nest Palace,Maharashtra,Nagpur,Civil Lines,"389, Colony, Civil Lines, Nagpur",21.1591,79.1538,14400,29000,Shared,Double,Girls,1,1,1,1,1,0,1,0,Semi Furnished,4.0,109,Limited,OWN0007
PG01796,Serene Girls Hostel,Maharashtra,Nagpur,Dharampeth,"267, Nagar, Dharampeth, Nagpur",21.0908,79.0297,9200,9000,Shared,Double,Coed,0,1,1,1,1,0,1,1,Semi Furnished,2.8,303,Available,OWN0030
PG01797,Star Retreat,Maharashtra,Nagpur,Trimurti Nagar,"104, Nagar, Trimurti Nagar, Nagpur",21.126,79.0433,9300,28000,Shared,Triple,Girls,0,1,0,1,0,0,0,0,Fully Furnished,2.9,215,Available,OWN0180
PG01798,Shree Inn,Maharashtra,Nagpur,Trimurti Nagar,"50, Park, Trimurti Nagar, Nagpur",21.1556,79.0476,10200,10000,Shared,Double,Coed,0,1,1,0,0,1,1,1,Fully Furnished,4.2,125,Available,OWN0199
PG01799,Metro Boys Hostel,Maharashtra,Nagpur,Ramdaspeth,"394, Park, Ramdaspeth, Nagpur",21.1455,79.1144,7100,10500,Shared,Triple,Boys,0,0,1,1,0,1,0,1,Unfurnished,4.1,21,Full,OWN0132
PG01800,Shree Retreat,Maharashtra,Nagpur,Civil Lines,"248, Marg, Civil Lines, Nagpur",21.1865,79.1034,12100,24000,Shared,Double,Boys,1,1,1,1,1,0,0,1,Semi Furnished,3.3,36,Available,OWN0134
PG01801,Legacy Palace,Maharashtra,Nagpur,Manish Nagar,"97, Road, Manish Nagar, Nagpur",21.2123,79.1194,20900,42000,Private,Single,Coed,1,1,1,1,0,0,1,0,Fully Furnished,3.5,341,Available,OWN0198
PG01802,Urban PG,Maharashtra,Nagpur,Civil Lines,"341, Road, Civil Lines, Nagpur",21.1467,79.0327,9500,28500,Shared,Triple,Girls,1,1,1,1,1,0,1,1,Fully Furnished,2.9,435,Available,OWN0049
PG01803,Royal Retreat,Maharashtra,Nagpur,Civil Lines,"75, Road, Civil Lines, Nagpur",21.0909,79.1311,17400,17500,Private,Single,Coed,1,0,1,0,1,1,1,1,Unfurnished,3.1,203,Limited,OWN0106
PG01804,Modern Palace,Maharashtra,Nagpur,Wardha Road,"360, Nagar, Wardha Road, Nagpur",21.0761,79.0272,12800,19000,Shared,Double,Coed,1,1,1,1,0,0,1,1,Fully Furnished,3.7,162,Available,OWN0062
PG01805,Vraj Boys Hostel,Maharashtra,Nagpur,Wardha Road,"87, Society, Wardha Road, Nagpur",21.1881,79.0214,14200,28500,Shared,Double,Boys,1,1,0,1,0,1,1,1,Semi Furnished,3.2,333,Available,OWN0140
PG01806,Radha Villa,Maharashtra,Nagpur,Sadar,"170, Colony, Sadar, Nagpur",21.1447,79.0302,12000,12000,Shared,Triple,Boys,1,0,0,0,1,1,0,1,Fully Furnished,3.6,177,Available,OWN0080
PG01807,Metro Inn,Maharashtra,Nagpur,Trimurti Nagar,"86, Park, Trimurti Nagar, Nagpur",21.1116,79.106,20600,20500,Private,Single,Girls,1,1,1,1,0,0,1,1,Fully Furnished,4.2,239,Full,OWN0099
PG01808,New Heights,Maharashtra,Nagpur,Trimurti Nagar,"335, Lane, Trimurti Nagar, Nagpur",21.1765,79.0386,10300,15500,Private,Double,Coed,0,1,0,1,1,0,1,1,Fully Furnished,3.4,38,Available,OWN0004
PG01809,Royal PG,Maharashtra,Nagpur,Ramdaspeth,"34, Road, Ramdaspeth, Nagpur",21.1352,79.1348,11200,33500,Private,Double,Boys,0,1,0,1,0,1,0,1,Fully Furnished,2.9,343,Available,OWN0014
PG01810,Nest House,Maharashtra,Nagpur,Wardha Road,"205, Colony, Wardha Road, Nagpur",21.1616,79.1212,10000,30000,Shared,Triple,Girls,1,1,1,0,1,1,1,1,Fully Furnished,3.8,363,Available,OWN0104
PG01811,Star Girls Hostel,Maharashtra,Nagpur,Sadar,"260, Nagar, Sadar, Nagpur",21.2082,79.0802,8900,9000,Dormitory,Dormitory,Girls,1,1,1,0,0,1,1,1,Semi Furnished,4.4,77,Available,OWN0180
PG01812,Nest Stay,Maharashtra,Nagpur,Trimurti Nagar,"121, Society, Trimurti Nagar, Nagpur",21.1052,79.0955,12600,38000,Shared,Double,Boys,0,0,1,0,0,0,0,1,Fully Furnished,2.9,63,Available,OWN0135
PG01813,Serene Heights,Maharashtra,Nagpur,Trimurti Nagar,"61, Chowk, Trimurti Nagar, Nagpur",21.145,79.1446,19000,38000,Private,Single,Coed,1,1,1,0,0,1,1,1,Semi Furnished,3.5,265,Available,OWN0074
PG01814,City PG,Maharashtra,Nagpur,Sitabuldi,"229, Complex, Sitabuldi, Nagpur",21.1895,79.0828,7600,7500,Shared,Triple,Coed,0,1,1,1,1,0,0,1,Fully Furnished,2.9,380,Available,OWN0067
PG01815,Sunshine Comforts,Maharashtra,Nagpur,Wardha Road,"158, Lane, Wardha Road, Nagpur",21.1376,79.1338,14600,44000,Private,Double,Coed,1,1,1,0,0,1,1,1,Fully Furnished,4.2,156,Limited,OWN0119
PG01816,Nest Girls Hostel,Maharashtra,Nagpur,Wardha Road,"225, Marg, Wardha Road, Nagpur",21.1795,79.0707,16900,25500,Private,Single,Girls,1,1,1,1,0,1,1,1,Semi Furnished,4.5,146,Limited,OWN0163
PG01817,Shree House,Maharashtra,Nagpur,Trimurti Nagar,"306, Colony, Trimurti Nagar, Nagpur",21.1649,79.0224,12200,24500,Shared,Double,Girls,0,1,1,1,1,1,0,1,Fully Furnished,3.0,246,Available,OWN0090
PG01818,Royal Rooms,Maharashtra,Nagpur,Civil Lines,"295, Marg, Civil Lines, Nagpur",21.1258,79.0809,18000,54000,Private,Single,Boys,1,1,1,1,0,1,1,1,Fully Furnished,3.5,84,Limited,OWN0192
PG01819,Star House,Maharashtra,Nagpur,Wardha Road,"158, Society, Wardha Road, Nagpur",21.1465,79.0371,19100,19000,Private,Single,Boys,1,1,1,1,1,1,1,1,Unfurnished,4.4,267,Available,OWN0013
PG01820,Ganesh Stay,Maharashtra,Nagpur,Sitabuldi,"225, Society, Sitabuldi, Nagpur",21.1282,79.0259,16600,50000,Private,Single,Coed,1,1,1,0,1,1,1,1,Semi Furnished,4.8,63,Limited,OWN0197
PG01821,Legacy Comforts,Maharashtra,Nagpur,Trimurti Nagar,"140, Chowk, Trimurti Nagar, Nagpur",21.0935,79.0738,6700,20000,Shared,Triple,Boys,0,1,1,0,1,1,1,1,Fully Furnished,3.1,100,Available,OWN0093
PG01822,Metro House,Maharashtra,Nagpur,Ramdaspeth,"162, Complex, Ramdaspeth, Nagpur",21.1601,79.0844,8700,13000,Shared,Triple,Boys,0,1,1,1,0,1,1,1,Semi Furnished,3.0,355,Available,OWN0117
PG01823,Sunshine Rooms,Maharashtra,Nagpur,Manish Nagar,"74, Marg, Manish Nagar, Nagpur",21.1411,79.1047,6900,20500,Dormitory,Dormitory,Coed,0,1,1,1,1,1,1,1,Semi Furnished,4.3,276,Available,OWN0055
PG01824,Royal Heights,Maharashtra,Nagpur,Dharampeth,"33, Lane, Dharampeth, Nagpur",21.0804,79.0672,9900,15000,Shared,Double,Coed,0,1,0,1,0,1,1,1,Semi Furnished,4.2,140,Available,OWN0175
PG01825,Legacy Comforts,Maharashtra,Nagpur,Sitabuldi,"210, Nagar, Sitabuldi, Nagpur",21.1148,79.0336,7500,15000,Dormitory,Dormitory,Boys,1,0,1,1,1,1,1,1,Fully Furnished,4.3,44,Limited,OWN0157
PG01826,Vraj Nivas,Maharashtra,Nagpur,Dharampeth,"343, Park, Dharampeth, Nagpur",21.086,79.039,6100,18500,Shared,Triple,Girls,0,0,1,1,0,0,1,1,Semi Furnished,3.8,21,Available,OWN0053
PG01827,Sai Rooms,Maharashtra,Nagpur,Trimurti Nagar,"122, Colony, Trimurti Nagar, Nagpur",21.1903,79.1555,10900,32500,Private,Double,Girls,0,0,1,1,0,1,1,1,Fully Furnished,4.4,95,Full,OWN0173
PG01828,Om Palace,Maharashtra,Nagpur,Sitabuldi,"390, Complex, Sitabuldi, Nagpur",21.0866,79.087,20500,31000,Private,Single,Boys,1,1,1,0,1,1,0,1,Fully Furnished,4.8,131,Available,OWN0019
PG01829,Shree Nivas,Maharashtra,Nagpur,Manish Nagar,"200, Complex, Manish Nagar, Nagpur",21.1444,79.0706,11500,17000,Shared,Double,Girls,0,0,1,0,0,0,1,1,Fully Furnished,5.0,149,Available,OWN0052
PG01830,Om PG,Maharashtra,Nagpur,Sadar,"201, Complex, Sadar, Nagpur",21.125,79.107,12300,37000,Private,Double,Boys,0,1,1,0,0,1,1,1,Fully Furnished,5.0,11,Limited,OWN0178
PG01831,Urban Home,Maharashtra,Nagpur,Sitabuldi,"144, Colony, Sitabuldi, Nagpur",21.1981,79.1048,10500,16000,Shared,Double,Coed,0,1,1,1,0,1,0,1,Semi Furnished,4.3,375,Limited,OWN0160
PG01832,Cozy Retreat,Maharashtra,Nagpur,Wardha Road,"134, Society, Wardha Road, Nagpur",21.1456,79.0765,12700,12500,Shared,Double,Girls,0,0,1,0,0,1,1,1,Fully Furnished,4.5,320,Limited,OWN0157
PG01833,Royal Girls Hostel,Maharashtra,Nashik,Nashik Road,"39, Marg, Nashik Road, Nashik",19.9311,73.8317,12400,18500,Shared,Double,Girls,0,1,1,1,1,1,1,1,Fully Furnished,3.9,313,Available,OWN0100
PG01834,Golden Villa,Maharashtra,Nashik,Panchavati,"354, Colony, Panchavati, Nashik",19.9526,73.8452,11400,11500,Private,Double,Coed,1,1,1,1,0,1,0,1,Unfurnished,3.0,345,Available,OWN0180
PG01835,Sai Home,Maharashtra,Nashik,College Road,"280, Park, College Road, Nashik",19.9518,73.8541,11000,33000,Shared,Triple,Coed,1,1,1,1,0,0,0,1,Fully Furnished,4.4,250,Available,OWN0175
PG01836,Modern Palace,Maharashtra,Nashik,College Road,"109, Society, College Road, Nashik",20.0197,73.7833,19500,39000,Private,Single,Girls,1,1,1,0,0,0,0,1,Semi Furnished,5.0,408,Available,OWN0097
PG01837,City Girls Hostel,Maharashtra,Nashik,Panchavati,"333, Chowk, Panchavati, Nashik",19.9772,73.8064,12000,24000,Shared,Double,Coed,0,0,1,1,1,1,1,1,Fully Furnished,4.3,438,Available,OWN0116
PG01838,Happy Comforts,Maharashtra,Nashik,Sharanpur Road,"101, Road, Sharanpur Road, Nashik",20.0638,73.7613,11500,11500,Private,Double,Boys,1,1,1,1,0,1,1,0,Semi Furnished,4.6,411,Available,OWN0123
PG01839,Modern Palace,Maharashtra,Nashik,Gangapur Road,"343, Nagar, Gangapur Road, Nashik",20.0558,73.7558,12400,25000,Private,Double,Boys,1,1,0,1,0,1,1,1,Fully Furnished,3.5,381,Full,OWN0023
PG01840,Shree Girls Hostel,Maharashtra,Nashik,Gangapur Road,"375, Lane, Gangapur Road, Nashik",20.0654,73.8191,4400,4500,Dormitory,Dormitory,Boys,0,1,1,1,1,0,1,0,Semi Furnished,4.3,138,Full,OWN0055
PG01841,Zenith Rooms,Maharashtra,Nashik,Gangapur Road,"166, Road, Gangapur Road, Nashik",19.9426,73.8319,11600,23000,Shared,Double,Girls,1,1,1,1,0,0,1,1,Semi Furnished,3.6,65,Limited,OWN0107
PG01842,Urban Heights,Maharashtra,Nashik,Nashik Road,"388, Marg, Nashik Road, Nashik",20.0636,73.7796,12800,38500,Private,Double,Girls,1,0,1,1,1,1,0,0,Fully Furnished,4.3,439,Available,OWN0111
PG01843,Sai Home,Maharashtra,Nashik,College Road,"164, Road, College Road, Nashik",19.9612,73.7832,17900,36000,Private,Single,Boys,1,1,1,1,0,0,1,1,Fully Furnished,4.7,344,Limited,OWN0160
PG01844,Elite Girls Hostel,Maharashtra,Nashik,Panchavati,"229, Society, Panchavati, Nashik",20.0471,73.758,13000,26000,Shared,Double,Girls,1,0,1,1,0,0,1,1,Semi Furnished,3.9,137,Available,OWN0200
PG01845,Comfort Villa,Maharashtra,Nashik,College Road,"327, Chowk, College Road, Nashik",19.9757,73.8426,11100,33500,Shared,Triple,Boys,1,1,1,1,0,1,0,0,Fully Furnished,3.1,198,Available,OWN0073
PG01846,Ganesh Girls Hostel,Maharashtra,Nashik,Indira Nagar,"302, Nagar, Indira Nagar, Nashik",20.009,73.7323,20800,31000,Private,Single,Girls,1,1,1,1,1,1,1,1,Fully Furnished,4.2,223,Available,OWN0056
PG01847,Star Inn,Maharashtra,Nashik,Indira Nagar,"275, Chowk, Indira Nagar, Nashik",20.014,73.7349,8200,24500,Shared,Triple,Boys,0,1,1,0,0,1,0,1,Fully Furnished,3.2,212,Available,OWN0128
PG01848,Serene House,Maharashtra,Nashik,College Road,"60, Park, College Road, Nashik",19.9794,73.7495,9900,29500,Shared,Triple,Boys,1,1,1,1,0,1,1,1,Fully Furnished,3.3,415,Available,OWN0147
PG01849,Ganesh Villa,Maharashtra,Nashik,Sharanpur Road,"267, Chowk, Sharanpur Road, Nashik",19.973,73.8077,17500,17500,Private,Single,Girls,0,1,1,1,0,1,1,1,Fully Furnished,4.1,241,Limited,OWN0038
PG01850,Elite Inn,Maharashtra,Nashik,Indira Nagar,"254, Road, Indira Nagar, Nashik",19.9321,73.723,10800,16000,Shared,Double,Girls,0,1,1,0,1,1,0,1,Unfurnished,2.9,236,Limited,OWN0169
PG01851,Nest Nivas,Maharashtra,Nashik,Panchavati,"165, Complex, Panchavati, Nashik",20.0209,73.7199,10800,11000,Private,Double,Girls,0,1,0,1,1,0,1,0,Fully Furnished,3.4,369,Limited,OWN0128
PG01852,Modern Villa,Maharashtra,Nashik,College Road,"289, Society, College Road, Nashik",19.947,73.8021,13400,40000,Shared,Double,Girls,1,1,1,1,1,0,1,1,Unfurnished,3.2,297,Available,OWN0089
PG01853,Shree Villa,Maharashtra,Nashik,Indira Nagar,"124, Colony, Indira Nagar, Nashik",19.9981,73.817,10700,21500,Private,Double,Boys,0,1,1,1,1,0,1,1,Unfurnished,4.7,448,Available,OWN0017
PG01854,Divine PG,Maharashtra,Nashik,Nashik Road,"366, Road, Nashik Road, Nashik",20.0061,73.8307,10300,15500,Shared,Triple,Boys,1,1,1,1,0,0,0,0,Fully Furnished,4.7,153,Full,OWN0031
PG01855,Urban Nivas,Maharashtra,Nashik,Panchavati,"379, Lane, Panchavati, Nashik",19.956,73.8204,12300,12500,Shared,Double,Coed,0,0,1,1,0,0,1,0,Fully Furnished,4.7,345,Available,OWN0043
PG01856,Serene Boys Hostel,Maharashtra,Nashik,Gangapur Road,"237, Marg, Gangapur Road, Nashik",19.9434,73.7317,9500,14000,Shared,Double,Girls,0,1,0,1,0,1,1,1,Fully Furnished,4.6,348,Limited,OWN0116
PG01857,Shree Stay,Maharashtra,Nashik,Nashik Road,"184, Park, Nashik Road, Nashik",19.9708,73.8121,5600,5500,Dormitory,Dormitory,Girls,0,1,0,1,1,1,1,1,Fully Furnished,4.3,123,Available,OWN0068
PG01858,Elite Residency,Maharashtra,Nashik,Nashik Road,"116, Complex, Nashik Road, Nashik",19.994,73.7681,13200,13000,Private,Double,Boys,1,1,1,1,1,1,1,1,Fully Furnished,2.9,440,Limited,OWN0058
PG01859,Star Rooms,Maharashtra,Nashik,Gangapur Road,"228, Park, Gangapur Road, Nashik",20.0633,73.7646,13200,26500,Private,Double,Girls,1,1,1,1,0,1,1,0,Fully Furnished,4.4,18,Available,OWN0175
PG01860,Zenith Inn,Maharashtra,Nashik,College Road,"348, Road, College Road, Nashik",19.9699,73.7629,9500,9500,Shared,Triple,Girls,1,1,1,0,0,1,0,1,Fully Furnished,4.4,236,Available,OWN0158
PG01861,Divine Villa,Maharashtra,Nashik,Nashik Road,"177, Road, Nashik Road, Nashik",20.0322,73.8076,7200,7000,Dormitory,Dormitory,Girls,0,1,0,1,0,1,1,1,Fully Furnished,5.0,390,Full,OWN0117
PG01862,Comfort Retreat,Maharashtra,Nashik,Gangapur Road,"230, Chowk, Gangapur Road, Nashik",20.0666,73.8436,11600,11500,Private,Double,Boys,1,1,1,1,0,0,1,1,Semi Furnished,3.8,224,Available,OWN0137
PG01863,Comfort Rooms,Maharashtra,Nashik,Nashik Road,"61, Society, Nashik Road, Nashik",19.996,73.7783,19500,29000,Private,Single,Boys,1,0,1,1,0,1,1,1,Fully Furnished,4.1,376,Available,OWN0154
PG01864,Nest Living,Maharashtra,Nashik,College Road,"153, Complex, College Road, Nashik",20.0326,73.7896,6300,19000,Dormitory,Dormitory,Girls,0,1,1,1,0,0,1,1,Fully Furnished,4.8,259,Available,OWN0150
PG01865,Urban Retreat,Maharashtra,Nashik,Indira Nagar,"347, Colony, Indira Nagar, Nashik",19.9956,73.7204,11700,23500,Private,Double,Coed,0,1,1,1,0,0,0,1,Fully Furnished,4.2,436,Available,OWN0129
PG01866,Happy Living,Maharashtra,Nashik,Panchavati,"85, Park, Panchavati, Nashik",19.9642,73.8538,9200,14000,Shared,Triple,Boys,0,1,1,1,0,1,0,1,Fully Furnished,3.9,21,Limited,OWN0027
PG01867,Elite House,Maharashtra,Nashik,Panchavati,"170, Nagar, Panchavati, Nashik",20.0477,73.808,17800,26500,Private,Single,Boys,1,1,1,1,1,1,0,1,Semi Furnished,4.8,198,Available,OWN0185
PG01868,Cozy Living,Maharashtra,Nashik,College Road,"262, Colony, College Road, Nashik",19.9644,73.8392,11200,17000,Shared,Triple,Girls,1,1,1,1,0,1,0,1,Fully Furnished,3.5,447,Limited,OWN0147
PG01869,Zenith Palace,Maharashtra,Nashik,Nashik Road,"222, Chowk, Nashik Road, Nashik",19.9587,73.7685,7600,23000,Shared,Triple,Boys,0,1,1,1,0,1,1,1,Fully Furnished,3.3,37,Available,OWN0074
PG01870,Sai Stay,Maharashtra,Nashik,Nashik Road,"108, Park, Nashik Road, Nashik",20.0466,73.7988,14100,28000,Shared,Double,Coed,1,1,1,0,1,0,1,1,Semi Furnished,2.9,438,Limited,OWN0158
PG01871,Krishna PG,Maharashtra,Nashik,Panchavati,"135, Road, Panchavati, Nashik",19.9776,73.8228,19500,58500,Private,Single,Girls,1,1,0,0,0,1,1,0,Fully Furnished,4.0,94,Available,OWN0009
PG01872,Krishna Living,Maharashtra,Nashik,Sharanpur Road,"62, Chowk, Sharanpur Road, Nashik",20.0665,73.7367,17000,51000,Private,Single,Girls,0,0,0,0,0,0,1,1,Unfurnished,3.0,348,Available,OWN0071
PG01873,Star Inn,Maharashtra,Nashik,College Road,"52, Society, College Road, Nashik",20.0419,73.7566,10500,16000,Shared,Double,Boys,0,0,1,1,1,0,1,1,Semi Furnished,4.7,217,Available,OWN0169
PG01874,Blue Inn,Maharashtra,Nashik,College Road,"199, Road, College Road, Nashik",20.0112,73.7807,21000,63000,Private,Single,Girls,1,1,1,1,1,1,0,1,Fully Furnished,4.1,176,Full,OWN0121
PG01875,Metro Comforts,Maharashtra,Nashik,Gangapur Road,"308, Road, Gangapur Road, Nashik",20.0508,73.7985,9100,27500,Dormitory,Dormitory,Girls,1,1,1,1,0,1,1,1,Semi Furnished,4.7,62,Available,OWN0023
PG01876,Nirvana Palace,Maharashtra,Nashik,Sharanpur Road,"62, Lane, Sharanpur Road, Nashik",19.9602,73.7861,19300,58000,Private,Single,Boys,1,1,1,1,0,0,0,1,Fully Furnished,3.3,386,Available,OWN0195
PG01877,Zenith Residency,Maharashtra,Nashik,Nashik Road,"263, Complex, Nashik Road, Nashik",19.9544,73.8525,15800,16000,Private,Single,Girls,0,1,1,1,1,0,1,1,Semi Furnished,3.7,135,Available,OWN0122
PG01878,Nirvana Residency,Maharashtra,Nashik,College Road,"149, Society, College Road, Nashik",20.0211,73.7675,10800,16000,Shared,Double,Boys,0,1,1,1,1,1,1,1,Semi Furnished,4.7,407,Available,OWN0127
PG01879,Urban Comforts,Maharashtra,Nashik,Panchavati,"108, Road, Panchavati, Nashik",19.9324,73.858,5300,8000,Dormitory,Dormitory,Girls,0,1,1,1,0,1,1,0,Fully Furnished,4.5,29,Available,OWN0086
PG01880,Comfort Nivas,Maharashtra,Nashik,Gangapur Road,"316, Park, Gangapur Road, Nashik",20.0049,73.8597,17700,53000,Private,Single,Boys,0,1,1,1,0,0,0,1,Fully Furnished,3.8,373,Limited,OWN0087
PG01881,Blue PG,Maharashtra,Nashik,Sharanpur Road,"200, Society, Sharanpur Road, Nashik",20.0434,73.7377,13400,27000,Shared,Double,Coed,1,1,1,1,1,0,1,1,Unfurnished,2.9,72,Limited,OWN0022
PG01882,Vraj Comforts,Maharashtra,Nashik,Nashik Road,"183, Road, Nashik Road, Nashik",20.0211,73.8208,12600,25000,Private,Double,Boys,1,0,1,0,1,1,0,0,Semi Furnished,3.7,296,Available,OWN0001
PG01883,Blue Boys Hostel,Maharashtra,Nashik,Indira Nagar,"167, Complex, Indira Nagar, Nashik",20.0497,73.7619,9500,19000,Private,Double,Girls,0,0,1,1,1,0,0,1,Semi Furnished,4.7,291,Limited,OWN0007
PG01884,Golden Palace,Maharashtra,Nashik,Indira Nagar,"244, Marg, Indira Nagar, Nashik",19.9686,73.7305,4000,12000,Dormitory,Dormitory,Boys,0,0,1,1,1,1,1,1,Semi Furnished,4.4,190,Available,OWN0039
PG01885,Silver Heights,Maharashtra,Nashik,Gangapur Road,"85, Chowk, Gangapur Road, Nashik",20.0634,73.8582,19100,19000,Private,Single,Coed,1,1,1,1,1,1,0,1,Fully Furnished,4.1,181,Available,OWN0123
PG01886,Urban Residency,Maharashtra,Nashik,College Road,"220, Lane, College Road, Nashik",19.9501,73.8032,3700,11000,Dormitory,Dormitory,Girls,0,0,0,1,0,1,0,1,Unfurnished,3.6,354,Full,OWN0046
PG01887,Golden Rooms,Maharashtra,Nashik,Panchavati,"45, Marg, Panchavati, Nashik",20.012,73.8318,9700,19500,Shared,Triple,Coed,0,1,1,1,0,1,0,1,Fully Furnished,3.2,66,Available,OWN0182
PG01888,Golden Living,Maharashtra,Nashik,Nashik Road,"70, Nagar, Nashik Road, Nashik",19.9851,73.7464,9400,14000,Shared,Triple,Boys,0,1,1,1,0,0,1,1,Fully Furnished,3.2,80,Available,OWN0051
PG01889,New Residency,Maharashtra,Nashik,Sharanpur Road,"13, Complex, Sharanpur Road, Nashik",20.0228,73.855,13800,14000,Shared,Double,Boys,1,1,1,1,0,0,0,1,Fully Furnished,4.8,65,Full,OWN0022
PG01890,Krishna Nivas,Maharashtra,Nashik,Gangapur Road,"318, Marg, Gangapur Road, Nashik",20.0594,73.7802,12300,12500,Shared,Double,Boys,1,1,0,0,0,1,1,1,Semi Furnished,3.8,297,Available,OWN0020
PG01891,Elite PG,Maharashtra,Nashik,Indira Nagar,"44, Complex, Indira Nagar, Nashik",20.0583,73.799,7100,21500,Shared,Triple,Boys,0,0,1,1,0,1,1,0,Semi Furnished,2.9,345,Full,OWN0057
PG01892,Radha Villa,Maharashtra,Nashik,College Road,"174, Colony, College Road, Nashik",19.979,73.7232,20500,61500,Private,Single,Boys,1,1,1,1,0,0,1,1,Fully Furnished,4.9,423,Limited,OWN0191
PG01893,Legacy Comforts,Maharashtra,Nashik,Sharanpur Road,"188, Marg, Sharanpur Road, Nashik",19.9379,73.7742,11600,11500,Shared,Double,Boys,0,1,1,1,0,1,1,0,Fully Furnished,4.4,110,Full,OWN0185
PG01894,Divine Villa,Maharashtra,Nashik,College Road,"195, Society, College Road, Nashik",19.96,73.7232,9700,19500,Private,Double,Girls,0,0,1,1,0,1,1,0,Semi Furnished,3.9,118,Limited,OWN0111
PG01895,Serene Living,Maharashtra,Nashik,Nashik Road,"190, Chowk, Nashik Road, Nashik",20.0534,73.8531,13600,41000,Private,Double,Boys,1,0,0,1,0,1,1,0,Fully Furnished,4.4,69,Available,OWN0179
PG01896,Radha Palace,Maharashtra,Nashik,Panchavati,"253, Road, Panchavati, Nashik",20.0177,73.8021,11000,22000,Private,Double,Coed,1,1,1,1,1,1,1,1,Unfurnished,4.1,277,Available,OWN0070
PG01897,Om Palace,Maharashtra,Nashik,Gangapur Road,"317, Park, Gangapur Road, Nashik",19.9331,73.8104,12300,24500,Private,Double,Coed,1,1,1,1,0,1,0,1,Fully Furnished,3.4,98,Available,OWN0024
PG01898,Happy Comforts,Maharashtra,Nashik,Indira Nagar,"110, Colony, Indira Nagar, Nashik",20.013,73.8303,9000,18000,Shared,Triple,Girls,1,0,1,1,0,0,0,1,Unfurnished,3.4,292,Available,OWN0196
PG01899,Ganesh Nivas,Maharashtra,Nashik,Nashik Road,"134, Society, Nashik Road, Nashik",19.9764,73.7607,15100,45500,Private,Single,Girls,0,1,1,0,1,1,1,1,Semi Furnished,3.9,333,Full,OWN0124
PG01900,New Retreat,Maharashtra,Nashik,Gangapur Road,"120, Nagar, Gangapur Road, Nashik",20.0338,73.7348,8500,17000,Shared,Triple,Coed,0,0,0,1,1,0,0,0,Semi Furnished,3.7,41,Limited,OWN0165
PG01901,Comfort Villa,Maharashtra,Nashik,Nashik Road,"238, Chowk, Nashik Road, Nashik",19.9515,73.7813,17700,17500,Private,Single,Girls,1,1,1,0,0,1,1,1,Semi Furnished,3.6,422,Available,OWN0145
PG01902,Golden Boys Hostel,Maharashtra,Nashik,Sharanpur Road,"40, Lane, Sharanpur Road, Nashik",20.0233,73.7226,10600,10500,Private,Double,Boys,0,1,1,1,0,0,1,1,Fully Furnished,3.7,404,Limited,OWN0040
PG01903,City Comforts,Maharashtra,Nashik,Sharanpur Road,"21, Complex, Sharanpur Road, Nashik",20.0619,73.7836,11900,35500,Shared,Double,Girls,0,1,1,1,1,0,1,1,Fully Furnished,3.3,331,Available,OWN0107
PG01904,Nirvana Villa,Maharashtra,Nashik,Nashik Road,"230, Chowk, Nashik Road, Nashik",20.0128,73.7884,19300,29000,Private,Single,Boys,1,1,1,1,0,1,1,1,Fully Furnished,3.6,350,Limited,OWN0102
PG01905,City Palace,Maharashtra,Nashik,Panchavati,"279, Nagar, Panchavati, Nashik",19.9804,73.7203,7000,10500,Dormitory,Dormitory,Girls,0,1,1,0,1,0,0,1,Fully Furnished,4.7,319,Available,OWN0025
PG01906,Divine Heights,Maharashtra,Nashik,Sharanpur Road,"40, Marg, Sharanpur Road, Nashik",20.0547,73.8226,11100,11000,Shared,Triple,Girls,1,0,0,1,0,1,1,0,Fully Furnished,3.0,416,Full,OWN0109
PG01907,Blue Rooms,Maharashtra,Nashik,Gangapur Road,"287, Society, Gangapur Road, Nashik",20.0316,73.7706,5600,8500,Shared,Triple,Girls,0,0,0,1,1,1,1,1,Semi Furnished,4.6,134,Full,OWN0153
PG01908,Shree Retreat,Maharashtra,Nashik,Panchavati,"19, Society, Panchavati, Nashik",20.0264,73.8491,20400,41000,Private,Single,Coed,1,0,0,0,1,1,1,1,Fully Furnished,2.8,92,Available,OWN0065
PG01909,New Villa,Maharashtra,Nashik,Sharanpur Road,"215, Lane, Sharanpur Road, Nashik",19.9618,73.7723,13200,20000,Private,Double,Girls,1,1,0,0,0,1,1,1,Semi Furnished,2.8,59,Limited,OWN0107
PG01910,Sai House,Maharashtra,Nashik,Panchavati,"144, Road, Panchavati, Nashik",20.0,73.7432,6500,19500,Shared,Triple,Girls,0,1,1,0,0,0,1,1,Unfurnished,4.5,228,Available,OWN0097
PG01911,Zenith Rooms,Maharashtra,Nashik,College Road,"364, Park, College Road, Nashik",20.0599,73.7635,11400,23000,Shared,Double,Coed,0,1,1,1,0,0,1,0,Unfurnished,4.4,213,Available,OWN0119
PG01912,Royal Stay,Maharashtra,Nashik,Sharanpur Road,"353, Colony, Sharanpur Road, Nashik",19.9431,73.7475,18600,37000,Private,Single,Girls,1,0,1,1,0,0,0,1,Fully Furnished,3.1,445,Available,OWN0153
PG01913,Sai Living,Maharashtra,Nashik,Indira Nagar,"176, Road, Indira Nagar, Nashik",20.0182,73.7463,15500,23000,Shared,Double,Boys,1,1,1,1,0,0,1,0,Fully Furnished,5.0,115,Available,OWN0064
PG01914,Nirvana Retreat,Maharashtra,Nashik,Indira Nagar,"371, Lane, Indira Nagar, Nashik",19.9581,73.7741,8500,8500,Shared,Double,Coed,0,1,0,0,0,0,0,1,Unfurnished,4.9,118,Limited,OWN0158
PG01915,Happy Heights,Maharashtra,Nashik,Nashik Road,"104, Lane, Nashik Road, Nashik",20.0408,73.7851,19700,29500,Private,Single,Coed,1,1,1,0,0,1,1,1,Fully Furnished,3.3,186,Available,OWN0070
PG01916,Legacy Palace,Maharashtra,Nashik,Gangapur Road,"58, Chowk, Gangapur Road, Nashik",20.0039,73.8423,6100,9000,Dormitory,Dormitory,Boys,0,1,1,1,0,1,1,1,Semi Furnished,3.1,415,Available,OWN0010
PG01917,Comfort Palace,Maharashtra,Nashik,Sharanpur Road,"32, Nagar, Sharanpur Road, Nashik",20.0177,73.8395,18400,27500,Private,Single,Boys,1,1,1,1,1,1,1,1,Semi Furnished,3.6,106,Full,OWN0101
PG01918,Sai Stay,Maharashtra,Nashik,Panchavati,"356, Complex, Panchavati, Nashik",19.9398,73.7543,9000,18000,Shared,Triple,Boys,0,1,0,0,0,1,1,0,Fully Furnished,3.1,118,Available,OWN0097
PG01919,Nirvana Comforts,Maharashtra,Nashik,Sharanpur Road,"375, Park, Sharanpur Road, Nashik",20.0519,73.7592,18600,18500,Private,Single,Girls,1,0,1,1,0,1,1,1,Fully Furnished,3.6,150,Limited,OWN0067
PG01920,Legacy Living,Maharashtra,Nashik,Gangapur Road,"251, Chowk, Gangapur Road, Nashik",19.9462,73.791,13000,26000,Shared,Double,Girls,1,1,0,1,0,1,0,1,Fully Furnished,3.1,15,Available,OWN0077
PG01921,Nest Boys Hostel,Maharashtra,Nashik,Sharanpur Road,"61, Complex, Sharanpur Road, Nashik",20.034,73.837,14600,22000,Private,Double,Girls,1,1,1,1,1,0,1,1,Fully Furnished,4.7,115,Available,OWN0087
PG01922,City Home,Maharashtra,Nashik,Gangapur Road,"17, Society, Gangapur Road, Nashik",20.0191,73.8232,7400,11000,Dormitory,Dormitory,Girls,0,1,1,1,1,0,1,1,Fully Furnished,3.5,276,Limited,OWN0126
PG01923,Royal Stay,Maharashtra,Nashik,College Road,"49, Complex, College Road, Nashik",19.9363,73.7689,13900,41500,Shared,Double,Boys,1,1,1,1,1,1,1,1,Fully Furnished,3.0,40,Available,OWN0176
PG01924,Star Inn,Maharashtra,Nashik,Nashik Road,"357, Marg, Nashik Road, Nashik",20.0228,73.7315,11700,17500,Private,Double,Girls,1,0,1,1,0,0,1,1,Semi Furnished,4.7,225,Available,OWN0040
PG01925,Zenith Villa,Maharashtra,Nashik,College Road,"282, Park, College Road, Nashik",20.02,73.8124,8100,16000,Shared,Triple,Boys,0,1,1,1,0,0,1,1,Semi Furnished,2.9,201,Available,OWN0152
PG01926,Urban Villa,Maharashtra,Nashik,College Road,"376, Marg, College Road, Nashik",19.9714,73.8395,13500,27000,Private,Double,Girls,1,1,1,1,1,0,1,1,Semi Furnished,3.5,19,Available,OWN0192
PG01927,Royal Residency,Maharashtra,Nashik,Gangapur Road,"202, Nagar, Gangapur Road, Nashik",20.0277,73.8248,20600,62000,Private,Single,Boys,1,1,1,1,0,1,0,1,Fully Furnished,4.4,128,Limited,OWN0132
PG01928,Serene Living,Maharashtra,Nashik,Panchavati,"262, Road, Panchavati, Nashik",20.0229,73.8533,20600,62000,Private,Single,Boys,1,1,1,1,0,1,1,0,Fully Furnished,4.6,388,Limited,OWN0089
PG01929,Modern PG,Maharashtra,Nashik,College Road,"50, Park, College Road, Nashik",19.9617,73.8259,9700,9500,Shared,Double,Coed,0,1,1,1,0,1,0,0,Fully Furnished,3.2,448,Available,OWN0117
PG01930,Radha Girls Hostel,Maharashtra,Nashik,Sharanpur Road,"219, Nagar, Sharanpur Road, Nashik",20.0586,73.8004,13300,26500,Shared,Double,Girls,1,1,1,1,0,1,1,0,Fully Furnished,3.9,448,Available,OWN0182
PG01931,Serene Rooms,Maharashtra,Nashik,Indira Nagar,"345, Road, Indira Nagar, Nashik",19.9295,73.8252,12700,38000,Private,Double,Girls,0,1,1,0,1,1,1,1,Fully Furnished,3.0,328,Available,OWN0142
PG01932,Nest PG,Maharashtra,Nashik,College Road,"364, Society, College Road, Nashik",19.9942,73.7991,9600,19000,Shared,Double,Girls,0,0,1,0,1,1,1,0,Unfurnished,3.8,386,Available,OWN0131
PG01933,Modern Girls Hostel,Maharashtra,Nashik,College Road,"365, Colony, College Road, Nashik",20.0232,73.7645,11000,11000,Private,Double,Boys,0,1,1,1,1,1,0,0,Fully Furnished,3.9,255,Available,OWN0053
PG01934,Cozy House,Maharashtra,Nashik,College Road,"149, Lane, College Road, Nashik",19.9437,73.7655,8600,17000,Shared,Triple,Girls,0,1,1,1,1,1,0,1,Semi Furnished,3.8,222,Limited,OWN0087
PG01935,Radha PG,Maharashtra,Nashik,College Road,"306, Complex, College Road, Nashik",19.9913,73.7854,10000,10000,Shared,Triple,Girls,1,1,1,1,0,1,1,1,Fully Furnished,4.4,164,Full,OWN0107
PG01936,Modern House,Maharashtra,Nashik,Sharanpur Road,"167, Colony, Sharanpur Road, Nashik",19.9697,73.8241,12400,25000,Private,Double,Boys,1,1,1,0,0,1,0,1,Fully Furnished,4.8,266,Available,OWN0126
PG01937,Silver Residency,Maharashtra,Nashik,Panchavati,"399, Chowk, Panchavati, Nashik",19.9356,73.8275,18400,37000,Private,Single,Boys,1,1,1,1,1,1,1,1,Semi Furnished,3.4,256,Available,OWN0079
PG01938,Sunshine Retreat,Maharashtra,Nashik,College Road,"382, Lane, College Road, Nashik",20.0173,73.7924,9500,28500,Shared,Double,Boys,0,1,1,1,0,0,0,0,Unfurnished,3.6,396,Available,OWN0183
PG01939,Sai Nivas,Maharashtra,Nashik,College Road,"324, Nagar, College Road, Nashik",20.0489,73.8447,11700,11500,Private,Double,Girls,0,1,1,1,0,0,0,1,Semi Furnished,3.9,365,Available,OWN0004
PG01940,Urban Comforts,Maharashtra,Nashik,Gangapur Road,"19, Lane, Gangapur Road, Nashik",19.9744,73.8255,20700,41500,Private,Single,Coed,1,1,0,0,0,1,0,1,Fully Furnished,3.0,261,Full,OWN0122
PG01941,Nirvana Nivas,Maharashtra,Nashik,Nashik Road,"367, Colony, Nashik Road, Nashik",20.0011,73.7915,10000,10000,Private,Double,Girls,0,1,1,1,1,1,1,0,Semi Furnished,4.8,306,Limited,OWN0046
PG01942,Zenith Inn,Maharashtra,Nashik,Gangapur Road,"50, Nagar, Gangapur Road, Nashik",20.0029,73.8107,10000,10000,Shared,Double,Coed,0,1,0,1,0,1,0,1,Fully Furnished,3.3,202,Full,OWN0085
PG01943,Zenith Stay,Maharashtra,Nashik,College Road,"26, Chowk, College Road, Nashik",20.0557,73.7564,19000,28500,Private,Single,Boys,1,1,1,0,1,1,0,1,Fully Furnished,4.4,327,Limited,OWN0107
PG01944,Serene Home,Maharashtra,Nashik,Sharanpur Road,"277, Road, Sharanpur Road, Nashik",20.0376,73.8517,10100,30500,Shared,Double,Girls,0,1,1,1,0,1,1,1,Semi Furnished,3.6,63,Full,OWN0051
PG01945,Vraj Retreat,Maharashtra,Nashik,Indira Nagar,"207, Complex, Indira Nagar, Nashik",20.0665,73.8208,6000,12000,Dormitory,Dormitory,Boys,0,0,0,1,0,1,0,1,Semi Furnished,3.3,38,Available,OWN0013
PG01946,Modern Retreat,Maharashtra,Nashik,College Road,"296, Nagar, College Road, Nashik",19.9712,73.8559,16000,24000,Private,Single,Boys,0,1,1,1,1,1,1,1,Fully Furnished,3.5,154,Full,OWN0113
PG01947,Nirvana Nivas,Maharashtra,Nashik,College Road,"202, Society, College Road, Nashik",20.0458,73.8262,7200,21500,Shared,Triple,Girls,0,0,1,1,1,0,1,1,Semi Furnished,4.8,282,Limited,OWN0021
PG01948,Shree Palace,Maharashtra,Nashik,Sharanpur Road,"246, Chowk, Sharanpur Road, Nashik",20.0653,73.8223,11300,22500,Shared,Triple,Boys,1,1,1,0,0,1,0,1,Fully Furnished,3.0,207,Available,OWN0124
PG01949,Silver Inn,Maharashtra,Nashik,College Road,"248, Nagar, College Road, Nashik",20.066,73.7641,7100,10500,Shared,Triple,Girls,0,0,0,1,0,0,1,1,Semi Furnished,2.9,307,Available,OWN0050
PG01950,Zenith Palace,Maharashtra,Nashik,Sharanpur Road,"253, Park, Sharanpur Road, Nashik",20.0285,73.7868,12000,18000,Shared,Triple,Girls,1,1,1,0,0,0,1,1,Fully Furnished,2.8,10,Available,OWN0140
PG01951,Modern Residency,Maharashtra,Nashik,Panchavati,"216, Road, Panchavati, Nashik",19.9868,73.853,10100,15000,Shared,Triple,Girls,1,0,1,1,0,0,1,1,Semi Furnished,4.3,8,Available,OWN0149
PG01952,Sunshine Boys Hostel,Maharashtra,Nashik,Gangapur Road,"284, Park, Gangapur Road, Nashik",19.9977,73.7234,6300,9500,Shared,Triple,Boys,0,0,1,1,0,1,0,0,Semi Furnished,3.4,219,Available,OWN0005
PG01953,Royal Stay,Maharashtra,Nashik,Nashik Road,"67, Society, Nashik Road, Nashik",19.9518,73.8568,15400,46000,Private,Double,Boys,1,1,1,1,1,0,1,0,Fully Furnished,3.3,151,Limited,OWN0039
PG01954,Sai Girls Hostel,Maharashtra,Nashik,Sharanpur Road,"91, Society, Sharanpur Road, Nashik",20.0406,73.7553,19000,57000,Private,Single,Boys,1,0,0,1,0,1,1,1,Semi Furnished,3.4,327,Available,OWN0151
PG01955,Comfort Boys Hostel,Maharashtra,Nashik,Gangapur Road,"314, Colony, Gangapur Road, Nashik",20.0119,73.8119,9900,15000,Shared,Double,Girls,0,1,1,1,0,0,1,1,Semi Furnished,3.6,67,Full,OWN0054
PG01956,Cozy Girls Hostel,Maharashtra,Nashik,Nashik Road,"276, Complex, Nashik Road, Nashik",20.055,73.7728,17800,18000,Private,Single,Boys,1,0,1,0,0,1,1,1,Semi Furnished,4.1,272,Available,OWN0133
PG01957,Comfort Boys Hostel,Maharashtra,Nashik,Indira Nagar,"16, Lane, Indira Nagar, Nashik",20.0576,73.8499,13600,41000,Private,Double,Boys,1,1,1,1,0,1,1,1,Fully Furnished,4.6,280,Full,OWN0114
PG01958,Metro Stay,Maharashtra,Nashik,Sharanpur Road,"360, Colony, Sharanpur Road, Nashik",19.938,73.8592,6200,6000,Dormitory,Dormitory,Boys,0,1,0,1,0,0,1,1,Fully Furnished,4.3,85,Full,OWN0036
PG01959,Royal Residency,Maharashtra,Nashik,Panchavati,"364, Lane, Panchavati, Nashik",19.9613,73.759,11000,11000,Shared,Triple,Girls,1,1,1,0,1,1,1,1,Fully Furnished,3.7,191,Full,OWN0047
PG01960,Ganesh Boys Hostel,Maharashtra,Nashik,Indira Nagar,"105, Marg, Indira Nagar, Nashik",19.9763,73.827,5500,16500,Shared,Triple,Boys,0,1,1,1,1,0,0,1,Semi Furnished,3.8,356,Full,OWN0146
PG01961,Nirvana Comforts,Maharashtra,Nashik,Gangapur Road,"331, Chowk, Gangapur Road, Nashik",20.0241,73.85,11800,35500,Private,Double,Girls,1,0,1,1,0,1,1,1,Semi Furnished,4.6,321,Available,OWN0026
PG01962,Divine Nivas,Gujarat,Rajkot,Raiya Road,"256, Colony, Raiya Road, Rajkot",22.2978,70.7531,8100,16000,Private,Double,Boys,0,0,1,0,0,1,1,1,Fully Furnished,4.4,443,Limited,OWN0108
PG01963,Cozy Nivas,Gujarat,Rajkot,Gondal Road,"392, Park, Gondal Road, Rajkot",22.331,70.7663,8500,8500,Shared,Double,Coed,1,1,0,1,0,1,0,1,Semi Furnished,3.9,8,Available,OWN0104
PG01964,Cozy Palace,Gujarat,Rajkot,Mavdi,"179, Chowk, Mavdi, Rajkot",22.3081,70.862,3300,6500,Dormitory,Dormitory,Boys,0,1,0,0,0,1,1,1,Fully Furnished,3.4,47,Available,OWN0199
PG01965,Nest Inn,Gujarat,Rajkot,Mavdi,"336, Complex, Mavdi, Rajkot",22.3613,70.7885,10100,10000,Shared,Double,Coed,1,1,1,1,0,1,1,1,Semi Furnished,2.8,225,Limited,OWN0054
PG01966,Royal Palace,Gujarat,Rajkot,University Road,"72, Marg, University Road, Rajkot",22.3531,70.773,8000,24000,Shared,Double,Boys,0,0,1,1,0,0,1,1,Fully Furnished,3.1,300,Full,OWN0061
PG01967,New Rooms,Gujarat,Rajkot,Race Course,"283, Road, Race Course, Rajkot",22.2418,70.7524,9100,27500,Shared,Double,Boys,0,1,1,1,1,0,1,1,Fully Furnished,3.5,318,Full,OWN0018
PG01968,Silver Comforts,Gujarat,Rajkot,Mavdi,"8, Lane, Mavdi, Rajkot",22.31,70.8639,6600,20000,Private,Double,Girls,0,1,1,0,1,0,1,1,Fully Furnished,3.6,120,Available,OWN0187
PG01969,Blue Inn,Gujarat,Rajkot,Race Course,"201, Nagar, Race Course, Rajkot",22.3157,70.8721,11200,33500,Private,Double,Coed,1,0,1,0,0,0,1,1,Fully Furnished,3.8,33,Limited,OWN0093
PG01970,Krishna Home,Gujarat,Rajkot,Race Course,"262, Chowk, Race Course, Rajkot",22.324,70.8297,7000,7000,Private,Double,Girls,0,0,1,1,0,1,1,1,Fully Furnished,4.4,171,Full,OWN0022
PG01971,Nirvana Boys Hostel,Gujarat,Rajkot,Raiya Road,"10, Complex, Raiya Road, Rajkot",22.2377,70.796,4700,14000,Dormitory,Dormitory,Boys,1,0,0,1,0,1,1,1,Semi Furnished,4.2,395,Limited,OWN0061
PG01972,Ganesh PG,Gujarat,Rajkot,University Road,"324, Marg, University Road, Rajkot",22.2492,70.7629,7600,11500,Shared,Double,Boys,0,1,1,1,0,1,1,1,Fully Furnished,4.6,382,Full,OWN0132
PG01973,Silver Villa,Gujarat,Rajkot,University Road,"187, Park, University Road, Rajkot",22.2787,70.8672,3200,5000,Dormitory,Dormitory,Boys,0,1,1,1,0,1,0,0,Semi Furnished,4.0,172,Available,OWN0096
PG01974,Divine Palace,Gujarat,Rajkot,Gondal Road,"161, Road, Gondal Road, Rajkot",22.2648,70.8083,8300,8500,Shared,Triple,Girls,1,1,0,1,0,0,1,0,Unfurnished,3.6,392,Limited,OWN0030
PG01975,Silver Girls Hostel,Gujarat,Rajkot,150 Feet Ring Road,"209, Complex, 150 Feet Ring Road, Rajkot",22.3583,70.8243,15500,31000,Private,Single,Girls,1,0,1,1,0,0,1,1,Fully Furnished,4.3,125,Limited,OWN0163
PG01976,Radha Stay,Gujarat,Rajkot,Raiya Road,"255, Colony, Raiya Road, Rajkot",22.2935,70.7827,7600,23000,Shared,Triple,Girls,1,1,1,0,0,1,0,1,Fully Furnished,4.9,266,Limited,OWN0158
PG01977,Royal Boys Hostel,Gujarat,Rajkot,Raiya Road,"50, Road, Raiya Road, Rajkot",22.2878,70.7546,6700,20000,Shared,Triple,Boys,1,0,1,0,0,0,1,1,Semi Furnished,3.1,60,Full,OWN0002
PG01978,Om Living,Gujarat,Rajkot,Kalawad Road,"244, Lane, Kalawad Road, Rajkot",22.2755,70.7961,7500,11000,Shared,Double,Girls,0,1,1,0,1,0,1,1,Semi Furnished,3.6,284,Available,OWN0134
PG01979,Silver PG,Gujarat,Rajkot,Gondal Road,"62, Lane, Gondal Road, Rajkot",22.3227,70.8374,4700,9500,Shared,Triple,Boys,0,1,1,0,1,1,1,1,Semi Furnished,3.8,306,Available,OWN0015
PG01980,Royal Stay,Gujarat,Rajkot,University Road,"380, Road, University Road, Rajkot",22.2707,70.7782,13600,27000,Private,Single,Girls,1,1,1,0,1,1,0,1,Fully Furnished,2.8,223,Limited,OWN0023
PG01981,Ganesh Residency,Gujarat,Rajkot,Raiya Road,"333, Park, Raiya Road, Rajkot",22.2692,70.8596,7900,16000,Private,Double,Boys,1,1,1,1,1,1,1,1,Unfurnished,5.0,184,Full,OWN0059
PG01982,Om Girls Hostel,Gujarat,Rajkot,Kalawad Road,"266, Road, Kalawad Road, Rajkot",22.2349,70.8189,11100,22000,Private,Single,Girls,0,1,1,1,0,0,0,1,Fully Furnished,3.0,303,Full,OWN0167
PG01983,Shree PG,Gujarat,Rajkot,150 Feet Ring Road,"278, Colony, 150 Feet Ring Road, Rajkot",22.3539,70.7859,10900,16500,Private,Double,Boys,1,0,1,1,0,1,1,0,Fully Furnished,4.7,370,Available,OWN0051
PG01984,Happy Residency,Gujarat,Rajkot,Raiya Road,"234, Nagar, Raiya Road, Rajkot",22.3442,70.8335,11900,35500,Private,Double,Boys,1,1,1,1,0,0,0,1,Fully Furnished,3.3,32,Available,OWN0127
PG01985,Blue Boys Hostel,Gujarat,Rajkot,Raiya Road,"123, Society, Raiya Road, Rajkot",22.347,70.7962,8100,16000,Private,Double,Boys,0,0,1,0,1,0,0,1,Fully Furnished,3.3,436,Available,OWN0108
PG01986,Blue Inn,Gujarat,Rajkot,Gondal Road,"134, Lane, Gondal Road, Rajkot",22.2412,70.8433,7000,7000,Shared,Double,Coed,0,0,1,0,1,0,1,1,Fully Furnished,4.2,426,Available,OWN0007
PG01987,Legacy House,Gujarat,Rajkot,Mavdi,"81, Colony, Mavdi, Rajkot",22.2696,70.7337,10100,10000,Private,Double,Girls,1,0,1,1,1,0,1,1,Fully Furnished,4.9,394,Available,OWN0093
PG01988,Blue Rooms,Gujarat,Rajkot,150 Feet Ring Road,"220, Nagar, 150 Feet Ring Road, Rajkot",22.2398,70.75,9600,14500,Shared,Double,Boys,0,1,0,1,0,1,1,0,Fully Furnished,3.1,37,Limited,OWN0072
PG01989,Om Retreat,Gujarat,Rajkot,Gondal Road,"91, Road, Gondal Road, Rajkot",22.3211,70.7964,8000,24000,Private,Double,Boys,0,0,1,0,0,0,1,1,Fully Furnished,2.9,46,Limited,OWN0021
PG01990,Elite Palace,Gujarat,Rajkot,Kalawad Road,"126, Lane, Kalawad Road, Rajkot",22.3241,70.8628,5400,11000,Dormitory,Dormitory,Girls,0,1,1,1,1,1,1,0,Fully Furnished,4.5,237,Available,OWN0130
PG01991,Metro Stay,Gujarat,Rajkot,Mavdi,"317, Park, Mavdi, Rajkot",22.3579,70.8681,8700,26000,Shared,Double,Boys,1,1,1,0,0,0,0,1,Unfurnished,3.2,151,Limited,OWN0108
PG01992,Happy Girls Hostel,Gujarat,Rajkot,Gondal Road,"273, Society, Gondal Road, Rajkot",22.37,70.768,9400,14000,Private,Double,Girls,1,0,1,1,0,1,1,1,Fully Furnished,3.3,178,Full,OWN0028
PG01993,Royal Girls Hostel,Gujarat,Rajkot,Kalawad Road,"306, Marg, Kalawad Road, Rajkot",22.2653,70.7589,5200,15500,Shared,Triple,Boys,0,0,1,1,1,0,0,1,Fully Furnished,3.0,335,Available,OWN0083
PG01994,Blue Boys Hostel,Gujarat,Rajkot,Race Course,"251, Marg, Race Course, Rajkot",22.3546,70.8013,7500,22500,Shared,Double,Girls,0,1,1,0,1,1,1,1,Unfurnished,3.2,186,Limited,OWN0107
PG01995,Urban Residency,Gujarat,Rajkot,Mavdi,"107, Lane, Mavdi, Rajkot",22.3343,70.8473,7000,21000,Shared,Double,Boys,0,0,1,1,0,1,1,1,Fully Furnished,3.8,403,Available,OWN0098
PG01996,Sunshine PG,Gujarat,Rajkot,Race Course,"169, Park, Race Course, Rajkot",22.2737,70.8704,8500,25500,Shared,Double,Girls,0,1,1,0,0,1,1,1,Fully Furnished,4.1,315,Available,OWN0171
PG01997,Royal Heights,Gujarat,Rajkot,Mavdi,"322, Road, Mavdi, Rajkot",22.3126,70.8467,10200,30500,Shared,Triple,Boys,1,0,1,1,1,1,1,1,Fully Furnished,4.8,236,Available,OWN0053
PG01998,Sunshine Nivas,Gujarat,Rajkot,Kalawad Road,"18, Society, Kalawad Road, Rajkot",22.3046,70.8463,4700,14000,Shared,Triple,Coed,0,0,0,1,0,0,1,1,Fully Furnished,3.6,439,Limited,OWN0079
PG01999,Comfort Comforts,Gujarat,Rajkot,Raiya Road,"237, Lane, Raiya Road, Rajkot",22.3441,70.8631,8200,24500,Shared,Triple,Girls,1,1,1,1,1,1,1,1,Fully Furnished,2.9,327,Available,OWN0149
PG02000,Shree Boys Hostel,Gujarat,Rajkot,Gondal Road,"313, Colony, Gondal Road, Rajkot",22.319,70.8706,4900,5000,Shared,Triple,Boys,0,1,1,1,0,0,1,1,Unfurnished,3.7,334,Full,OWN0002
PG02001,Comfort Heights,Gujarat,Rajkot,Gondal Road,"283, Nagar, Gondal Road, Rajkot",22.3294,70.7389,7400,15000,Shared,Double,Boys,0,1,1,1,0,1,1,1,Fully Furnished,4.4,312,Limited,OWN0057
PG02002,Sai Comforts,Gujarat,Rajkot,Gondal Road,"37, Society, Gondal Road, Rajkot",22.2579,70.7899,5400,5500,Shared,Triple,Girls,0,1,1,1,0,1,0,1,Fully Furnished,3.8,367,Limited,OWN0036
PG02003,Urban Stay,Gujarat,Rajkot,150 Feet Ring Road,"293, Park, 150 Feet Ring Road, Rajkot",22.3078,70.7794,6200,18500,Shared,Triple,Girls,0,1,0,1,1,0,1,1,Semi Furnished,3.1,137,Full,OWN0200
PG02004,Legacy Residency,Gujarat,Rajkot,Gondal Road,"310, Colony, Gondal Road, Rajkot",22.2341,70.7333,9300,14000,Shared,Triple,Girls,1,1,1,0,1,0,1,1,Fully Furnished,3.1,33,Available,OWN0090
PG02005,Golden Nivas,Gujarat,Rajkot,Kalawad Road,"307, Colony, Kalawad Road, Rajkot",22.2341,70.7867,10800,11000,Private,Single,Girls,0,1,1,0,1,1,1,1,Fully Furnished,2.8,449,Available,OWN0098
PG02006,Nirvana Girls Hostel,Gujarat,Rajkot,Mavdi,"140, Colony, Mavdi, Rajkot",22.3408,70.8605,14800,22000,Private,Single,Boys,1,1,1,1,0,1,0,1,Fully Furnished,3.0,159,Full,OWN0005
PG02007,Blue Home,Gujarat,Rajkot,Mavdi,"106, Road, Mavdi, Rajkot",22.3307,70.7486,11600,23000,Private,Double,Girls,1,0,1,1,0,1,0,1,Fully Furnished,3.5,99,Available,OWN0164
PG02008,Star Villa,Gujarat,Rajkot,Kalawad Road,"167, Lane, Kalawad Road, Rajkot",22.3502,70.8038,13500,20000,Private,Single,Girls,0,0,1,1,0,1,0,1,Fully Furnished,3.6,66,Limited,OWN0128
PG02009,Urban Boys Hostel,Gujarat,Rajkot,Race Course,"151, Nagar, Race Course, Rajkot",22.3675,70.7726,13000,13000,Private,Single,Boys,1,1,0,1,1,0,0,1,Fully Furnished,4.9,338,Available,OWN0030
PG02010,Royal Home,Gujarat,Rajkot,150 Feet Ring Road,"346, Chowk, 150 Feet Ring Road, Rajkot",22.2515,70.865,8800,13000,Shared,Double,Girls,0,1,1,1,1,0,1,0,Semi Furnished,3.7,219,Available,OWN0197
PG02011,Comfort Girls Hostel,Gujarat,Rajkot,University Road,"246, Road, University Road, Rajkot",22.2885,70.8203,4800,7000,Dormitory,Dormitory,Boys,0,0,1,0,0,1,1,1,Semi Furnished,4.6,429,Available,OWN0044
PG02012,Sai Nivas,Gujarat,Rajkot,Raiya Road,"62, Park, Raiya Road, Rajkot",22.2438,70.8521,15800,23500,Private,Single,Coed,1,1,1,1,1,1,1,1,Fully Furnished,3.7,424,Available,OWN0048
PG02013,Sunshine House,Gujarat,Rajkot,Gondal Road,"290, Chowk, Gondal Road, Rajkot",22.3334,70.7422,11100,22000,Shared,Double,Girls,1,1,0,1,0,1,0,0,Fully Furnished,4.6,27,Available,OWN0004
PG02014,Divine Stay,Gujarat,Rajkot,Kalawad Road,"147, Colony, Kalawad Road, Rajkot",22.337,70.8467,5800,11500,Dormitory,Dormitory,Girls,1,1,1,1,0,1,1,1,Semi Furnished,4.3,425,Available,OWN0176
PG02015,Nest Villa,Gujarat,Rajkot,Kalawad Road,"19, Colony, Kalawad Road, Rajkot",22.2552,70.7598,7700,23000,Shared,Double,Boys,0,1,1,1,0,1,1,1,Semi Furnished,4.5,245,Full,OWN0063
PG02016,Blue House,Gujarat,Rajkot,Mavdi,"309, Society, Mavdi, Rajkot",22.2954,70.871,8400,17000,Private,Double,Coed,0,1,1,1,0,1,0,0,Semi Furnished,3.0,135,Limited,OWN0131
PG02017,Shree House,Gujarat,Rajkot,University Road,"139, Lane, University Road, Rajkot",22.2372,70.7886,7200,7000,Shared,Triple,Girls,1,1,1,1,0,0,1,1,Fully Furnished,2.9,10,Limited,OWN0133
PG02018,Golden PG,Gujarat,Rajkot,150 Feet Ring Road,"300, Complex, 150 Feet Ring Road, Rajkot",22.3739,70.858,12300,24500,Shared,Double,Girls,1,0,1,1,0,1,1,1,Fully Furnished,2.9,149,Available,OWN0044
PG02019,Royal Rooms,Gujarat,Rajkot,University Road,"293, Marg, University Road, Rajkot",22.3581,70.8673,7100,7000,Private,Double,Coed,0,0,1,0,1,1,1,1,Fully Furnished,3.9,274,Limited,OWN0030
PG02020,Zenith Girls Hostel,Gujarat,Rajkot,Raiya Road,"120, Society, Raiya Road, Rajkot",22.2676,70.7467,5600,11000,Shared,Triple,Girls,0,1,1,1,1,1,0,1,Fully Furnished,4.8,412,Available,OWN0135
PG02021,Serene Girls Hostel,Gujarat,Rajkot,150 Feet Ring Road,"120, Chowk, 150 Feet Ring Road, Rajkot",22.3029,70.7425,6300,6500,Shared,Triple,Boys,0,0,1,1,0,1,1,1,Semi Furnished,4.5,96,Limited,OWN0167
PG02022,Shree Retreat,Gujarat,Rajkot,Race Course,"351, Complex, Race Course, Rajkot",22.3514,70.8093,9300,9500,Shared,Double,Girls,1,1,1,1,0,1,1,1,Unfurnished,3.0,143,Full,OWN0138
PG02023,Cozy Villa,Gujarat,Rajkot,Race Course,"355, Lane, Race Course, Rajkot",22.281,70.7641,9800,29500,Private,Double,Girls,1,1,1,1,1,1,1,1,Semi Furnished,4.9,284,Available,OWN0158
PG02024,Cozy Stay,Gujarat,Rajkot,Kalawad Road,"158, Colony, Kalawad Road, Rajkot",22.3276,70.7943,10300,10500,Private,Single,Boys,0,0,1,1,1,0,1,0,Fully Furnished,4.3,361,Available,OWN0131
PG02025,Vraj Palace,Gujarat,Rajkot,Kalawad Road,"379, Road, Kalawad Road, Rajkot",22.3372,70.7351,4600,4500,Shared,Triple,Boys,0,1,1,0,0,1,1,0,Fully Furnished,4.1,219,Available,OWN0187
PG02026,Golden Stay,Gujarat,Rajkot,Mavdi,"142, Chowk, Mavdi, Rajkot",22.2349,70.7684,11400,34000,Shared,Double,Girls,1,1,1,0,0,1,1,1,Fully Furnished,4.0,142,Full,OWN0080
PG02027,Metro Villa,Gujarat,Rajkot,Gondal Road,"329, Nagar, Gondal Road, Rajkot",22.3643,70.8053,5700,11500,Private,Double,Girls,0,0,1,1,0,0,1,1,Semi Furnished,3.8,440,Full,OWN0128
PG02028,Ganesh Rooms,Gujarat,Rajkot,Gondal Road,"43, Lane, Gondal Road, Rajkot",22.3432,70.7896,9000,13500,Private,Double,Boys,0,1,1,0,0,1,0,0,Fully Furnished,3.0,324,Available,OWN0113
PG02029,Metro Boys Hostel,Gujarat,Rajkot,Race Course,"217, Marg, Race Course, Rajkot",22.3629,70.7662,12800,38500,Private,Single,Girls,0,0,1,0,0,1,0,1,Fully Furnished,2.9,447,Full,OWN0178
PG02030,Serene Rooms,Gujarat,Rajkot,University Road,"214, Chowk, University Road, Rajkot",22.2883,70.7807,4600,14000,Shared,Triple,Boys,0,1,1,1,0,0,1,1,Fully Furnished,2.8,272,Limited,OWN0005
PG02031,Shree PG,Gujarat,Rajkot,Raiya Road,"392, Chowk, Raiya Road, Rajkot",22.3137,70.8009,8500,13000,Shared,Double,Girls,0,1,1,1,0,1,1,1,Unfurnished,3.2,427,Limited,OWN0161
PG02032,Zenith Comforts,Gujarat,Rajkot,Mavdi,"275, Nagar, Mavdi, Rajkot",22.3516,70.7907,9500,9500,Shared,Double,Girls,0,1,0,1,0,0,1,1,Fully Furnished,2.9,128,Available,OWN0150
PG02033,Nest PG,Gujarat,Rajkot,Mavdi,"5, Nagar, Mavdi, Rajkot",22.2732,70.7388,9600,14500,Shared,Triple,Boys,1,0,0,1,0,1,1,0,Fully Furnished,4.6,235,Available,OWN0010
PG02034,City Residency,Gujarat,Rajkot,Raiya Road,"313, Chowk, Raiya Road, Rajkot",22.3194,70.7522,4700,14000,Dormitory,Dormitory,Girls,0,1,1,1,1,1,1,1,Semi Furnished,4.7,276,Limited,OWN0049
PG02035,Elite Girls Hostel,Gujarat,Rajkot,University Road,"301, Park, University Road, Rajkot",22.245,70.8303,8900,13500,Private,Double,Girls,0,1,0,1,1,1,0,1,Fully Furnished,4.3,323,Available,OWN0070
PG02036,Legacy House,Gujarat,Rajkot,Raiya Road,"277, Marg, Raiya Road, Rajkot",22.3359,70.8262,8600,26000,Private,Single,Boys,0,0,1,1,0,0,0,1,Unfurnished,3.2,156,Limited,OWN0137
PG02037,Legacy Boys Hostel,Gujarat,Rajkot,Race Course,"227, Marg, Race Course, Rajkot",22.3684,70.8324,6900,14000,Shared,Double,Boys,0,0,1,1,0,1,0,1,Fully Furnished,4.6,422,Limited,OWN0138
PG02038,Vraj PG,Gujarat,Rajkot,Gondal Road,"283, Society, Gondal Road, Rajkot",22.3103,70.8392,11300,34000,Private,Double,Boys,1,1,1,1,1,1,1,1,Fully Furnished,4.8,124,Available,OWN0170
PG02039,Happy Stay,Gujarat,Rajkot,Mavdi,"157, Chowk, Mavdi, Rajkot",22.3426,70.7756,6900,20500,Shared,Triple,Girls,1,0,1,0,0,1,0,1,Unfurnished,3.0,240,Limited,OWN0171
PG02040,Divine Nivas,Gujarat,Rajkot,Kalawad Road,"290, Nagar, Kalawad Road, Rajkot",22.3141,70.7428,4100,12500,Shared,Triple,Boys,0,1,1,1,1,1,0,1,Semi Furnished,4.3,73,Available,OWN0186
PG02041,Comfort Residency,Gujarat,Rajkot,Raiya Road,"73, Marg, Raiya Road, Rajkot",22.2375,70.7957,3300,5000,Dormitory,Dormitory,Girls,0,1,1,1,0,1,1,0,Semi Furnished,2.9,196,Limited,OWN0041
PG02042,Krishna Girls Hostel,Gujarat,Rajkot,University Road,"80, Society, University Road, Rajkot",22.2369,70.7481,9100,27500,Private,Single,Girls,0,1,1,1,1,0,1,1,Semi Furnished,3.2,348,Limited,OWN0040
PG02043,Silver PG,Gujarat,Rajkot,Raiya Road,"398, Society, Raiya Road, Rajkot",22.2657,70.7974,5700,11500,Dormitory,Dormitory,Coed,0,1,0,0,0,1,1,1,Fully Furnished,3.1,337,Full,OWN0155
PG02044,Legacy Residency,Gujarat,Rajkot,Mavdi,"250, Colony, Mavdi, Rajkot",22.2842,70.8538,6000,9000,Dormitory,Dormitory,Girls,1,1,1,1,0,1,1,1,Fully Furnished,3.4,280,Limited,OWN0168
PG02045,Urban Inn,Gujarat,Rajkot,Mavdi,"47, Park, Mavdi, Rajkot",22.2823,70.7579,9500,28500,Shared,Double,Boys,1,1,1,1,0,1,1,0,Semi Furnished,4.9,403,Available,OWN0115
PG02046,City Palace,Gujarat,Rajkot,Raiya Road,"10, Lane, Raiya Road, Rajkot",22.2433,70.8074,8200,12500,Shared,Double,Girls,0,0,0,0,0,1,1,1,Semi Furnished,4.9,174,Limited,OWN0008
PG02047,Blue Retreat,Gujarat,Rajkot,Raiya Road,"241, Marg, Raiya Road, Rajkot",22.3694,70.7887,15600,23500,Private,Single,Boys,1,1,1,1,0,0,1,1,Fully Furnished,4.4,69,Limited,OWN0129
PG02048,Blue Nivas,Gujarat,Rajkot,Raiya Road,"320, Nagar, Raiya Road, Rajkot",22.3083,70.8485,10000,30000,Private,Double,Boys,1,1,1,1,1,0,1,1,Semi Furnished,3.8,59,Full,OWN0177
PG02049,Krishna Rooms,Gujarat,Rajkot,150 Feet Ring Road,"95, Park, 150 Feet Ring Road, Rajkot",22.2771,70.8355,10700,10500,Private,Double,Coed,1,1,1,1,0,1,1,1,Unfurnished,3.6,127,Available,OWN0047
PG02050,Nirvana House,Gujarat,Rajkot,Kalawad Road,"367, Complex, Kalawad Road, Rajkot",22.2455,70.8236,6800,20500,Shared,Double,Boys,0,1,1,1,0,1,0,1,Semi Furnished,3.3,356,Limited,OWN0039
PG02051,Sunshine Stay,Gujarat,Rajkot,Mavdi,"311, Complex, Mavdi, Rajkot",22.2603,70.8714,7300,22000,Shared,Double,Girls,0,1,1,0,0,0,1,1,Semi Furnished,4.1,421,Limited,OWN0053
PG02052,Nest House,Gujarat,Rajkot,Kalawad Road,"162, Marg, Kalawad Road, Rajkot",22.2721,70.7791,13500,13500,Private,Single,Coed,1,1,1,0,0,0,1,1,Unfurnished,3.6,421,Available,OWN0077
PG02053,Modern PG,Gujarat,Rajkot,University Road,"28, Park, University Road, Rajkot",22.2545,70.8504,7000,14000,Private,Double,Girls,0,1,1,1,0,0,1,0,Fully Furnished,4.6,356,Full,OWN0149
PG02054,Ganesh Living,Gujarat,Rajkot,Kalawad Road,"300, Lane, Kalawad Road, Rajkot",22.3299,70.848,10300,20500,Shared,Double,Girls,1,1,0,1,0,0,1,1,Fully Furnished,2.9,153,Limited,OWN0184
PG02055,Urban Retreat,Gujarat,Rajkot,University Road,"85, Lane, University Road, Rajkot",22.3023,70.7324,7600,15000,Shared,Triple,Girls,1,1,1,1,1,0,1,1,Semi Furnished,3.3,223,Available,OWN0066
PG02056,Vraj Girls Hostel,Gujarat,Rajkot,Mavdi,"140, Lane, Mavdi, Rajkot",22.2448,70.7409,9100,18000,Shared,Double,Boys,0,1,1,1,0,1,1,0,Fully Furnished,4.0,44,Limited,OWN0191
PG02057,New Retreat,Gujarat,Rajkot,150 Feet Ring Road,"309, Park, 150 Feet Ring Road, Rajkot",22.3103,70.7516,9100,9000,Private,Single,Girls,0,1,0,1,0,0,1,1,Semi Furnished,3.4,70,Full,OWN0197
PG02058,Ganesh Home,Gujarat,Rajkot,150 Feet Ring Road,"340, Park, 150 Feet Ring Road, Rajkot",22.297,70.7404,9800,10000,Shared,Double,Coed,1,0,1,1,0,1,0,0,Fully Furnished,3.6,391,Limited,OWN0107
PG02059,Modern Nivas,Gujarat,Rajkot,Gondal Road,"108, Complex, Gondal Road, Rajkot",22.3282,70.7505,6500,6500,Private,Double,Boys,0,1,1,0,0,1,1,1,Fully Furnished,3.2,182,Available,OWN0089
PG02060,Metro Nivas,Gujarat,Rajkot,Mavdi,"70, Park, Mavdi, Rajkot",22.2606,70.7584,7600,7500,Shared,Triple,Boys,1,1,1,1,1,0,1,1,Fully Furnished,3.9,227,Full,OWN0189
PG02061,Metro Living,Gujarat,Rajkot,Gondal Road,"292, Colony, Gondal Road, Rajkot",22.2398,70.823,7000,14000,Shared,Double,Girls,0,1,1,1,0,1,0,1,Fully Furnished,4.5,93,Available,OWN0020
PG02062,Modern Nivas,Gujarat,Gandhinagar,Sector 11,"3, Nagar, Sector 11, Gandhinagar",23.2801,72.5725,11000,11000,Shared,Double,Boys,1,1,1,1,0,1,1,0,Fully Furnished,3.4,201,Available,OWN0115
PG02063,Blue Home,Gujarat,Gandhinagar,Sector 11,"48, Road, Sector 11, Gandhinagar",23.2114,72.642,7900,16000,Private,Double,Girls,0,1,1,1,0,1,0,1,Fully Furnished,3.8,224,Limited,OWN0047
PG02064,Star Heights,Gujarat,Gandhinagar,Raisan,"218, Nagar, Raisan, Gandhinagar",23.179,72.7051,9200,18500,Private,Double,Coed,1,1,0,1,0,0,0,0,Semi Furnished,4.8,343,Full,OWN0110
PG02065,New Retreat,Gujarat,Gandhinagar,Sector 28,"221, Road, Sector 28, Gandhinagar",23.199,72.6251,4200,12500,Shared,Triple,Boys,0,1,1,1,1,1,0,1,Semi Furnished,3.4,234,Available,OWN0126
PG02066,Happy Nivas,Gujarat,Gandhinagar,Sector 11,"124, Marg, Sector 11, Gandhinagar",23.2592,72.5936,6200,9500,Private,Double,Coed,0,1,1,1,0,0,1,1,Semi Furnished,3.4,27,Available,OWN0071
PG02067,Om Nivas,Gujarat,Gandhinagar,Sector 11,"208, Chowk, Sector 11, Gandhinagar",23.2103,72.7068,8100,24500,Dormitory,Dormitory,Girls,1,1,1,0,0,0,1,0,Fully Furnished,4.1,127,Limited,OWN0161
PG02068,Vraj Palace,Gujarat,Gandhinagar,Sector 21,"147, Nagar, Sector 21, Gandhinagar",23.1636,72.7028,6200,12500,Shared,Triple,Coed,0,1,1,1,0,0,1,1,Fully Furnished,3.8,55,Full,OWN0055
PG02069,Modern Stay,Gujarat,Gandhinagar,Sector 11,"377, Marg, Sector 11, Gandhinagar",23.1646,72.5939,9900,10000,Private,Double,Boys,1,0,1,1,1,1,1,1,Unfurnished,4.0,163,Available,OWN0058
PG02070,Radha Comforts,Gujarat,Gandhinagar,Sector 16,"166, Colony, Sector 16, Gandhinagar",23.152,72.6327,5200,8000,Shared,Triple,Boys,0,1,1,1,0,1,1,1,Semi Furnished,3.8,124,Available,OWN0010
PG02071,Radha Rooms,Gujarat,Gandhinagar,Sector 16,"332, Colony, Sector 16, Gandhinagar",23.2111,72.6255,11900,18000,Shared,Double,Girls,1,1,1,0,1,0,1,0,Fully Furnished,4.0,71,Full,OWN0181
PG02072,Om Retreat,Gujarat,Gandhinagar,Sector 7,"258, Park, Sector 7, Gandhinagar",23.1882,72.6174,9400,9500,Shared,Double,Girls,1,0,1,1,0,1,0,1,Semi Furnished,3.9,211,Available,OWN0122
PG02073,Zenith Boys Hostel,Gujarat,Gandhinagar,Infocity,"280, Park, Infocity, Gandhinagar",23.1761,72.6931,5400,8000,Shared,Triple,Coed,0,1,1,0,0,0,1,1,Semi Furnished,2.9,106,Limited,OWN0090
PG02074,Urban House,Gujarat,Gandhinagar,Sector 7,"189, Park, Sector 7, Gandhinagar",23.2333,72.7005,8600,13000,Private,Double,Girls,0,0,1,1,0,0,0,1,Fully Furnished,3.8,88,Full,OWN0114
PG02075,Vraj Residency,Gujarat,Gandhinagar,Sector 21,"255, Lane, Sector 21, Gandhinagar",23.1649,72.7009,11600,35000,Private,Single,Boys,0,0,1,1,1,1,1,1,Unfurnished,2.9,164,Available,OWN0194
PG02076,Royal Nivas,Gujarat,Gandhinagar,Sector 28,"321, Complex, Sector 28, Gandhinagar",23.2159,72.6563,12600,12500,Private,Single,Boys,1,0,1,1,0,0,0,1,Fully Furnished,3.0,377,Limited,OWN0064
PG02077,Royal Inn,Gujarat,Gandhinagar,Sector 16,"339, Marg, Sector 16, Gandhinagar",23.2666,72.6901,6100,12000,Shared,Triple,Girls,0,1,1,1,0,1,1,1,Unfurnished,3.7,298,Full,OWN0096
PG02078,Star Boys Hostel,Gujarat,Gandhinagar,Sector 21,"169, Colony, Sector 21, Gandhinagar",23.1889,72.6907,4800,7000,Dormitory,Dormitory,Girls,0,1,1,0,1,1,0,1,Semi Furnished,4.9,72,Limited,OWN0097
PG02079,Sai Heights,Gujarat,Gandhinagar,Infocity,"291, Colony, Infocity, Gandhinagar",23.2205,72.6794,8000,8000,Shared,Double,Boys,0,1,1,1,0,0,0,1,Unfurnished,4.3,262,Limited,OWN0109
PG02080,Krishna House,Gujarat,Gandhinagar,Koba,"152, Marg, Koba, Gandhinagar",23.2483,72.6189,8600,8500,Shared,Triple,Girls,1,0,1,1,0,0,0,1,Fully Furnished,4.4,215,Available,OWN0050
PG02081,New Nivas,Gujarat,Gandhinagar,Sector 21,"121, Lane, Sector 21, Gandhinagar",23.2248,72.606,6300,19000,Shared,Double,Coed,0,1,1,1,0,1,1,0,Unfurnished,2.8,385,Limited,OWN0040
PG02082,Ganesh PG,Gujarat,Gandhinagar,Sector 11,"70, Complex, Sector 11, Gandhinagar",23.1804,72.5673,8400,17000,Private,Double,Girls,0,0,1,0,0,0,0,0,Semi Furnished,4.5,450,Limited,OWN0102
PG02083,Divine PG,Gujarat,Gandhinagar,Sector 21,"256, Nagar, Sector 21, Gandhinagar",23.207,72.6694,12100,36500,Shared,Double,Boys,1,1,1,1,0,1,1,1,Fully Furnished,2.8,284,Full,OWN0074
PG02084,Om Heights,Gujarat,Gandhinagar,Koba,"58, Colony, Koba, Gandhinagar",23.2512,72.5891,7500,22500,Shared,Triple,Girls,1,1,1,0,0,0,0,1,Fully Furnished,4.9,96,Available,OWN0130
PG02085,Sunshine Nivas,Gujarat,Gandhinagar,Koba,"30, Complex, Koba, Gandhinagar",23.2703,72.6014,8500,13000,Shared,Triple,Coed,1,1,1,0,1,1,1,1,Semi Furnished,4.4,28,Available,OWN0021
PG02086,Elite Rooms,Gujarat,Gandhinagar,Sector 7,"41, Lane, Sector 7, Gandhinagar",23.1602,72.6446,8900,9000,Shared,Double,Boys,1,1,1,0,1,1,1,0,Semi Furnished,3.4,432,Full,OWN0094
PG02087,Shree Palace,Gujarat,Gandhinagar,Sector 28,"94, Lane, Sector 28, Gandhinagar",23.2659,72.6976,11400,23000,Private,Single,Boys,0,1,1,1,0,1,0,1,Fully Furnished,3.9,175,Available,OWN0115
PG02088,Silver PG,Gujarat,Gandhinagar,Sector 28,"167, Society, Sector 28, Gandhinagar",23.2715,72.6113,10400,31000,Shared,Double,Coed,1,1,1,1,0,0,1,0,Semi Furnished,3.9,55,Limited,OWN0054
PG02089,Serene Living,Gujarat,Gandhinagar,Sector 28,"176, Society, Sector 28, Gandhinagar",23.184,72.6868,3800,7500,Shared,Triple,Boys,0,1,1,1,1,1,1,0,Semi Furnished,2.9,198,Full,OWN0154
PG02090,Comfort Comforts,Gujarat,Gandhinagar,Sector 16,"327, Park, Sector 16, Gandhinagar",23.1966,72.6761,11400,23000,Private,Double,Boys,1,1,1,0,0,0,0,1,Semi Furnished,4.5,369,Available,OWN0157
PG02091,Nest Rooms,Gujarat,Gandhinagar,Sector 11,"332, Nagar, Sector 11, Gandhinagar",23.1963,72.6971,12000,36000,Private,Double,Coed,1,1,0,1,0,0,1,1,Fully Furnished,3.6,387,Limited,OWN0029
PG02092,Metro Living,Gujarat,Gandhinagar,Sector 16,"294, Complex, Sector 16, Gandhinagar",23.1652,72.6746,4300,13000,Dormitory,Dormitory,Boys,0,1,0,0,1,1,0,1,Fully Furnished,3.9,50,Available,OWN0103
PG02093,Urban Girls Hostel,Gujarat,Gandhinagar,Sector 11,"5, Colony, Sector 11, Gandhinagar",23.2324,72.5789,9000,27000,Shared,Double,Boys,0,0,1,1,0,1,0,1,Fully Furnished,4.4,372,Available,OWN0091
PG02094,New Comforts,Gujarat,Gandhinagar,Sector 7,"368, Nagar, Sector 7, Gandhinagar",23.226,72.5814,7300,7500,Shared,Triple,Boys,0,1,1,1,1,1,1,1,Fully Furnished,3.7,197,Available,OWN0125
PG02095,Star Girls Hostel,Gujarat,Gandhinagar,Sector 7,"329, Road, Sector 7, Gandhinagar",23.2357,72.6644,4600,7000,Dormitory,Dormitory,Girls,0,0,1,1,0,1,1,1,Fully Furnished,3.7,387,Available,OWN0088
PG02096,Royal Living,Gujarat,Gandhinagar,Sector 28,"176, Society, Sector 28, Gandhinagar",23.2763,72.6758,4200,8500,Dormitory,Dormitory,Girls,0,1,1,1,0,1,1,1,Fully Furnished,4.3,22,Available,OWN0083
PG02097,New Inn,Gujarat,Gandhinagar,Sector 16,"112, Society, Sector 16, Gandhinagar",23.2267,72.6554,7100,14000,Private,Double,Girls,0,1,1,1,0,1,1,1,Semi Furnished,4.8,140,Available,OWN0184
PG02098,City Retreat,Gujarat,Gandhinagar,Sector 11,"343, Colony, Sector 11, Gandhinagar",23.1495,72.6268,13200,20000,Private,Single,Boys,0,1,1,1,0,1,1,1,Fully Furnished,3.4,133,Available,OWN0034
PG02099,Royal Inn,Gujarat,Gandhinagar,Koba,"89, Marg, Koba, Gandhinagar",23.2676,72.6628,6500,10000,Shared,Double,Boys,0,1,1,0,0,1,1,1,Fully Furnished,3.2,23,Available,OWN0034
PG02100,Sunshine Heights,Gujarat,Gandhinagar,Infocity,"3, Road, Infocity, Gandhinagar",23.253,72.5943,9100,13500,Private,Double,Girls,1,1,1,0,0,1,0,1,Fully Furnished,3.2,311,Available,OWN0035
PG02101,Blue House,Gujarat,Gandhinagar,Infocity,"293, Marg, Infocity, Gandhinagar",23.2716,72.6016,6000,18000,Shared,Triple,Coed,1,0,1,0,0,1,0,1,Semi Furnished,4.5,58,Available,OWN0089
PG02102,Radha Retreat,Gujarat,Gandhinagar,Sector 7,"76, Road, Sector 7, Gandhinagar",23.199,72.6378,8300,8500,Shared,Triple,Girls,1,1,1,1,0,0,1,0,Fully Furnished,2.8,298,Available,OWN0184
PG02103,Metro Living,Gujarat,Gandhinagar,Raisan,"296, Road, Raisan, Gandhinagar",23.2742,72.5813,7800,8000,Private,Double,Coed,0,1,1,0,0,1,1,1,Semi Furnished,4.5,79,Available,OWN0148
PG02104,Modern Comforts,Gujarat,Gandhinagar,Koba,"267, Lane, Koba, Gandhinagar",23.1833,72.599,7900,16000,Private,Double,Girls,0,1,1,1,0,0,1,0,Semi Furnished,4.3,309,Limited,OWN0083
PG02105,Serene Living,Gujarat,Gandhinagar,Raisan,"225, Colony, Raisan, Gandhinagar",23.1528,72.6324,10600,16000,Private,Single,Girls,0,0,1,1,0,1,1,1,Semi Furnished,3.4,178,Limited,OWN0023
PG02106,Shree Girls Hostel,Gujarat,Gandhinagar,Infocity,"216, Lane, Infocity, Gandhinagar",23.2601,72.5823,6200,12500,Shared,Triple,Girls,0,1,1,1,1,0,1,0,Semi Furnished,4.1,310,Limited,OWN0030
PG02107,City Boys Hostel,Gujarat,Gandhinagar,Sector 16,"167, Chowk, Sector 16, Gandhinagar",23.1621,72.5956,8400,8500,Private,Double,Girls,0,1,1,0,0,1,0,1,Fully Furnished,4.6,7,Full,OWN0064
PG02108,Sunshine Comforts,Gujarat,Gandhinagar,Sector 16,"139, Lane, Sector 16, Gandhinagar",23.1678,72.6155,7100,14000,Private,Double,Boys,0,1,1,1,0,0,1,1,Unfurnished,3.4,127,Available,OWN0143
PG02109,Zenith PG,Gujarat,Gandhinagar,Sector 7,"139, Chowk, Sector 7, Gandhinagar",23.2299,72.6028,5100,5000,Dormitory,Dormitory,Boys,0,1,1,1,0,1,0,1,Fully Furnished,4.1,364,Available,OWN0049
PG02110,Radha Nivas,Gujarat,Gandhinagar,Sector 11,"302, Society, Sector 11, Gandhinagar",23.2001,72.6208,11600,11500,Private,Single,Girls,0,1,1,1,1,0,1,1,Fully Furnished,4.1,231,Limited,OWN0095
PG02111,Happy Retreat,Gujarat,Gandhinagar,Sector 11,"310, Society, Sector 11, Gandhinagar",23.2618,72.5705,12800,25500,Private,Single,Girls,1,1,1,1,1,1,1,0,Semi Furnished,3.4,294,Full,OWN0066
PG02112,Modern Heights,Gujarat,Gandhinagar,Raisan,"76, Park, Raisan, Gandhinagar",23.218,72.6389,8700,13000,Private,Double,Girls,0,0,0,0,0,0,1,1,Fully Furnished,2.9,326,Limited,OWN0031
PG02113,City Girls Hostel,Gujarat,Gandhinagar,Raisan,"66, Lane, Raisan, Gandhinagar",23.2807,72.5911,11600,23000,Private,Single,Boys,0,0,1,1,0,1,0,0,Fully Furnished,3.5,139,Available,OWN0112
PG02114,Divine Comforts,Gujarat,Gandhinagar,Sector 7,"338, Society, Sector 7, Gandhinagar",23.2582,72.6152,11100,11000,Private,Double,Boys,1,1,1,1,0,0,1,0,Fully Furnished,3.4,442,Full,OWN0005
PG02115,Blue Comforts,Gujarat,Gandhinagar,Sector 11,"15, Nagar, Sector 11, Gandhinagar",23.1925,72.6972,7600,7500,Private,Double,Boys,0,1,1,1,0,0,1,0,Unfurnished,3.8,211,Available,OWN0103
PG02116,Krishna Villa,Gujarat,Gandhinagar,Raisan,"132, Road, Raisan, Gandhinagar",23.171,72.7023,8200,12500,Private,Double,Girls,0,1,0,1,0,1,1,1,Fully Furnished,3.8,172,Available,OWN0160
PG02117,City Residency,Gujarat,Gandhinagar,Koba,"53, Society, Koba, Gandhinagar",23.2845,72.6312,10000,20000,Shared,Triple,Boys,1,0,1,1,0,1,1,1,Fully Furnished,3.5,39,Limited,OWN0053
PG02118,Nirvana Girls Hostel,Gujarat,Gandhinagar,Sector 16,"51, Lane, Sector 16, Gandhinagar",23.1926,72.6781,4300,4500,Dormitory,Dormitory,Girls,0,0,1,0,0,1,1,1,Semi Furnished,2.9,171,Full,OWN0176
PG02119,Divine Comforts,Gujarat,Gandhinagar,Sector 21,"371, Park, Sector 21, Gandhinagar",23.2115,72.6101,8000,24000,Shared,Double,Girls,0,0,1,1,0,1,1,1,Fully Furnished,3.5,356,Available,OWN0131
PG02120,Legacy Stay,Gujarat,Gandhinagar,Sector 28,"122, Park, Sector 28, Gandhinagar",23.1859,72.588,8000,8000,Private,Double,Boys,0,1,1,1,0,1,1,0,Fully Furnished,3.8,53,Available,OWN0022
PG02121,Shree Nivas,Gujarat,Gandhinagar,Infocity,"135, Complex, Infocity, Gandhinagar",23.2713,72.6996,6600,13000,Shared,Double,Boys,0,1,0,1,1,0,1,1,Semi Furnished,4.2,247,Full,OWN0189
PG02122,Nest Boys Hostel,Gujarat,Gandhinagar,Koba,"78, Chowk, Koba, Gandhinagar",23.1738,72.6301,10200,15500,Private,Double,Boys,1,1,0,1,0,1,1,0,Fully Furnished,3.3,7,Available,OWN0034
PG02123,Vraj Rooms,Gujarat,Gandhinagar,Sector 16,"67, Lane, Sector 16, Gandhinagar",23.2811,72.6299,7700,11500,Private,Double,Boys,0,1,1,0,0,1,1,1,Semi Furnished,4.8,38,Available,OWN0035
PG02124,Ganesh Home,Gujarat,Gandhinagar,Sector 16,"316, Lane, Sector 16, Gandhinagar",23.2472,72.6259,4600,4500,Shared,Triple,Boys,0,0,1,1,1,0,0,0,Fully Furnished,4.1,63,Available,OWN0175
PG02125,Radha Residency,Gujarat,Gandhinagar,Sector 28,"25, Chowk, Sector 28, Gandhinagar",23.1716,72.6962,6100,18500,Private,Double,Girls,0,1,1,1,1,1,1,1,Semi Furnished,4.5,403,Available,OWN0147
PG02126,City Home,Gujarat,Gandhinagar,Sector 16,"86, Chowk, Sector 16, Gandhinagar",23.2561,72.5923,12100,18000,Private,Single,Girls,0,1,1,1,0,0,1,1,Fully Furnished,4.0,56,Available,OWN0061
PG02127,Sunshine Living,Gujarat,Gandhinagar,Sector 11,"176, Lane, Sector 11, Gandhinagar",23.1819,72.6035,9000,18000,Shared,Double,Coed,0,0,1,0,0,0,1,1,Fully Furnished,4.2,413,Available,OWN0117
PG02128,Legacy Living,Gujarat,Gandhinagar,Sector 28,"269, Chowk, Sector 28, Gandhinagar",23.2555,72.6222,7200,7000,Shared,Triple,Boys,1,1,1,1,0,0,1,1,Fully Furnished,3.3,409,Available,OWN0070
PG02129,Legacy Villa,Gujarat,Gandhinagar,Sector 21,"226, Park, Sector 21, Gandhinagar",23.2556,72.6597,10700,16000,Private,Single,Boys,0,1,1,0,0,1,1,1,Fully Furnished,4.6,10,Limited,OWN0120
PG02130,Zenith PG,Gujarat,Gandhinagar,Raisan,"31, Colony, Raisan, Gandhinagar",23.2242,72.6007,8200,12500,Shared,Double,Boys,0,1,1,1,0,1,1,1,Semi Furnished,4.0,85,Available,OWN0176
PG02131,Modern PG,Gujarat,Gandhinagar,Sector 11,"371, Chowk, Sector 11, Gandhinagar",23.1474,72.6,10400,31000,Shared,Triple,Boys,1,1,1,1,1,1,1,1,Fully Furnished,3.2,245,Full,OWN0181
PG02132,Sunshine House,Gujarat,Gandhinagar,Koba,"367, Society, Koba, Gandhinagar",23.189,72.6814,6200,12500,Shared,Triple,Boys,1,0,0,1,0,1,1,1,Semi Furnished,3.6,113,Available,OWN0067
PG02133,Shree Living,Gujarat,Gandhinagar,Infocity,"171, Nagar, Infocity, Gandhinagar",23.1581,72.6587,12500,19000,Private,Double,Girls,1,1,1,1,0,1,1,1,Fully Furnished,4.2,99,Available,OWN0011
PG02134,Metro Living,Gujarat,Gandhinagar,Sector 16,"36, Colony, Sector 16, Gandhinagar",23.2053,72.6951,8900,9000,Shared,Double,Girls,0,1,0,1,0,1,1,1,Fully Furnished,4.3,311,Full,OWN0170
PG02135,Om Stay,Gujarat,Gandhinagar,Raisan,"168, Road, Raisan, Gandhinagar",23.2268,72.6242,6500,13000,Private,Double,Girls,0,1,1,1,1,1,1,1,Unfurnished,3.7,302,Available,OWN0016
PG02136,Om Retreat,Gujarat,Gandhinagar,Koba,"223, Road, Koba, Gandhinagar",23.1863,72.5964,13600,20500,Private,Single,Boys,1,0,0,1,0,0,1,0,Fully Furnished,3.2,208,Limited,OWN0189
PG02137,Blue Inn,Gujarat,Gandhinagar,Infocity,"163, Nagar, Infocity, Gandhinagar",23.1672,72.6822,6900,10500,Shared,Triple,Boys,0,0,1,1,1,0,1,1,Semi Furnished,4.5,428,Available,OWN0144
PG02138,Radha Home,Gujarat,Gandhinagar,Koba,"51, Nagar, Koba, Gandhinagar",23.2016,72.6619,6300,6500,Dormitory,Dormitory,Coed,0,1,1,1,1,1,0,1,Fully Furnished,3.8,408,Full,OWN0060
PG02139,Happy House,Gujarat,Gandhinagar,Raisan,"327, Society, Raisan, Gandhinagar",23.2151,72.6034,10500,16000,Private,Single,Boys,0,0,1,1,1,0,0,1,Unfurnished,4.1,231,Available,OWN0144
PG02140,Divine Comforts,Gujarat,Gandhinagar,Sector 11,"261, Chowk, Sector 11, Gandhinagar",23.2276,72.6983,9900,20000,Shared,Double,Girls,0,1,1,1,0,1,1,1,Fully Furnished,2.8,267,Full,OWN0133
PG02141,Om Inn,Gujarat,Gandhinagar,Raisan,"40, Chowk, Raisan, Gandhinagar",23.2433,72.623,11400,34000,Shared,Double,Boys,1,1,1,0,1,1,1,1,Fully Furnished,4.3,122,Available,OWN0160
PG02142,Om Heights,Gujarat,Gandhinagar,Sector 28,"157, Complex, Sector 28, Gandhinagar",23.2721,72.6585,9200,18500,Shared,Double,Girls,0,1,1,0,0,0,1,1,Fully Furnished,4.8,381,Available,OWN0113
PG02143,Blue Girls Hostel,Gujarat,Gandhinagar,Infocity,"106, Colony, Infocity, Gandhinagar",23.1598,72.6084,11100,16500,Private,Single,Boys,0,1,1,1,0,1,0,1,Fully Furnished,3.5,331,Available,OWN0188
PG02144,Sunshine Retreat,Gujarat,Gandhinagar,Sector 21,"45, Nagar, Sector 21, Gandhinagar",23.1628,72.5784,11800,35500,Private,Single,Girls,0,1,1,1,1,1,1,0,Semi Furnished,3.4,291,Available,OWN0081
PG02145,Nest Girls Hostel,Gujarat,Gandhinagar,Raisan,"50, Road, Raisan, Gandhinagar",23.2697,72.5933,8200,12500,Shared,Double,Girls,1,1,1,1,0,1,1,0,Semi Furnished,3.8,334,Limited,OWN0115
PG02146,City PG,Gujarat,Gandhinagar,Sector 28,"210, Road, Sector 28, Gandhinagar",23.1685,72.6053,10000,30000,Shared,Triple,Boys,1,1,1,1,0,1,1,1,Fully Furnished,4.5,94,Available,OWN0039
PG02147,Nirvana Stay,Gujarat,Gandhinagar,Sector 16,"359, Complex, Sector 16, Gandhinagar",23.2464,72.6402,13100,19500,Private,Single,Girls,0,1,1,0,0,1,1,1,Fully Furnished,4.1,339,Available,OWN0052
PG02148,Radha Residency,Gujarat,Gandhinagar,Infocity,"71, Marg, Infocity, Gandhinagar",23.188,72.5672,6900,14000,Dormitory,Dormitory,Girls,1,1,1,1,0,0,1,1,Semi Furnished,4.6,239,Available,OWN0068
PG02149,Ganesh Retreat,Gujarat,Gandhinagar,Sector 28,"42, Chowk, Sector 28, Gandhinagar",23.1784,72.6356,5600,8500,Shared,Triple,Coed,1,0,1,1,0,1,0,1,Unfurnished,4.1,279,Available,OWN0164
PG02150,City Villa,Gujarat,Gandhinagar,Raisan,"321, Road, Raisan, Gandhinagar",23.2047,72.6553,11700,17500,Private,Single,Boys,0,1,1,1,0,1,0,0,Semi Furnished,4.4,81,Available,OWN0127
PG02151,Golden Living,Gujarat,Gandhinagar,Sector 16,"133, Society, Sector 16, Gandhinagar",23.1831,72.6927,8800,13000,Shared,Double,Girls,0,0,1,1,0,0,1,0,Fully Furnished,4.3,103,Available,OWN0129
PG02152,Sai Boys Hostel,Maharashtra,Chhatrapati Sambhajinagar,Jalna Road,"62, Colony, Jalna Road, Chhatrapati Sambhajinagar",19.8176,75.3445,9200,18500,Private,Double,Boys,0,0,1,1,0,0,0,1,Fully Furnished,4.3,427,Available,OWN0115
PG02153,Elite Nivas,Maharashtra,Chhatrapati Sambhajinagar,Garkheda,"15, Nagar, Garkheda, Chhatrapati Sambhajinagar",19.9285,75.412,3100,9500,Dormitory,Dormitory,Coed,0,0,1,0,1,1,1,1,Fully Furnished,3.4,445,Limited,OWN0166
PG02154,Modern PG,Maharashtra,Chhatrapati Sambhajinagar,CIDCO,"225, Road, CIDCO, Chhatrapati Sambhajinagar",19.9247,75.2936,15200,30500,Private,Single,Boys,1,1,1,1,0,1,0,1,Fully Furnished,4.1,231,Full,OWN0024
PG02155,Ganesh Stay,Maharashtra,Chhatrapati Sambhajinagar,Jalna Road,"116, Lane, Jalna Road, Chhatrapati Sambhajinagar",19.8527,75.3044,12900,38500,Private,Single,Boys,0,0,1,0,0,0,1,1,Fully Furnished,4.5,318,Available,OWN0190
PG02156,Royal Villa,Maharashtra,Chhatrapati Sambhajinagar,Cidco N-5,"381, Nagar, Cidco N-5, Chhatrapati Sambhajinagar",19.8708,75.3618,13400,20000,Private,Single,Coed,0,1,1,1,0,1,1,1,Fully Furnished,2.9,248,Full,OWN0178
PG02157,Serene Heights,Maharashtra,Chhatrapati Sambhajinagar,CIDCO,"229, Chowk, CIDCO, Chhatrapati Sambhajinagar",19.8955,75.3199,7300,7500,Private,Double,Coed,0,1,1,1,0,0,1,1,Semi Furnished,4.5,256,Full,OWN0180
PG02158,Om Nivas,Maharashtra,Chhatrapati Sambhajinagar,Osmanpura,"266, Marg, Osmanpura, Chhatrapati Sambhajinagar",19.8135,75.2758,7200,7000,Private,Double,Coed,0,1,1,1,0,1,1,1,Semi Furnished,4.5,366,Available,OWN0176
PG02159,Nirvana PG,Maharashtra,Chhatrapati Sambhajinagar,CIDCO,"316, Lane, CIDCO, Chhatrapati Sambhajinagar",19.8139,75.3909,8100,16000,Shared,Double,Boys,1,1,1,1,0,1,0,1,Semi Furnished,4.0,268,Limited,OWN0188
PG02160,Royal Nivas,Maharashtra,Chhatrapati Sambhajinagar,Cidco N-5,"360, Chowk, Cidco N-5, Chhatrapati Sambhajinagar",19.8853,75.4118,7500,22500,Shared,Double,Girls,0,1,1,1,0,1,1,0,Semi Furnished,3.3,300,Available,OWN0010
PG02161,Sunshine Home,Maharashtra,Chhatrapati Sambhajinagar,Osmanpura,"142, Park, Osmanpura, Chhatrapati Sambhajinagar",19.9225,75.352,4300,13000,Dormitory,Dormitory,Coed,0,1,0,1,0,0,1,1,Fully Furnished,4.7,424,Available,OWN0071
PG02162,Serene Heights,Maharashtra,Chhatrapati Sambhajinagar,Cidco N-5,"280, Chowk, Cidco N-5, Chhatrapati Sambhajinagar",19.8177,75.2881,11800,17500,Private,Single,Girls,0,1,0,1,0,0,0,1,Fully Furnished,4.7,13,Available,OWN0165
PG02163,Nirvana Rooms,Maharashtra,Chhatrapati Sambhajinagar,Osmanpura,"249, Chowk, Osmanpura, Chhatrapati Sambhajinagar",19.8284,75.3695,6800,10000,Shared,Double,Girls,0,0,0,1,1,1,1,1,Semi Furnished,4.0,218,Available,OWN0194
PG02164,Nirvana House,Maharashtra,Chhatrapati Sambhajinagar,Jalna Road,"68, Colony, Jalna Road, Chhatrapati Sambhajinagar",19.8679,75.2886,8100,12000,Shared,Triple,Boys,1,0,1,1,0,0,1,0,Semi Furnished,3.4,336,Available,OWN0112
PG02165,Modern Nivas,Maharashtra,Chhatrapati Sambhajinagar,Cidco N-5,"49, Park, Cidco N-5, Chhatrapati Sambhajinagar",19.9035,75.3792,12000,12000,Private,Single,Girls,0,0,1,1,0,1,0,1,Unfurnished,3.0,11,Available,OWN0124
PG02166,Legacy Stay,Maharashtra,Chhatrapati Sambhajinagar,Osmanpura,"60, Marg, Osmanpura, Chhatrapati Sambhajinagar",19.9226,75.2952,8800,13000,Private,Double,Girls,1,1,1,1,0,1,1,1,Semi Furnished,3.2,137,Limited,OWN0095
PG02167,Urban Inn,Maharashtra,Chhatrapati Sambhajinagar,Jalna Road,"372, Road, Jalna Road, Chhatrapati Sambhajinagar",19.9138,75.401,3600,3500,Dormitory,Dormitory,Girls,0,0,1,1,0,0,0,1,Semi Furnished,3.7,205,Available,OWN0116
PG02168,New Comforts,Maharashtra,Chhatrapati Sambhajinagar,Cidco N-5,"65, Nagar, Cidco N-5, Chhatrapati Sambhajinagar",19.9015,75.3259,6200,6000,Private,Double,Girls,0,1,1,1,0,1,0,0,Semi Furnished,4.0,270,Full,OWN0127
PG02169,Happy Palace,Maharashtra,Chhatrapati Sambhajinagar,Cidco N-5,"91, Marg, Cidco N-5, Chhatrapati Sambhajinagar",19.9438,75.298,11600,23000,Private,Single,Coed,1,0,0,0,1,1,1,1,Unfurnished,4.5,381,Available,OWN0052
PG02170,Shree Girls Hostel,Maharashtra,Chhatrapati Sambhajinagar,Garkheda,"67, Marg, Garkheda, Chhatrapati Sambhajinagar",19.9273,75.314,9900,10000,Shared,Double,Girls,1,0,1,1,1,1,0,1,Fully Furnished,4.0,40,Available,OWN0129
PG02171,Elite Living,Maharashtra,Chhatrapati Sambhajinagar,CIDCO,"247, Park, CIDCO, Chhatrapati Sambhajinagar",19.8984,75.3336,7700,23000,Shared,Triple,Girls,1,0,1,1,0,0,1,0,Fully Furnished,4.8,354,Available,OWN0067
PG02172,Royal Living,Maharashtra,Chhatrapati Sambhajinagar,Cidco N-5,"378, Complex, Cidco N-5, Chhatrapati Sambhajinagar",19.906,75.3764,6700,13500,Shared,Double,Girls,0,1,1,1,0,0,0,1,Semi Furnished,2.9,211,Available,OWN0193
PG02173,Zenith PG,Maharashtra,Chhatrapati Sambhajinagar,Jalna Road,"356, Road, Jalna Road, Chhatrapati Sambhajinagar",19.8138,75.3964,10300,20500,Private,Double,Boys,1,1,1,1,0,1,0,1,Semi Furnished,2.9,94,Available,OWN0064
PG02174,Urban Rooms,Maharashtra,Chhatrapati Sambhajinagar,CIDCO,"392, Society, CIDCO, Chhatrapati Sambhajinagar",19.9404,75.2969,8000,24000,Private,Double,Girls,0,1,1,1,0,1,1,1,Fully Furnished,3.1,321,Available,OWN0171
PG02175,Modern PG,Maharashtra,Chhatrapati Sambhajinagar,Osmanpura,"289, Nagar, Osmanpura, Chhatrapati Sambhajinagar",19.9406,75.318,10700,16000,Private,Single,Girls,0,1,1,1,0,0,1,0,Fully Furnished,3.2,375,Available,OWN0100
PG02176,Legacy Home,Maharashtra,Chhatrapati Sambhajinagar,Jalna Road,"112, Park, Jalna Road, Chhatrapati Sambhajinagar",19.8158,75.3621,6500,6500,Shared,Triple,Boys,0,1,1,0,0,1,0,1,Fully Furnished,5.0,143,Available,OWN0033
PG02177,Golden Retreat,Maharashtra,Chhatrapati Sambhajinagar,Cidco N-5,"366, Park, Cidco N-5, Chhatrapati Sambhajinagar",19.811,75.292,8400,8500,Shared,Double,Coed,0,1,1,1,0,1,1,1,Fully Furnished,3.6,134,Available,OWN0009
PG02178,Happy Comforts,Maharashtra,Chhatrapati Sambhajinagar,Osmanpura,"118, Chowk, Osmanpura, Chhatrapati Sambhajinagar",19.9001,75.288,14100,28000,Private,Single,Boys,1,0,1,0,0,0,1,1,Semi Furnished,3.8,307,Full,OWN0027
PG02179,Sai Retreat,Maharashtra,Chhatrapati Sambhajinagar,Garkheda,"26, Marg, Garkheda, Chhatrapati Sambhajinagar",19.8812,75.3585,9200,27500,Shared,Triple,Girls,1,0,1,1,0,0,0,1,Fully Furnished,3.5,58,Available,OWN0193
PG02180,Legacy House,Maharashtra,Chhatrapati Sambhajinagar,Cidco N-5,"147, Road, Cidco N-5, Chhatrapati Sambhajinagar",19.9049,75.3005,8700,17500,Private,Double,Girls,0,0,1,1,0,0,1,1,Fully Furnished,4.4,287,Limited,OWN0172
PG02181,Vraj Inn,Maharashtra,Chhatrapati Sambhajinagar,Garkheda,"213, Road, Garkheda, Chhatrapati Sambhajinagar",19.9116,75.374,4800,9500,Dormitory,Dormitory,Coed,0,1,0,1,0,1,1,1,Unfurnished,4.6,201,Available,OWN0103
PG02182,Nest Palace,Maharashtra,Chhatrapati Sambhajinagar,Cidco N-5,"277, Nagar, Cidco N-5, Chhatrapati Sambhajinagar",19.9213,75.2909,4100,12500,Dormitory,Dormitory,Girls,1,1,1,1,1,0,0,0,Unfurnished,4.2,293,Limited,OWN0042
PG02183,Om Retreat,Maharashtra,Chhatrapati Sambhajinagar,Garkheda,"169, Marg, Garkheda, Chhatrapati Sambhajinagar",19.8357,75.3462,11400,17000,Shared,Double,Boys,1,1,1,1,0,1,1,1,Semi Furnished,4.4,418,Available,OWN0112
PG02184,Star Comforts,Maharashtra,Chhatrapati Sambhajinagar,Jalna Road,"256, Colony, Jalna Road, Chhatrapati Sambhajinagar",19.9345,75.3809,10000,30000,Private,Single,Boys,0,0,1,1,0,0,1,0,Fully Furnished,4.6,162,Limited,OWN0181
PG02185,Serene Boys Hostel,Maharashtra,Chhatrapati Sambhajinagar,Cidco N-5,"74, Colony, Cidco N-5, Chhatrapati Sambhajinagar",19.9035,75.3822,10700,16000,Private,Single,Coed,0,1,1,1,0,1,0,1,Fully Furnished,3.8,304,Full,OWN0041
PG02186,Serene House,Maharashtra,Chhatrapati Sambhajinagar,Osmanpura,"203, Park, Osmanpura, Chhatrapati Sambhajinagar",19.9333,75.3259,12100,12000,Private,Single,Boys,1,0,1,0,0,1,1,1,Unfurnished,4.0,156,Full,OWN0097
PG02187,Nest Heights,Maharashtra,Chhatrapati Sambhajinagar,Jalna Road,"250, Chowk, Jalna Road, Chhatrapati Sambhajinagar",19.8075,75.35,9000,9000,Shared,Double,Boys,1,1,1,1,0,1,1,1,Semi Furnished,4.6,331,Available,OWN0090
PG02188,Vraj Heights,Maharashtra,Chhatrapati Sambhajinagar,CIDCO,"195, Road, CIDCO, Chhatrapati Sambhajinagar",19.8848,75.3764,9000,27000,Shared,Double,Coed,1,0,1,0,0,1,1,1,Semi Furnished,3.3,189,Available,OWN0092
PG02189,Serene Villa,Maharashtra,Chhatrapati Sambhajinagar,CIDCO,"34, Complex, CIDCO, Chhatrapati Sambhajinagar",19.843,75.368,6200,12500,Shared,Triple,Boys,1,0,1,1,1,0,1,1,Semi Furnished,4.9,189,Limited,OWN0151
PG02190,Royal Comforts,Maharashtra,Chhatrapati Sambhajinagar,Cidco N-5,"161, Society, Cidco N-5, Chhatrapati Sambhajinagar",19.9141,75.2831,13300,13500,Private,Single,Girls,0,1,1,1,0,1,0,0,Fully Furnished,4.6,8,Available,OWN0105
PG02191,Om Nivas,Maharashtra,Chhatrapati Sambhajinagar,Cidco N-5,"182, Society, Cidco N-5, Chhatrapati Sambhajinagar",19.8175,75.399,9600,19000,Shared,Triple,Boys,1,1,1,1,0,1,1,1,Fully Furnished,4.6,150,Limited,OWN0118
PG02192,Happy Inn,Maharashtra,Chhatrapati Sambhajinagar,CIDCO,"196, Colony, CIDCO, Chhatrapati Sambhajinagar",19.8363,75.3758,6900,10500,Shared,Triple,Girls,0,1,1,1,0,0,1,1,Semi Furnished,4.9,328,Full,OWN0171
PG02193,Serene House,Maharashtra,Chhatrapati Sambhajinagar,Jalna Road,"187, Society, Jalna Road, Chhatrapati Sambhajinagar",19.8138,75.3384,9400,19000,Private,Double,Girls,0,1,1,1,0,0,1,1,Fully Furnished,3.3,124,Available,OWN0102
PG02194,Cozy Villa,Maharashtra,Chhatrapati Sambhajinagar,Garkheda,"173, Nagar, Garkheda, Chhatrapati Sambhajinagar",19.8658,75.3831,11300,11500,Private,Single,Girls,0,1,1,0,0,1,0,1,Fully Furnished,3.3,33,Limited,OWN0084
PG02195,Serene Retreat,Maharashtra,Chhatrapati Sambhajinagar,Jalna Road,"356, Society, Jalna Road, Chhatrapati Sambhajinagar",19.8148,75.3552,13600,20500,Private,Single,Girls,1,0,1,1,0,1,1,1,Semi Furnished,4.6,26,Limited,OWN0105
PG02196,Divine Nivas,Maharashtra,Chhatrapati Sambhajinagar,CIDCO,"207, Marg, CIDCO, Chhatrapati Sambhajinagar",19.847,75.347,12400,18500,Private,Double,Boys,1,0,1,1,0,1,1,1,Fully Furnished,3.9,179,Available,OWN0155
PG02197,Elite Inn,Maharashtra,Chhatrapati Sambhajinagar,Garkheda,"67, Park, Garkheda, Chhatrapati Sambhajinagar",19.9217,75.317,13100,26000,Private,Single,Girls,1,1,1,0,0,1,0,0,Semi Furnished,3.2,16,Limited,OWN0180
PG02198,Urban Retreat,Maharashtra,Chhatrapati Sambhajinagar,Garkheda,"234, Colony, Garkheda, Chhatrapati Sambhajinagar",19.8691,75.3042,13300,40000,Private,Single,Boys,1,1,0,1,0,0,0,1,Fully Furnished,3.2,157,Full,OWN0120
PG02199,Star Residency,Maharashtra,Chhatrapati Sambhajinagar,Osmanpura,"397, Park, Osmanpura, Chhatrapati Sambhajinagar",19.851,75.3484,6700,20000,Shared,Triple,Coed,0,1,0,1,0,0,1,0,Fully Furnished,3.3,19,Limited,OWN0183
PG02200,New Retreat,Maharashtra,Chhatrapati Sambhajinagar,Osmanpura,"271, Complex, Osmanpura, Chhatrapati Sambhajinagar",19.935,75.367,8400,8500,Shared,Triple,Girls,1,1,0,1,0,1,1,1,Fully Furnished,4.8,182,Full,OWN0091
PG02201,Nirvana Heights,Maharashtra,Chhatrapati Sambhajinagar,Jalna Road,"23, Colony, Jalna Road, Chhatrapati Sambhajinagar",19.9365,75.3862,8300,12500,Shared,Double,Girls,0,0,0,0,1,1,1,1,Fully Furnished,4.1,9,Limited,OWN0187
PG02202,Sai PG,Maharashtra,Chhatrapati Sambhajinagar,Garkheda,"329, Complex, Garkheda, Chhatrapati Sambhajinagar",19.8561,75.3301,7900,16000,Shared,Triple,Boys,1,1,0,1,1,0,0,1,Fully Furnished,4.5,442,Available,OWN0142
PG02203,City Palace,Maharashtra,Chhatrapati Sambhajinagar,Garkheda,"310, Road, Garkheda, Chhatrapati Sambhajinagar",19.9056,75.285,8500,13000,Shared,Double,Girls,1,0,1,0,0,1,1,1,Semi Furnished,3.3,23,Limited,OWN0052
PG02204,Modern Residency,Maharashtra,Chhatrapati Sambhajinagar,Jalna Road,"167, Park, Jalna Road, Chhatrapati Sambhajinagar",19.906,75.407,12400,37000,Private,Single,Girls,0,1,1,1,0,1,0,1,Fully Furnished,4.7,338,Available,OWN0138
PG02205,Legacy PG,Maharashtra,Chhatrapati Sambhajinagar,Osmanpura,"180, Nagar, Osmanpura, Chhatrapati Sambhajinagar",19.9018,75.3154,12900,26000,Private,Single,Boys,1,0,1,1,0,0,1,1,Fully Furnished,4.2,415,Available,OWN0088
PG02206,Metro Home,Maharashtra,Chhatrapati Sambhajinagar,Jalna Road,"231, Park, Jalna Road, Chhatrapati Sambhajinagar",19.8418,75.3972,8700,8500,Private,Double,Girls,0,1,1,1,1,1,1,0,Fully Furnished,4.5,430,Available,OWN0006
PG02207,New Comforts,Maharashtra,Chhatrapati Sambhajinagar,Osmanpura,"374, Chowk, Osmanpura, Chhatrapati Sambhajinagar",19.8995,75.3458,10700,21500,Private,Double,Boys,1,1,1,1,1,1,0,1,Fully Furnished,3.2,307,Available,OWN0187
PG02208,Silver Comforts,Maharashtra,Chhatrapati Sambhajinagar,Jalna Road,"180, Complex, Jalna Road, Chhatrapati Sambhajinagar",19.9059,75.3557,11500,11500,Private,Double,Boys,1,0,1,0,0,1,1,1,Fully Furnished,2.8,348,Available,OWN0043
PG02209,Ganesh Inn,Maharashtra,Chhatrapati Sambhajinagar,Jalna Road,"139, Society, Jalna Road, Chhatrapati Sambhajinagar",19.9198,75.3377,12300,18500,Private,Single,Girls,0,1,0,0,0,0,1,0,Semi Furnished,3.2,175,Limited,OWN0200
PG02210,Shree Home,Maharashtra,Chhatrapati Sambhajinagar,Garkheda,"95, Society, Garkheda, Chhatrapati Sambhajinagar",19.8688,75.3357,8000,12000,Shared,Double,Boys,0,1,1,0,0,1,0,0,Semi Furnished,3.2,408,Available,OWN0175
PG02211,City Residency,Maharashtra,Chhatrapati Sambhajinagar,Garkheda,"18, Road, Garkheda, Chhatrapati Sambhajinagar",19.8079,75.2943,4800,5000,Shared,Triple,Boys,0,1,1,0,0,1,1,0,Semi Furnished,4.5,69,Available,OWN0170
PG02212,Golden PG,Maharashtra,Chhatrapati Sambhajinagar,Osmanpura,"207, Park, Osmanpura, Chhatrapati Sambhajinagar",19.8644,75.3125,6400,13000,Shared,Triple,Coed,0,0,0,1,0,1,0,1,Semi Furnished,3.4,166,Limited,OWN0064
PG02213,Comfort Boys Hostel,Maharashtra,Chhatrapati Sambhajinagar,Garkheda,"255, Colony, Garkheda, Chhatrapati Sambhajinagar",19.8328,75.3928,10800,11000,Shared,Double,Girls,1,1,1,1,0,1,1,0,Fully Furnished,4.1,54,Available,OWN0188
PG02214,Radha Rooms,Maharashtra,Chhatrapati Sambhajinagar,CIDCO,"152, Colony, CIDCO, Chhatrapati Sambhajinagar",19.8701,75.3792,8200,12500,Shared,Triple,Girls,1,0,0,1,1,0,1,1,Fully Furnished,4.8,222,Available,OWN0164
PG02215,Comfort Home,Maharashtra,Chhatrapati Sambhajinagar,Jalna Road,"235, Chowk, Jalna Road, Chhatrapati Sambhajinagar",19.9187,75.3221,12000,18000,Private,Single,Boys,1,1,1,1,0,1,0,1,Semi Furnished,4.7,309,Limited,OWN0077
PG02216,Radha Residency,Maharashtra,Chhatrapati Sambhajinagar,Osmanpura,"176, Park, Osmanpura, Chhatrapati Sambhajinagar",19.8688,75.4106,7300,11000,Shared,Triple,Boys,1,0,1,1,0,1,1,1,Semi Furnished,3.9,81,Available,OWN0043
PG02217,Royal Living,Maharashtra,Chhatrapati Sambhajinagar,Cidco N-5,"330, Lane, Cidco N-5, Chhatrapati Sambhajinagar",19.9358,75.4071,6400,19000,Shared,Double,Girls,0,1,1,1,0,0,1,1,Semi Furnished,4.0,228,Limited,OWN0116
PG02218,Elite Home,Maharashtra,Chhatrapati Sambhajinagar,Garkheda,"235, Complex, Garkheda, Chhatrapati Sambhajinagar",19.8807,75.4099,9200,9000,Private,Double,Boys,1,1,1,0,0,0,1,1,Fully Furnished,3.6,373,Available,OWN0173
PG02219,Silver Home,Maharashtra,Chhatrapati Sambhajinagar,Osmanpura,"180, Road, Osmanpura, Chhatrapati Sambhajinagar",19.817,75.2823,5000,15000,Shared,Triple,Girls,0,1,1,0,0,0,1,1,Fully Furnished,3.5,156,Available,OWN0043
PG02220,Modern Retreat,Maharashtra,Chhatrapati Sambhajinagar,Garkheda,"257, Lane, Garkheda, Chhatrapati Sambhajinagar",19.8972,75.2775,11400,11500,Private,Single,Boys,0,1,1,1,1,1,1,1,Fully Furnished,4.8,82,Available,OWN0092
PG02221,Urban House,Maharashtra,Chhatrapati Sambhajinagar,Jalna Road,"92, Park, Jalna Road, Chhatrapati Sambhajinagar",19.9147,75.3052,10100,15000,Shared,Double,Girls,1,1,1,1,0,0,0,1,Semi Furnished,3.5,348,Available,OWN0100
PG02222,Elite Rooms,Maharashtra,Chhatrapati Sambhajinagar,Jalna Road,"114, Chowk, Jalna Road, Chhatrapati Sambhajinagar",19.8858,75.3434,3300,5000,Shared,Triple,Boys,0,1,1,1,0,0,0,1,Unfurnished,3.4,199,Available,OWN0155
PG02223,New Nivas,Maharashtra,Chhatrapati Sambhajinagar,Garkheda,"22, Park, Garkheda, Chhatrapati Sambhajinagar",19.8267,75.2933,7100,21500,Private,Double,Boys,0,1,1,1,0,1,0,1,Semi Furnished,3.2,322,Available,OWN0128
PG02224,Vraj Nivas,Maharashtra,Chhatrapati Sambhajinagar,Jalna Road,"23, Nagar, Jalna Road, Chhatrapati Sambhajinagar",19.8858,75.309,9800,29500,Private,Double,Girls,1,1,1,1,0,1,0,1,Semi Furnished,3.8,406,Available,OWN0155
PG02225,Golden Villa,Maharashtra,Chhatrapati Sambhajinagar,Jalna Road,"158, Colony, Jalna Road, Chhatrapati Sambhajinagar",19.9135,75.3851,10100,10000,Shared,Double,Boys,1,1,1,1,1,0,1,1,Unfurnished,4.2,374,Available,OWN0165
PG02226,Elite PG,Maharashtra,Chhatrapati Sambhajinagar,Jalna Road,"202, Marg, Jalna Road, Chhatrapati Sambhajinagar",19.8342,75.3764,10900,32500,Private,Single,Girls,0,1,1,0,1,1,1,1,Fully Furnished,3.5,172,Available,OWN0112
PG02227,Golden Boys Hostel,Maharashtra,Chhatrapati Sambhajinagar,Osmanpura,"384, Lane, Osmanpura, Chhatrapati Sambhajinagar",19.8609,75.4098,7300,11000,Shared,Double,Boys,0,0,1,0,0,1,1,1,Fully Furnished,4.8,159,Limited,OWN0115
PG02228,Metro PG,Maharashtra,Chhatrapati Sambhajinagar,Cidco N-5,"256, Nagar, Cidco N-5, Chhatrapati Sambhajinagar",19.9344,75.2863,8600,13000,Private,Double,Girls,0,1,0,1,0,1,0,1,Fully Furnished,4.2,17,Available,OWN0054
PG02229,Happy Living,Maharashtra,Chhatrapati Sambhajinagar,Osmanpura,"165, Colony, Osmanpura, Chhatrapati Sambhajinagar",19.9297,75.3732,7600,23000,Shared,Triple,Boys,0,1,1,1,0,1,1,1,Fully Furnished,4.1,388,Available,OWN0062
PG02230,Blue Villa,Maharashtra,Chhatrapati Sambhajinagar,Cidco N-5,"396, Park, Cidco N-5, Chhatrapati Sambhajinagar",19.8847,75.2856,8900,18000,Shared,Double,Girls,1,1,1,1,0,1,0,0,Unfurnished,4.4,36,Available,OWN0173
PG02231,Serene Living,Maharashtra,Chhatrapati Sambhajinagar,Osmanpura,"187, Park, Osmanpura, Chhatrapati Sambhajinagar",19.8184,75.367,9600,14500,Private,Single,Girls,0,1,1,1,0,0,0,0,Semi Furnished,2.9,322,Available,OWN0130
PG02232,Metro PG,Gujarat,Anand,Grid Road,"330, Society, Grid Road, Anand",22.5004,72.9858,10000,15000,Private,Single,Coed,0,1,1,1,0,0,0,1,Unfurnished,4.6,51,Limited,OWN0195
PG02233,Silver Heights,Gujarat,Anand,Grid Road,"4, Marg, Grid Road, Anand",22.627,72.8874,8700,13000,Shared,Triple,Boys,1,1,1,1,0,0,1,1,Fully Furnished,3.3,71,Available,OWN0164
PG02234,Serene Residency,Gujarat,Anand,Anand-Vidyanagar Road,"309, Complex, Anand-Vidyanagar Road, Anand",22.5469,72.9867,8800,13000,Shared,Double,Boys,0,0,1,1,0,0,1,1,Fully Furnished,5.0,159,Available,OWN0012
PG02235,Comfort Boys Hostel,Gujarat,Anand,Grid Road,"105, Complex, Grid Road, Anand",22.5023,72.9116,11200,33500,Private,Double,Boys,1,1,1,1,0,0,1,1,Semi Furnished,4.3,293,Full,OWN0033
PG02236,Vraj Rooms,Gujarat,Anand,Vallabh Vidyanagar,"394, Colony, Vallabh Vidyanagar, Anand",22.5459,72.9582,6700,13500,Shared,Double,Coed,0,0,1,1,0,0,1,1,Fully Furnished,3.0,250,Available,OWN0042
PG02237,Royal Retreat,Gujarat,Anand,Grid Road,"78, Marg, Grid Road, Anand",22.5664,72.9968,5800,6000,Private,Double,Coed,0,1,1,1,1,1,1,1,Semi Furnished,4.8,69,Limited,OWN0195
PG02238,Om PG,Gujarat,Anand,Grid Road,"12, Marg, Grid Road, Anand",22.6105,72.9371,6200,9500,Shared,Triple,Coed,1,1,0,1,0,1,1,1,Semi Furnished,4.3,42,Available,OWN0123
PG02239,Happy Home,Gujarat,Anand,Sardar Gunj,"73, Lane, Sardar Gunj, Anand",22.6101,72.9034,8800,13000,Private,Double,Girls,0,1,1,1,0,0,1,0,Semi Furnished,3.2,206,Full,OWN0068
PG02240,Radha Heights,Gujarat,Anand,Vallabh Vidyanagar,"160, Lane, Vallabh Vidyanagar, Anand",22.5423,72.8981,8500,17000,Shared,Triple,Girls,1,0,1,1,0,0,0,1,Fully Furnished,4.4,105,Full,OWN0015
PG02241,Blue Home,Gujarat,Anand,Grid Road,"112, Nagar, Grid Road, Anand",22.5878,72.9768,10300,20500,Shared,Double,Girls,1,1,1,1,0,1,1,1,Semi Furnished,4.1,296,Limited,OWN0197
PG02242,New Stay,Gujarat,Anand,Grid Road,"227, Lane, Grid Road, Anand",22.5278,72.8683,11200,11000,Shared,Double,Girls,1,0,1,1,0,0,1,1,Fully Furnished,3.6,283,Limited,OWN0194
PG02243,Blue Villa,Gujarat,Anand,Sardar Gunj,"231, Chowk, Sardar Gunj, Anand",22.5036,72.9791,8100,8000,Dormitory,Dormitory,Girls,1,1,1,1,0,1,1,1,Fully Furnished,4.4,306,Full,OWN0058
PG02244,Happy Home,Gujarat,Anand,Grid Road,"231, Colony, Grid Road, Anand",22.6048,72.9711,9500,14000,Shared,Double,Boys,1,0,1,0,0,1,1,0,Semi Furnished,3.0,189,Available,OWN0195
PG02245,Cozy House,Gujarat,Anand,Anand-Vidyanagar Road,"165, Lane, Anand-Vidyanagar Road, Anand",22.5087,72.9964,11900,24000,Private,Double,Boys,1,1,1,1,0,0,1,1,Fully Furnished,4.7,47,Available,OWN0088
PG02246,Zenith Residency,Gujarat,Anand,Vallabh Vidyanagar,"95, Society, Vallabh Vidyanagar, Anand",22.573,72.9923,8000,12000,Private,Double,Boys,0,0,1,1,1,1,1,1,Semi Furnished,4.6,164,Available,OWN0163
PG02247,Nest Villa,Gujarat,Anand,Grid Road,"273, Marg, Grid Road, Anand",22.5361,72.9132,8900,13500,Private,Double,Coed,0,1,0,1,0,0,0,1,Fully Furnished,2.8,193,Limited,OWN0094
PG02248,Happy Comforts,Gujarat,Anand,Sardar Gunj,"182, Lane, Sardar Gunj, Anand",22.5977,72.8912,8900,13500,Private,Double,Girls,0,1,1,0,0,0,1,1,Fully Furnished,3.0,139,Limited,OWN0003
PG02249,Comfort Home,Gujarat,Anand,Anand-Vidyanagar Road,"117, Nagar, Anand-Vidyanagar Road, Anand",22.5016,72.8738,10500,16000,Shared,Double,Boys,1,1,1,1,0,1,1,1,Fully Furnished,3.4,161,Limited,OWN0074
PG02250,Divine Retreat,Gujarat,Anand,Anand-Vidyanagar Road,"110, Road, Anand-Vidyanagar Road, Anand",22.6242,72.9893,5300,16000,Shared,Triple,Coed,0,1,1,0,0,1,1,1,Fully Furnished,4.2,302,Full,OWN0176
PG02251,Om Stay,Gujarat,Anand,Vallabh Vidyanagar,"74, Colony, Vallabh Vidyanagar, Anand",22.5116,72.9122,9700,14500,Private,Double,Boys,1,0,1,1,0,0,0,1,Fully Furnished,3.2,119,Limited,OWN0193
PG02252,Om Residency,Gujarat,Anand,Anand-Vidyanagar Road,"160, Road, Anand-Vidyanagar Road, Anand",22.528,72.9823,7100,7000,Shared,Triple,Boys,1,1,1,1,0,0,1,1,Fully Furnished,3.9,336,Available,OWN0138
PG02253,Blue Retreat,Gujarat,Anand,Vallabh Vidyanagar,"383, Complex, Vallabh Vidyanagar, Anand",22.5299,72.9512,9800,10000,Shared,Double,Girls,0,0,1,1,0,1,1,0,Fully Furnished,4.4,428,Full,OWN0076
PG02254,Sai Villa,Gujarat,Anand,Vallabh Vidyanagar,"37, Road, Vallabh Vidyanagar, Anand",22.6302,72.8722,8700,8500,Private,Double,Girls,0,1,1,0,0,1,0,1,Fully Furnished,4.8,63,Full,OWN0166
PG02255,Ganesh House,Gujarat,Anand,Grid Road,"341, Complex, Grid Road, Anand",22.6337,72.8668,7400,15000,Shared,Triple,Girls,1,1,0,0,0,1,1,1,Fully Furnished,3.0,5,Available,OWN0047
PG02256,Silver Retreat,Gujarat,Anand,Sardar Gunj,"337, Colony, Sardar Gunj, Anand",22.533,72.9165,11600,17500,Shared,Double,Coed,1,1,1,1,0,0,1,0,Fully Furnished,3.9,97,Available,OWN0101
PG02257,Divine Nivas,Gujarat,Anand,Anand-Vidyanagar Road,"31, Nagar, Anand-Vidyanagar Road, Anand",22.5796,72.9049,13500,27000,Private,Single,Boys,0,0,0,1,1,1,1,1,Fully Furnished,3.8,354,Available,OWN0052
PG02258,Radha Nivas,Gujarat,Anand,Sardar Gunj,"117, Chowk, Sardar Gunj, Anand",22.6269,72.8728,15700,47000,Private,Single,Boys,1,0,1,0,0,0,0,1,Fully Furnished,3.4,417,Limited,OWN0051
PG02259,Golden Retreat,Gujarat,Anand,Grid Road,"200, Society, Grid Road, Anand",22.6065,72.9628,7200,7000,Private,Double,Boys,0,0,0,1,0,0,0,1,Fully Furnished,4.1,216,Available,OWN0057
PG02260,Nirvana Villa,Gujarat,Anand,Anand-Vidyanagar Road,"62, Colony, Anand-Vidyanagar Road, Anand",22.5854,72.9869,4100,12500,Dormitory,Dormitory,Girls,0,1,1,1,1,1,1,1,Unfurnished,4.1,238,Available,OWN0179
PG02261,Elite House,Gujarat,Anand,Sardar Gunj,"205, Society, Sardar Gunj, Anand",22.6054,72.8972,10000,10000,Shared,Double,Girls,1,1,1,1,0,1,1,1,Semi Furnished,3.8,256,Limited,OWN0171
PG02262,Cozy Girls Hostel,Gujarat,Anand,Grid Road,"114, Society, Grid Road, Anand",22.5049,72.9294,11400,34000,Shared,Double,Girls,1,1,0,1,0,1,0,0,Fully Furnished,3.3,158,Limited,OWN0106
PG02263,Nirvana Home,Gujarat,Anand,Grid Road,"19, Road, Grid Road, Anand",22.5573,72.9536,7600,7500,Shared,Double,Girls,0,1,0,0,1,0,0,0,Semi Furnished,4.0,298,Full,OWN0034
PG02264,Legacy Boys Hostel,Gujarat,Anand,Sardar Gunj,"119, Park, Sardar Gunj, Anand",22.597,72.9275,11300,22500,Shared,Double,Girls,1,0,1,1,1,0,1,1,Fully Furnished,3.1,105,Full,OWN0060
PG02265,Royal Palace,Gujarat,Anand,Vallabh Vidyanagar,"236, Chowk, Vallabh Vidyanagar, Anand",22.6227,72.97,7900,12000,Shared,Double,Girls,0,1,1,1,0,0,0,1,Fully Furnished,3.6,366,Available,OWN0110
PG02266,Divine Rooms,Gujarat,Anand,Grid Road,"283, Nagar, Grid Road, Anand",22.5129,72.9881,14000,42000,Private,Single,Coed,1,1,1,1,0,1,1,1,Fully Furnished,5.0,439,Available,OWN0128
PG02267,Vraj PG,Gujarat,Anand,Vallabh Vidyanagar,"279, Marg, Vallabh Vidyanagar, Anand",22.5227,72.9645,9900,20000,Private,Double,Boys,0,1,1,0,1,1,1,1,Fully Furnished,3.2,112,Limited,OWN0146
PG02268,Divine House,Gujarat,Anand,Grid Road,"14, Chowk, Grid Road, Anand",22.5365,72.8805,8300,8500,Shared,Double,Girls,0,1,1,1,0,1,1,1,Fully Furnished,4.3,214,Available,OWN0126
PG02269,Metro Heights,Gujarat,Anand,Anand-Vidyanagar Road,"372, Nagar, Anand-Vidyanagar Road, Anand",22.4985,72.87,8800,13000,Private,Double,Girls,1,1,1,1,1,0,0,1,Semi Furnished,3.1,180,Available,OWN0037
PG02270,Comfort Living,Gujarat,Anand,Vallabh Vidyanagar,"52, Society, Vallabh Vidyanagar, Anand",22.6334,72.995,4800,7000,Shared,Triple,Boys,0,1,0,1,0,0,1,1,Fully Furnished,4.1,211,Available,OWN0090
PG02271,Shree Retreat,Gujarat,Anand,Anand-Vidyanagar Road,"50, Colony, Anand-Vidyanagar Road, Anand",22.6032,72.9036,8900,26500,Shared,Double,Girls,0,0,1,1,0,1,1,1,Fully Furnished,3.1,378,Limited,OWN0050
PG02272,Vraj PG,Gujarat,Anand,Vallabh Vidyanagar,"6, Park, Vallabh Vidyanagar, Anand",22.5087,72.892,8400,12500,Private,Double,Coed,0,1,1,1,0,1,1,1,Fully Furnished,3.3,436,Available,OWN0016
PG02273,Vraj Residency,Gujarat,Anand,Grid Road,"254, Complex, Grid Road, Anand",22.5865,72.8902,6000,18000,Private,Double,Girls,0,0,1,1,0,1,1,1,Semi Furnished,4.6,252,Limited,OWN0010
PG02274,Star Nivas,Gujarat,Anand,Grid Road,"171, Complex, Grid Road, Anand",22.5951,72.9299,6200,9500,Shared,Triple,Boys,0,0,0,1,0,1,1,0,Semi Furnished,3.3,268,Available,OWN0008
PG02275,Serene Comforts,Gujarat,Anand,Grid Road,"342, Lane, Grid Road, Anand",22.5176,72.986,6800,7000,Shared,Triple,Girls,0,1,1,1,0,0,0,0,Semi Furnished,4.8,361,Full,OWN0142
PG02276,Krishna Boys Hostel,Gujarat,Anand,Sardar Gunj,"90, Lane, Sardar Gunj, Anand",22.6259,72.8952,9600,19000,Shared,Double,Girls,1,1,1,0,0,1,1,0,Fully Furnished,3.0,326,Available,OWN0086
PG02277,Serene House,Gujarat,Anand,Sardar Gunj,"98, Complex, Sardar Gunj, Anand",22.5194,72.8906,10500,10500,Private,Double,Girls,1,0,1,1,0,1,1,1,Semi Furnished,4.5,201,Available,OWN0070
PG02278,Cozy House,Gujarat,Anand,Vallabh Vidyanagar,"80, Colony, Vallabh Vidyanagar, Anand",22.5239,72.8667,9800,19500,Shared,Triple,Girls,1,1,1,1,0,1,0,1,Fully Furnished,4.8,287,Full,OWN0193
PG02279,Elite PG,Gujarat,Anand,Anand-Vidyanagar Road,"23, Society, Anand-Vidyanagar Road, Anand",22.5147,72.966,7900,23500,Private,Double,Boys,0,0,1,1,0,0,1,1,Fully Furnished,3.2,145,Available,OWN0036
PG02280,Blue Heights,Gujarat,Anand,Grid Road,"315, Colony, Grid Road, Anand",22.5889,72.9983,9600,19000,Shared,Triple,Boys,1,1,1,1,0,0,1,1,Fully Furnished,4.0,230,Limited,OWN0200
PG02281,City Boys Hostel,Gujarat,Anand,Grid Road,"382, Complex, Grid Road, Anand",22.5132,72.9765,2700,8000,Dormitory,Dormitory,Coed,0,0,0,0,1,1,1,0,Semi Furnished,4.7,176,Available,OWN0101
PG02282,Metro Retreat,Gujarat,Anand,Sardar Gunj,"315, Colony, Sardar Gunj, Anand",22.6001,72.8884,11600,35000,Private,Single,Girls,0,1,1,1,1,1,1,1,Fully Furnished,3.5,432,Available,OWN0091
PG02283,Nirvana Retreat,Gujarat,Anand,Vallabh Vidyanagar,"166, Road, Vallabh Vidyanagar, Anand",22.5702,72.9829,9900,20000,Shared,Double,Boys,1,1,1,1,0,0,1,1,Semi Furnished,4.5,437,Available,OWN0010
PG02284,Nirvana Boys Hostel,Gujarat,Anand,Anand-Vidyanagar Road,"297, Nagar, Anand-Vidyanagar Road, Anand",22.5745,72.9101,10900,11000,Private,Double,Girls,1,0,1,1,1,1,0,1,Fully Furnished,3.5,15,Available,OWN0149
PG02285,Star PG,Gujarat,Anand,Anand-Vidyanagar Road,"199, Colony, Anand-Vidyanagar Road, Anand",22.5573,72.9073,9700,14500,Shared,Double,Boys,0,1,1,0,0,1,1,1,Fully Furnished,4.3,271,Limited,OWN0131
PG02286,New Home,Gujarat,Anand,Grid Road,"156, Complex, Grid Road, Anand",22.5536,72.927,9100,18000,Private,Single,Boys,0,1,1,0,0,0,1,0,Semi Furnished,4.5,362,Available,OWN0174
PG02287,Radha Palace,Gujarat,Anand,Vallabh Vidyanagar,"2, Colony, Vallabh Vidyanagar, Anand",22.5088,72.9835,4100,8000,Shared,Triple,Boys,0,1,1,1,0,0,1,1,Semi Furnished,2.9,330,Available,OWN0173
PG02288,Happy Living,Gujarat,Anand,Grid Road,"156, Nagar, Grid Road, Anand",22.5089,72.8694,5000,5000,Shared,Triple,Coed,0,0,1,1,0,1,1,1,Fully Furnished,3.4,47,Full,OWN0136
PG02289,Legacy Girls Hostel,Gujarat,Anand,Sardar Gunj,"220, Colony, Sardar Gunj, Anand",22.5559,72.9126,14600,14500,Private,Single,Boys,1,0,1,1,0,1,0,1,Semi Furnished,4.3,246,Full,OWN0009
PG02290,New Living,Gujarat,Anand,Vallabh Vidyanagar,"195, Complex, Vallabh Vidyanagar, Anand",22.6244,72.9246,6400,19000,Dormitory,Dormitory,Girls,0,1,1,0,1,0,1,1,Fully Furnished,3.4,175,Limited,OWN0131
PG02291,Golden Villa,Gujarat,Anand,Anand-Vidyanagar Road,"397, Road, Anand-Vidyanagar Road, Anand",22.583,72.9463,5600,8500,Shared,Triple,Coed,0,0,1,1,0,0,1,1,Semi Furnished,4.1,337,Available,OWN0060
PG02292,Vraj Home,Gujarat,Bhavnagar,Ghogha Circle,"202, Complex, Ghogha Circle, Bhavnagar",21.7669,72.1778,8300,12500,Shared,Triple,Boys,1,0,1,1,0,1,1,1,Semi Furnished,3.6,443,Full,OWN0189
PG02293,Star Comforts,Gujarat,Bhavnagar,Waghawadi Road,"114, Marg, Waghawadi Road, Bhavnagar",21.789,72.0918,7500,22500,Shared,Double,Boys,0,1,1,1,0,1,1,1,Fully Furnished,3.5,84,Available,OWN0102
PG02294,Silver Boys Hostel,Gujarat,Bhavnagar,Waghawadi Road,"153, Lane, Waghawadi Road, Bhavnagar",21.6982,72.1826,10600,16000,Private,Double,Girls,1,1,1,0,0,0,1,1,Semi Furnished,3.8,249,Available,OWN0185
PG02295,Om Nivas,Gujarat,Bhavnagar,Ghogha Circle,"373, Colony, Ghogha Circle, Bhavnagar",21.822,72.1079,7900,12000,Shared,Double,Coed,1,1,1,1,0,0,1,1,Unfurnished,3.7,59,Available,OWN0183
PG02296,Ganesh Living,Gujarat,Bhavnagar,Sardarnagar,"338, Marg, Sardarnagar, Bhavnagar",21.7048,72.1255,6700,13500,Shared,Triple,Girls,1,0,1,0,0,1,1,1,Semi Furnished,4.5,206,Available,OWN0069
PG02297,Happy Boys Hostel,Gujarat,Bhavnagar,Waghawadi Road,"82, Road, Waghawadi Road, Bhavnagar",21.7589,72.2138,7700,11500,Private,Double,Girls,0,0,1,1,0,1,0,1,Fully Furnished,3.9,378,Available,OWN0108
PG02298,Ganesh Nivas,Gujarat,Bhavnagar,Kaliyabid,"4, Complex, Kaliyabid, Bhavnagar",21.7533,72.1633,2700,8000,Dormitory,Dormitory,Coed,0,1,1,1,0,1,1,1,Semi Furnished,4.0,174,Full,OWN0177
PG02299,Star Retreat,Gujarat,Bhavnagar,Ghogha Circle,"151, Lane, Ghogha Circle, Bhavnagar",21.7457,72.2123,10200,10000,Private,Single,Boys,0,1,1,1,0,0,1,1,Semi Furnished,2.9,428,Available,OWN0023
PG02300,City Boys Hostel,Gujarat,Bhavnagar,Waghawadi Road,"330, Park, Waghawadi Road, Bhavnagar",21.8015,72.0837,7000,14000,Shared,Double,Girls,0,1,1,1,0,1,0,1,Fully Furnished,4.6,33,Available,OWN0028
PG02301,Legacy Boys Hostel,Gujarat,Bhavnagar,Sardarnagar,"207, Nagar, Sardarnagar, Bhavnagar",21.717,72.1574,9000,9000,Shared,Double,Girls,0,1,1,1,0,1,0,1,Fully Furnished,4.9,192,Full,OWN0173
PG02302,Radha Palace,Gujarat,Bhavnagar,Ghogha Circle,"380, Complex, Ghogha Circle, Bhavnagar",21.7387,72.16,9800,29500,Private,Double,Boys,0,0,1,1,0,1,1,1,Fully Furnished,4.0,402,Available,OWN0088
PG02303,Sai Palace,Gujarat,Bhavnagar,Sardarnagar,"56, Chowk, Sardarnagar, Bhavnagar",21.8252,72.1378,3800,5500,Shared,Triple,Coed,0,1,1,1,0,0,1,1,Semi Furnished,4.3,323,Available,OWN0025
PG02304,City Nivas,Gujarat,Bhavnagar,Kaliyabid,"117, Nagar, Kaliyabid, Bhavnagar",21.7578,72.2108,9300,18500,Shared,Double,Girls,0,0,1,0,0,1,0,0,Fully Furnished,3.7,195,Limited,OWN0040
PG02305,Om Living,Gujarat,Bhavnagar,Waghawadi Road,"191, Park, Waghawadi Road, Bhavnagar",21.7385,72.1634,5600,17000,Shared,Triple,Boys,0,1,1,0,0,1,1,1,Fully Furnished,4.8,186,Full,OWN0189
PG02306,Star Palace,Gujarat,Bhavnagar,Sardarnagar,"176, Park, Sardarnagar, Bhavnagar",21.7949,72.1628,6600,20000,Shared,Triple,Girls,0,1,1,1,1,0,1,0,Semi Furnished,3.3,51,Available,OWN0162
PG02307,New Nivas,Gujarat,Bhavnagar,Kaliyabid,"106, Colony, Kaliyabid, Bhavnagar",21.7496,72.1468,6500,6500,Shared,Triple,Girls,0,0,1,1,0,0,1,0,Fully Furnished,5.0,299,Full,OWN0159
PG02308,New Inn,Gujarat,Bhavnagar,Sardarnagar,"59, Complex, Sardarnagar, Bhavnagar",21.807,72.1261,7700,23000,Dormitory,Dormitory,Girls,1,1,1,1,1,1,1,1,Fully Furnished,4.8,88,Limited,OWN0117
PG02309,Star Rooms,Gujarat,Bhavnagar,Ghogha Circle,"92, Park, Ghogha Circle, Bhavnagar",21.8236,72.2184,9600,29000,Private,Double,Girls,1,1,1,0,0,0,1,1,Semi Furnished,3.8,194,Full,OWN0150
PG02310,Zenith Living,Gujarat,Bhavnagar,Waghawadi Road,"371, Colony, Waghawadi Road, Bhavnagar",21.8073,72.084,10200,10000,Private,Single,Coed,0,0,1,1,1,0,1,1,Semi Furnished,3.7,360,Limited,OWN0089
PG02311,Legacy Retreat,Gujarat,Bhavnagar,Ghogha Circle,"103, Nagar, Ghogha Circle, Bhavnagar",21.6989,72.1278,6000,18000,Shared,Triple,Girls,0,1,1,0,0,0,1,1,Semi Furnished,4.2,161,Limited,OWN0077
PG02312,Elite Residency,Gujarat,Bhavnagar,Kaliyabid,"43, Marg, Kaliyabid, Bhavnagar",21.7867,72.0823,6000,18000,Dormitory,Dormitory,Coed,1,1,1,1,0,1,0,1,Semi Furnished,4.2,19,Full,OWN0184
PG02313,Nirvana Nivas,Gujarat,Bhavnagar,Waghawadi Road,"313, Park, Waghawadi Road, Bhavnagar",21.7143,72.0932,13900,14000,Private,Single,Boys,1,1,1,1,0,0,1,1,Semi Furnished,3.7,217,Available,OWN0176
PG02314,Blue Stay,Gujarat,Bhavnagar,Waghawadi Road,"217, Park, Waghawadi Road, Bhavnagar",21.7928,72.1053,6100,18500,Dormitory,Dormitory,Coed,0,1,1,1,1,1,0,1,Fully Furnished,4.6,313,Available,OWN0125
PG02315,Vraj Palace,Gujarat,Bhavnagar,Ghogha Circle,"356, Road, Ghogha Circle, Bhavnagar",21.75,72.1879,5900,17500,Dormitory,Dormitory,Girls,1,1,1,1,0,0,0,1,Fully Furnished,4.6,197,Available,OWN0099
PG02316,Blue Boys Hostel,Gujarat,Bhavnagar,Waghawadi Road,"96, Complex, Waghawadi Road, Bhavnagar",21.7257,72.2202,13700,13500,Private,Single,Girls,1,0,0,1,0,1,0,1,Fully Furnished,4.9,240,Available,OWN0172
PG02317,Urban Residency,Gujarat,Bhavnagar,Sardarnagar,"356, Chowk, Sardarnagar, Bhavnagar",21.7867,72.184,12300,12500,Shared,Double,Coed,1,1,1,1,0,0,0,1,Fully Furnished,3.4,404,Full,OWN0023
PG02318,Nest Residency,Gujarat,Bhavnagar,Kaliyabid,"396, Chowk, Kaliyabid, Bhavnagar",21.7169,72.1137,11400,23000,Private,Double,Coed,1,1,0,1,1,1,0,1,Semi Furnished,3.1,54,Full,OWN0146
PG02319,Nirvana Rooms,Gujarat,Bhavnagar,Kaliyabid,"82, Society, Kaliyabid, Bhavnagar",21.7315,72.1068,7200,21500,Shared,Triple,Girls,1,0,1,0,0,0,1,1,Fully Furnished,4.6,363,Limited,OWN0139
PG02320,Serene PG,Gujarat,Bhavnagar,Sardarnagar,"384, Marg, Sardarnagar, Bhavnagar",21.718,72.1944,12700,12500,Private,Single,Boys,1,1,1,1,0,1,1,1,Fully Furnished,4.0,63,Limited,OWN0116
PG02321,Modern Nivas,Gujarat,Bhavnagar,Waghawadi Road,"57, Lane, Waghawadi Road, Bhavnagar",21.7421,72.2165,9700,14500,Shared,Triple,Coed,1,1,0,0,0,1,1,1,Fully Furnished,3.5,18,Available,OWN0048
PG02322,Blue Rooms,Gujarat,Bhavnagar,Sardarnagar,"308, Nagar, Sardarnagar, Bhavnagar",21.7925,72.1811,6800,7000,Shared,Double,Coed,0,1,1,0,0,1,1,1,Semi Furnished,3.6,358,Available,OWN0128
PG02323,Elite Villa,Gujarat,Bhavnagar,Waghawadi Road,"375, Road, Waghawadi Road, Bhavnagar",21.7056,72.1919,14400,21500,Private,Single,Boys,1,1,1,1,0,0,1,1,Semi Furnished,4.0,430,Full,OWN0018
PG02324,Nirvana Stay,Gujarat,Bhavnagar,Kaliyabid,"47, Complex, Kaliyabid, Bhavnagar",21.7935,72.1542,15700,15500,Private,Single,Girls,1,1,1,1,0,0,1,0,Fully Furnished,3.5,441,Available,OWN0121
PG02325,Modern Home,Gujarat,Bhavnagar,Sardarnagar,"380, Nagar, Sardarnagar, Bhavnagar",21.6965,72.2133,10400,10500,Shared,Triple,Girls,1,0,0,1,0,1,0,1,Fully Furnished,3.2,273,Available,OWN0079
PG02326,Golden Heights,Gujarat,Bhavnagar,Waghawadi Road,"367, Colony, Waghawadi Road, Bhavnagar",21.7823,72.1185,8300,16500,Shared,Triple,Girls,1,1,1,0,0,1,1,1,Semi Furnished,4.5,37,Available,OWN0135
PG02327,Zenith Heights,Gujarat,Bhavnagar,Ghogha Circle,"228, Complex, Ghogha Circle, Bhavnagar",21.834,72.2068,8000,24000,Shared,Triple,Girls,1,1,1,0,0,1,1,0,Semi Furnished,4.3,427,Limited,OWN0065
PG02328,Cozy Nivas,Gujarat,Bhavnagar,Sardarnagar,"256, Chowk, Sardarnagar, Bhavnagar",21.7276,72.1535,6200,6000,Dormitory,Dormitory,Boys,0,1,1,1,0,1,0,1,Fully Furnished,4.5,82,Available,OWN0156
PG02329,Silver Living,Gujarat,Bhavnagar,Sardarnagar,"216, Lane, Sardarnagar, Bhavnagar",21.7071,72.1603,9300,14000,Private,Double,Girls,1,1,1,1,0,0,0,1,Semi Furnished,3.3,17,Available,OWN0109
PG02330,Cozy Home,Gujarat,Bhavnagar,Waghawadi Road,"59, Colony, Waghawadi Road, Bhavnagar",21.786,72.1913,8700,17500,Dormitory,Dormitory,Coed,1,0,1,0,0,0,1,1,Fully Furnished,4.6,254,Full,OWN0177
PG02331,New Nivas,Gujarat,Bhavnagar,Waghawadi Road,"181, Lane, Waghawadi Road, Bhavnagar",21.7421,72.1735,7300,22000,Shared,Double,Girls,0,1,1,0,0,1,0,0,Fully Furnished,4.4,195,Full,OWN0051
PG02332,Golden Rooms,Gujarat,Bhavnagar,Ghogha Circle,"142, Park, Ghogha Circle, Bhavnagar",21.7739,72.131,7200,7000,Private,Double,Girls,0,1,1,0,0,1,1,1,Semi Furnished,3.9,285,Limited,OWN0037
PG02333,Cozy Heights,Gujarat,Bhavnagar,Sardarnagar,"378, Park, Sardarnagar, Bhavnagar",21.7959,72.1415,9000,18000,Private,Double,Boys,1,1,0,1,1,1,1,1,Semi Furnished,4.3,436,Available,OWN0107
PG02334,Modern Living,Gujarat,Bhavnagar,Sardarnagar,"77, Chowk, Sardarnagar, Bhavnagar",21.7248,72.154,10700,10500,Private,Single,Boys,0,1,1,1,0,1,1,1,Fully Furnished,4.8,23,Limited,OWN0091
PG02335,Zenith Retreat,Gujarat,Bhavnagar,Sardarnagar,"230, Society, Sardarnagar, Bhavnagar",21.7877,72.1571,9500,28500,Shared,Triple,Girls,1,0,1,1,0,0,0,0,Semi Furnished,4.3,35,Limited,OWN0152
PG02336,Legacy Residency,Gujarat,Bhavnagar,Kaliyabid,"185, Complex, Kaliyabid, Bhavnagar",21.7662,72.1254,9600,19000,Private,Double,Coed,1,1,1,1,0,1,0,1,Fully Furnished,3.6,443,Full,OWN0058
PG02337,Sai Girls Hostel,Gujarat,Bhavnagar,Ghogha Circle,"340, Nagar, Ghogha Circle, Bhavnagar",21.8281,72.2046,10200,10000,Private,Single,Coed,0,1,1,1,0,1,0,1,Fully Furnished,4.6,170,Available,OWN0040
PG02338,Serene Home,Gujarat,Bhavnagar,Sardarnagar,"181, Marg, Sardarnagar, Bhavnagar",21.7068,72.1463,4400,9000,Shared,Triple,Girls,0,1,1,0,1,1,1,0,Unfurnished,4.4,106,Available,OWN0165
PG02339,Nirvana Comforts,Gujarat,Bhavnagar,Sardarnagar,"167, Marg, Sardarnagar, Bhavnagar",21.7163,72.1273,13100,19500,Private,Single,Coed,0,1,1,1,0,1,1,1,Fully Furnished,3.4,338,Available,OWN0064
PG02340,Royal Villa,Gujarat,Bhavnagar,Waghawadi Road,"325, Marg, Waghawadi Road, Bhavnagar",21.8075,72.1944,10100,20000,Shared,Double,Girls,1,1,1,1,0,1,1,1,Fully Furnished,3.7,218,Limited,OWN0116
PG02341,Om Residency,Gujarat,Bhavnagar,Waghawadi Road,"324, Road, Waghawadi Road, Bhavnagar",21.8019,72.1149,7000,14000,Shared,Double,Girls,0,1,1,1,0,1,0,1,Fully Furnished,3.8,212,Available,OWN0015
PG02342,Vraj Home,Gujarat,Jamnagar,Bedi Bandar Road,"295, Complex, Bedi Bandar Road, Jamnagar",22.4912,70.041,9100,27500,Shared,Triple,Girls,1,1,1,0,0,0,1,1,Fully Furnished,3.5,8,Available,OWN0099
PG02343,Silver Comforts,Gujarat,Jamnagar,Digvijay Plot,"306, Chowk, Digvijay Plot, Jamnagar",22.5275,70.0919,3100,4500,Dormitory,Dormitory,Girls,0,1,1,0,1,1,1,0,Semi Furnished,4.1,155,Available,OWN0023
PG02344,Happy Nivas,Gujarat,Jamnagar,Digvijay Plot,"221, Society, Digvijay Plot, Jamnagar",22.4838,70.1011,15500,15500,Private,Single,Boys,1,1,1,1,0,1,1,0,Fully Furnished,4.3,285,Limited,OWN0119
PG02345,City Nivas,Gujarat,Jamnagar,Bedi Bandar Road,"109, Road, Bedi Bandar Road, Jamnagar",22.4162,70.0878,7200,14500,Dormitory,Dormitory,Boys,1,0,1,1,0,1,1,1,Fully Furnished,3.3,448,Full,OWN0094
PG02346,Shree Retreat,Gujarat,Jamnagar,Patel Colony,"127, Chowk, Patel Colony, Jamnagar",22.446,70.0909,9300,28000,Shared,Double,Boys,1,1,1,1,0,1,0,1,Unfurnished,4.4,223,Full,OWN0167
PG02347,Vraj Living,Gujarat,Jamnagar,Pandit Nehru Marg,"378, Society, Pandit Nehru Marg, Jamnagar",22.4515,70.1009,10000,15000,Shared,Triple,Girls,1,1,1,1,1,1,1,1,Fully Furnished,4.1,271,Available,OWN0070
PG02348,Happy Retreat,Gujarat,Jamnagar,Digvijay Plot,"362, Society, Digvijay Plot, Jamnagar",22.5364,70.0721,7600,15000,Private,Double,Boys,0,1,1,1,1,1,0,1,Fully Furnished,3.0,274,Available,OWN0079
PG02349,Sunshine House,Gujarat,Jamnagar,Pandit Nehru Marg,"186, Chowk, Pandit Nehru Marg, Jamnagar",22.4374,70.0564,5900,12000,Private,Double,Boys,0,1,1,1,0,1,1,1,Semi Furnished,3.6,390,Available,OWN0011
PG02350,Radha Home,Gujarat,Jamnagar,Digvijay Plot,"203, Chowk, Digvijay Plot, Jamnagar",22.427,70.0306,9900,10000,Shared,Double,Girls,0,1,0,1,1,1,1,1,Fully Furnished,3.4,177,Limited,OWN0050
PG02351,Sunshine Stay,Gujarat,Jamnagar,Bedi Bandar Road,"99, Complex, Bedi Bandar Road, Jamnagar",22.4848,70.0755,8400,8500,Shared,Double,Girls,0,0,1,1,0,1,1,1,Unfurnished,4.8,233,Limited,OWN0144
PG02352,Cozy Boys Hostel,Gujarat,Jamnagar,Pandit Nehru Marg,"283, Colony, Pandit Nehru Marg, Jamnagar",22.5291,70.0848,8400,12500,Private,Double,Coed,0,1,0,0,0,1,1,1,Fully Furnished,3.9,408,Available,OWN0192
PG02353,Royal Comforts,Gujarat,Jamnagar,Pandit Nehru Marg,"28, Chowk, Pandit Nehru Marg, Jamnagar",22.4434,70.1271,9900,10000,Private,Double,Coed,0,1,1,1,0,1,1,1,Fully Furnished,3.0,177,Limited,OWN0171
PG02354,Modern Living,Gujarat,Jamnagar,Digvijay Plot,"293, Park, Digvijay Plot, Jamnagar",22.4221,69.9902,14300,28500,Private,Single,Boys,1,0,1,1,0,0,1,0,Fully Furnished,4.3,191,Available,OWN0089
PG02355,Zenith Palace,Gujarat,Jamnagar,Pandit Nehru Marg,"361, Colony, Pandit Nehru Marg, Jamnagar",22.5195,70.1172,6900,7000,Dormitory,Dormitory,Boys,1,0,1,1,0,1,0,0,Semi Furnished,2.8,25,Available,OWN0046
PG02356,Silver Heights,Gujarat,Jamnagar,Bedi Bandar Road,"104, Chowk, Bedi Bandar Road, Jamnagar",22.4926,70.0544,7800,11500,Shared,Triple,Coed,1,1,1,1,1,1,1,1,Fully Furnished,5.0,214,Available,OWN0058
PG02357,Om PG,Gujarat,Jamnagar,Patel Colony,"132, Lane, Patel Colony, Jamnagar",22.5194,70.0642,9300,28000,Shared,Double,Boys,0,0,0,1,1,0,1,1,Fully Furnished,4.9,73,Available,OWN0150
PG02358,New Nivas,Gujarat,Jamnagar,Digvijay Plot,"279, Colony, Digvijay Plot, Jamnagar",22.4421,70.0033,9700,9500,Private,Double,Girls,1,1,1,0,0,0,0,1,Unfurnished,4.3,152,Full,OWN0122
PG02359,Star Girls Hostel,Gujarat,Jamnagar,Pandit Nehru Marg,"246, Complex, Pandit Nehru Marg, Jamnagar",22.4618,70.076,7300,22000,Shared,Triple,Girls,0,1,1,1,0,0,1,1,Fully Furnished,4.7,162,Available,OWN0090
PG02360,Happy House,Gujarat,Jamnagar,Digvijay Plot,"123, Lane, Digvijay Plot, Jamnagar",22.4281,69.9941,7700,11500,Dormitory,Dormitory,Girls,1,0,1,1,1,1,1,1,Fully Furnished,3.4,161,Full,OWN0100
PG02361,Nirvana Living,Gujarat,Jamnagar,Patel Colony,"197, Road, Patel Colony, Jamnagar",22.468,70.0674,11600,23000,Shared,Double,Boys,1,1,1,1,1,1,0,1,Fully Furnished,4.9,277,Available,OWN0051
PG02362,Nirvana Girls Hostel,Gujarat,Jamnagar,Bedi Bandar Road,"197, Nagar, Bedi Bandar Road, Jamnagar",22.4719,70.0651,14100,21000,Private,Single,Boys,1,1,1,1,1,1,1,1,Fully Furnished,3.0,210,Available,OWN0027
PG02363,Blue Palace,Gujarat,Jamnagar,Pandit Nehru Marg,"388, Lane, Pandit Nehru Marg, Jamnagar",22.517,70.0266,9400,19000,Private,Double,Boys,0,1,1,0,0,1,1,1,Fully Furnished,4.7,67,Full,OWN0114
PG02364,New PG,Gujarat,Jamnagar,Patel Colony,"3, Complex, Patel Colony, Jamnagar",22.4576,70.0854,8700,8500,Private,Double,Boys,0,1,1,1,1,1,0,0,Fully Furnished,4.5,79,Limited,OWN0100
PG02365,Elite Palace,Gujarat,Jamnagar,Digvijay Plot,"394, Lane, Digvijay Plot, Jamnagar",22.4615,70.1124,7200,7000,Shared,Double,Boys,0,0,0,1,0,0,0,1,Fully Furnished,4.0,366,Limited,OWN0021
PG02366,Vraj Living,Gujarat,Jamnagar,Bedi Bandar Road,"51, Marg, Bedi Bandar Road, Jamnagar",22.4934,70.0972,12600,38000,Private,Single,Boys,1,1,1,0,0,0,0,1,Unfurnished,4.3,361,Limited,OWN0010
PG02367,Nest Girls Hostel,Gujarat,Jamnagar,Bedi Bandar Road,"169, Complex, Bedi Bandar Road, Jamnagar",22.4324,70.0024,8200,24500,Shared,Double,Coed,0,1,1,1,0,1,1,1,Fully Furnished,4.7,226,Available,OWN0173
PG02368,Sai Nivas,Gujarat,Jamnagar,Bedi Bandar Road,"280, Marg, Bedi Bandar Road, Jamnagar",22.4469,70.0901,8800,17500,Shared,Double,Boys,0,0,1,1,0,0,0,1,Semi Furnished,4.9,47,Limited,OWN0005
PG02369,Modern Retreat,Gujarat,Jamnagar,Bedi Bandar Road,"46, Complex, Bedi Bandar Road, Jamnagar",22.4768,70.0774,7100,21500,Private,Double,Coed,0,1,1,1,0,1,1,0,Semi Furnished,4.2,361,Full,OWN0147
PG02370,Vraj Home,Gujarat,Jamnagar,Digvijay Plot,"72, Lane, Digvijay Plot, Jamnagar",22.4138,70.0971,7700,15500,Private,Double,Coed,0,1,1,0,0,0,1,0,Semi Furnished,3.8,28,Available,OWN0141
PG02371,Krishna Palace,Gujarat,Jamnagar,Digvijay Plot,"321, Society, Digvijay Plot, Jamnagar",22.4243,70.0256,6900,7000,Shared,Double,Boys,0,1,0,1,0,1,1,0,Semi Furnished,3.4,298,Available,OWN0179
PG02372,City Girls Hostel,Gujarat,Jamnagar,Patel Colony,"74, Society, Patel Colony, Jamnagar",22.4218,70.097,6300,6500,Shared,Triple,Boys,0,1,1,1,0,1,0,1,Semi Furnished,3.8,242,Available,OWN0071
PG02373,Krishna Nivas,Gujarat,Jamnagar,Pandit Nehru Marg,"110, Nagar, Pandit Nehru Marg, Jamnagar",22.4344,70.033,7400,7500,Private,Double,Boys,0,1,1,1,0,1,0,1,Fully Furnished,4.7,31,Available,OWN0149
PG02374,Om Villa,Gujarat,Jamnagar,Bedi Bandar Road,"299, Road, Bedi Bandar Road, Jamnagar",22.4197,70.0885,7100,10500,Shared,Double,Girls,0,0,1,1,0,1,1,0,Fully Furnished,5.0,301,Available,OWN0125
PG02375,New House,Gujarat,Jamnagar,Pandit Nehru Marg,"244, Nagar, Pandit Nehru Marg, Jamnagar",22.5213,70.0319,9000,27000,Private,Double,Girls,0,1,1,0,1,1,0,1,Semi Furnished,4.2,140,Limited,OWN0010
PG02376,City Retreat,Gujarat,Jamnagar,Patel Colony,"398, Road, Patel Colony, Jamnagar",22.4213,69.9911,8200,12500,Shared,Double,Boys,0,0,0,1,0,1,0,1,Semi Furnished,4.7,174,Limited,OWN0079
PG02377,Happy Villa,Gujarat,Jamnagar,Digvijay Plot,"253, Chowk, Digvijay Plot, Jamnagar",22.4967,70.0716,7600,11500,Shared,Triple,Girls,0,1,0,1,0,0,1,1,Fully Furnished,3.2,409,Available,OWN0066
PG02378,Blue Retreat,Gujarat,Jamnagar,Patel Colony,"5, Road, Patel Colony, Jamnagar",22.4578,70.1221,9500,19000,Private,Double,Boys,1,0,1,0,0,1,0,1,Fully Furnished,2.9,40,Available,OWN0010
PG02379,Sunshine Comforts,Gujarat,Jamnagar,Pandit Nehru Marg,"361, Complex, Pandit Nehru Marg, Jamnagar",22.5174,70.0024,11000,33000,Shared,Double,Girls,1,1,1,0,0,0,1,1,Fully Furnished,3.2,14,Available,OWN0098
PG02380,Serene Living,Gujarat,Jamnagar,Patel Colony,"35, Nagar, Patel Colony, Jamnagar",22.5292,70.006,10400,10500,Private,Single,Girls,0,0,1,1,0,1,1,1,Semi Furnished,4.4,256,Available,OWN0071
PG02381,Nirvana Villa,Gujarat,Jamnagar,Bedi Bandar Road,"252, Lane, Bedi Bandar Road, Jamnagar",22.4103,70.1083,10300,31000,Shared,Double,Girls,1,1,1,1,0,1,1,1,Semi Furnished,3.2,362,Available,OWN0161
PG02382,Silver Villa,Maharashtra,Kolhapur,Rajarampuri,"47, Complex, Rajarampuri, Kolhapur",16.674,74.2382,8500,13000,Shared,Double,Coed,0,1,1,1,0,1,1,1,Fully Furnished,3.8,440,Limited,OWN0187
PG02383,Elite Living,Maharashtra,Kolhapur,Kawala Naka,"251, Nagar, Kawala Naka, Kolhapur",16.6933,74.2993,11200,22500,Shared,Double,Boys,1,1,1,0,0,0,1,1,Semi Furnished,4.6,139,Available,OWN0057
PG02384,Nirvana Inn,Maharashtra,Kolhapur,Kawala Naka,"220, Road, Kawala Naka, Kolhapur",16.6922,74.2285,10500,21000,Shared,Double,Girls,1,1,1,1,0,1,0,1,Semi Furnished,4.1,166,Full,OWN0118
PG02385,Sai Comforts,Maharashtra,Kolhapur,Kawala Naka,"194, Park, Kawala Naka, Kolhapur",16.7044,74.2288,5700,11500,Private,Double,Coed,0,1,1,1,0,0,0,0,Unfurnished,4.5,87,Available,OWN0180
PG02386,City Inn,Maharashtra,Kolhapur,Kawala Naka,"103, Society, Kawala Naka, Kolhapur",16.7571,74.213,8400,8500,Dormitory,Dormitory,Girls,1,1,1,1,0,1,0,1,Fully Furnished,4.5,292,Available,OWN0094
PG02387,New Living,Maharashtra,Kolhapur,Rajarampuri,"205, Nagar, Rajarampuri, Kolhapur",16.6802,74.2666,9200,18500,Shared,Double,Girls,1,1,1,1,0,0,1,1,Fully Furnished,2.9,307,Available,OWN0169
PG02388,Shree Comforts,Maharashtra,Kolhapur,Tarabai Park,"191, Complex, Tarabai Park, Kolhapur",16.6643,74.2335,10700,10500,Private,Single,Girls,0,1,0,1,0,0,1,1,Fully Furnished,3.1,392,Limited,OWN0025
PG02389,Shree Inn,Maharashtra,Kolhapur,Kawala Naka,"295, Chowk, Kawala Naka, Kolhapur",16.7149,74.1975,9500,9500,Private,Double,Boys,1,1,1,1,1,1,1,1,Fully Furnished,4.3,82,Limited,OWN0052
PG02390,Radha Palace,Maharashtra,Kolhapur,Tarabai Park,"147, Road, Tarabai Park, Kolhapur",16.7715,74.2707,4000,12000,Shared,Triple,Girls,0,1,1,1,0,1,0,1,Unfurnished,4.0,96,Available,OWN0031
PG02391,Golden Nivas,Maharashtra,Kolhapur,Shivaji University Road,"8, Society, Shivaji University Road, Kolhapur",16.6521,74.2026,7300,7500,Shared,Triple,Boys,0,1,1,1,0,1,1,1,Fully Furnished,4.9,444,Available,OWN0051
PG02392,Metro Boys Hostel,Maharashtra,Kolhapur,Kawala Naka,"195, Park, Kawala Naka, Kolhapur",16.6529,74.258,6300,19000,Dormitory,Dormitory,Coed,0,0,1,1,0,0,1,1,Fully Furnished,4.4,361,Available,OWN0088
PG02393,Comfort Living,Maharashtra,Kolhapur,Kawala Naka,"132, Colony, Kawala Naka, Kolhapur",16.6871,74.26,12000,36000,Private,Single,Boys,1,1,1,1,0,1,0,0,Unfurnished,3.6,261,Available,OWN0001
PG02394,Urban Inn,Maharashtra,Kolhapur,Shivaji University Road,"198, Chowk, Shivaji University Road, Kolhapur",16.7099,74.2204,12100,24000,Private,Single,Girls,0,0,0,0,1,1,0,1,Fully Furnished,2.8,420,Available,OWN0180
PG02395,Om Villa,Maharashtra,Kolhapur,Rajarampuri,"290, Road, Rajarampuri, Kolhapur",16.7688,74.2675,11900,35500,Private,Single,Boys,0,1,0,1,0,1,1,1,Fully Furnished,3.5,255,Available,OWN0172
PG02396,Sunshine Palace,Maharashtra,Kolhapur,Rajarampuri,"148, Lane, Rajarampuri, Kolhapur",16.7537,74.2235,8400,17000,Shared,Double,Coed,1,1,0,0,0,0,1,1,Semi Furnished,4.7,193,Limited,OWN0195
PG02397,Happy Living,Maharashtra,Kolhapur,Shivaji University Road,"28, Society, Shivaji University Road, Kolhapur",16.7127,74.2384,12000,24000,Private,Double,Coed,1,1,1,1,0,0,1,1,Fully Furnished,4.8,123,Full,OWN0199
PG02398,Radha Living,Maharashtra,Kolhapur,Rajarampuri,"111, Lane, Rajarampuri, Kolhapur",16.7177,74.2045,5600,17000,Shared,Triple,Boys,0,0,1,1,0,1,1,1,Unfurnished,3.4,409,Available,OWN0093
PG02399,Metro Home,Maharashtra,Kolhapur,Shivaji University Road,"99, Complex, Shivaji University Road, Kolhapur",16.7259,74.2907,10400,21000,Shared,Triple,Boys,1,1,1,1,0,0,1,1,Fully Furnished,3.9,71,Available,OWN0032
PG02400,Comfort Palace,Maharashtra,Kolhapur,Kawala Naka,"325, Complex, Kawala Naka, Kolhapur",16.7223,74.2555,14300,43000,Private,Single,Boys,1,1,1,1,0,0,0,1,Semi Furnished,4.5,5,Available,OWN0051
PG02401,Urban Boys Hostel,Maharashtra,Kolhapur,Rajarampuri,"57, Colony, Rajarampuri, Kolhapur",16.7259,74.2227,7600,7500,Shared,Double,Girls,0,1,0,1,0,1,0,0,Fully Furnished,4.9,282,Full,OWN0156
PG02402,Royal Rooms,Maharashtra,Kolhapur,Kawala Naka,"56, Colony, Kawala Naka, Kolhapur",16.7614,74.2785,5600,5500,Shared,Triple,Girls,0,0,1,1,0,1,1,1,Fully Furnished,4.4,103,Full,OWN0196
PG02403,Zenith Rooms,Maharashtra,Kolhapur,Rajarampuri,"186, Nagar, Rajarampuri, Kolhapur",16.6878,74.2446,13500,27000,Private,Single,Boys,0,0,0,1,0,0,0,1,Fully Furnished,3.0,411,Full,OWN0175
PG02404,Zenith Rooms,Maharashtra,Kolhapur,Shivaji University Road,"360, Road, Shivaji University Road, Kolhapur",16.6874,74.2103,6800,10000,Private,Double,Boys,0,1,1,0,0,0,0,0,Semi Furnished,4.1,318,Available,OWN0009
PG02405,Krishna Living,Maharashtra,Kolhapur,Tarabai Park,"182, Marg, Tarabai Park, Kolhapur",16.7482,74.3012,11100,33500,Shared,Double,Boys,1,1,0,1,0,1,0,1,Fully Furnished,3.8,132,Limited,OWN0174
PG02406,Ganesh Home,Maharashtra,Kolhapur,Tarabai Park,"324, Park, Tarabai Park, Kolhapur",16.7395,74.1938,11300,11500,Private,Single,Girls,0,0,1,0,0,1,1,1,Semi Furnished,3.7,216,Available,OWN0090
PG02407,Zenith Nivas,Maharashtra,Kolhapur,Shivaji University Road,"139, Marg, Shivaji University Road, Kolhapur",16.7385,74.202,9400,28000,Private,Double,Boys,0,1,1,0,0,0,1,1,Fully Furnished,3.5,262,Available,OWN0006
PG02408,Golden Palace,Maharashtra,Kolhapur,Kawala Naka,"273, Marg, Kawala Naka, Kolhapur",16.6919,74.2498,11300,17000,Private,Double,Boys,1,1,1,1,1,0,1,1,Semi Furnished,4.6,235,Available,OWN0061
PG02409,Serene Nivas,Maharashtra,Kolhapur,Kawala Naka,"45, Road, Kawala Naka, Kolhapur",16.729,74.2703,10000,15000,Private,Double,Boys,0,1,1,1,0,0,1,0,Fully Furnished,4.3,122,Limited,OWN0108
PG02410,Royal Retreat,Maharashtra,Kolhapur,Rajarampuri,"169, Chowk, Rajarampuri, Kolhapur",16.6605,74.2965,8100,16000,Shared,Double,Coed,0,1,1,1,0,1,0,0,Unfurnished,3.2,43,Limited,OWN0164
PG02411,Zenith Heights,Maharashtra,Kolhapur,Kawala Naka,"181, Society, Kawala Naka, Kolhapur",16.6556,74.2791,5200,15500,Shared,Triple,Boys,0,0,1,1,0,0,0,0,Semi Furnished,3.6,244,Available,OWN0144
PG02412,Radha Home,Maharashtra,Kolhapur,Rajarampuri,"220, Nagar, Rajarampuri, Kolhapur",16.7651,74.2737,8100,8000,Private,Double,Boys,1,1,1,1,0,0,0,1,Semi Furnished,3.4,269,Full,OWN0194
PG02413,Shree Stay,Maharashtra,Kolhapur,Tarabai Park,"52, Colony, Tarabai Park, Kolhapur",16.6616,74.1938,9400,28000,Private,Single,Boys,0,1,1,1,1,0,1,0,Semi Furnished,4.4,294,Available,OWN0099
PG02414,Legacy Stay,Maharashtra,Kolhapur,Kawala Naka,"168, Society, Kawala Naka, Kolhapur",16.701,74.2485,4500,4500,Shared,Triple,Girls,0,1,1,1,0,0,1,1,Semi Furnished,4.9,441,Available,OWN0021
PG02415,Om Girls Hostel,Maharashtra,Kolhapur,Kawala Naka,"170, Complex, Kawala Naka, Kolhapur",16.6603,74.2618,7500,15000,Shared,Triple,Coed,0,0,1,1,0,1,0,1,Fully Furnished,3.4,338,Limited,OWN0189
PG02416,Nirvana Stay,Maharashtra,Kolhapur,Tarabai Park,"30, Colony, Tarabai Park, Kolhapur",16.7493,74.2397,5400,16000,Shared,Triple,Girls,0,0,1,0,0,1,1,1,Fully Furnished,4.6,39,Available,OWN0019
PG02417,Metro Stay,Maharashtra,Kolhapur,Rajarampuri,"243, Marg, Rajarampuri, Kolhapur",16.6427,74.1888,11600,11500,Private,Single,Girls,0,1,1,1,0,1,0,1,Fully Furnished,4.9,360,Available,OWN0175
PG02418,Serene Palace,Maharashtra,Kolhapur,Kawala Naka,"4, Road, Kawala Naka, Kolhapur",16.6857,74.2694,6500,6500,Shared,Triple,Boys,0,1,1,1,0,1,1,1,Semi Furnished,4.0,267,Available,OWN0134
PG02419,Zenith Girls Hostel,Maharashtra,Kolhapur,Shivaji University Road,"153, Complex, Shivaji University Road, Kolhapur",16.6782,74.2374,13500,13500,Private,Single,Boys,1,0,1,1,0,1,0,1,Fully Furnished,4.4,374,Full,OWN0052
PG02420,Ganesh Girls Hostel,Maharashtra,Kolhapur,Tarabai Park,"365, Complex, Tarabai Park, Kolhapur",16.7177,74.3106,6100,9000,Shared,Double,Girls,0,1,1,0,0,1,0,1,Unfurnished,3.3,283,Available,OWN0178
PG02421,Urban Palace,Maharashtra,Kolhapur,Kawala Naka,"321, Road, Kawala Naka, Kolhapur",16.7154,74.1788,5400,8000,Private,Double,Coed,0,0,1,1,0,0,0,1,Unfurnished,3.0,388,Limited,OWN0113
PG02422,Cozy Residency,Gujarat,Mehsana,Highway Road,"166, Chowk, Highway Road, Mehsana",23.6549,72.405,9900,20000,Shared,Triple,Coed,1,1,1,1,0,1,0,1,Fully Furnished,4.1,200,Available,OWN0125
PG02423,Sunshine Nivas,Gujarat,Mehsana,Radhanpur Road,"110, Colony, Radhanpur Road, Mehsana",23.6475,72.3593,11200,17000,Private,Double,Boys,1,1,1,0,0,1,1,1,Fully Furnished,3.9,140,Available,OWN0145
PG02424,Zenith Comforts,Gujarat,Mehsana,Radhanpur Road,"88, Park, Radhanpur Road, Mehsana",23.6059,72.4334,8600,13000,Private,Double,Girls,0,1,0,1,0,1,0,0,Semi Furnished,3.0,44,Limited,OWN0190
PG02425,Star Residency,Gujarat,Mehsana,Radhanpur Road,"143, Road, Radhanpur Road, Mehsana",23.5477,72.397,10100,20000,Private,Single,Boys,0,0,1,0,0,1,1,1,Semi Furnished,5.0,54,Available,OWN0056
PG02426,Sai Boys Hostel,Gujarat,Mehsana,Radhanpur Road,"394, Road, Radhanpur Road, Mehsana",23.6481,72.3982,11400,11500,Private,Single,Boys,0,1,1,1,0,1,0,1,Semi Furnished,3.6,350,Limited,OWN0007
PG02427,Blue Retreat,Gujarat,Mehsana,Modhera Road,"215, Nagar, Modhera Road, Mehsana",23.6354,72.4314,11600,35000,Shared,Double,Girls,1,0,1,1,1,1,1,1,Fully Furnished,4.7,79,Available,OWN0154
PG02428,New Boys Hostel,Gujarat,Mehsana,Highway Road,"228, Lane, Highway Road, Mehsana",23.569,72.3741,8400,8500,Shared,Triple,Coed,1,1,1,1,0,1,1,1,Fully Furnished,3.8,259,Limited,OWN0150
PG02429,Royal Villa,Gujarat,Mehsana,Radhanpur Road,"226, Complex, Radhanpur Road, Mehsana",23.6307,72.4637,9100,9000,Private,Double,Boys,1,1,1,1,0,0,0,0,Fully Furnished,4.5,135,Available,OWN0081
PG02430,Ganesh Palace,Gujarat,Mehsana,Highway Road,"127, Lane, Highway Road, Mehsana",23.5488,72.3757,7200,21500,Private,Double,Boys,0,1,1,1,0,0,0,0,Unfurnished,4.0,347,Available,OWN0192
PG02431,City Stay,Gujarat,Mehsana,Modhera Road,"4, Chowk, Modhera Road, Mehsana",23.6079,72.4634,7800,8000,Dormitory,Dormitory,Girls,1,0,1,0,0,1,1,1,Semi Furnished,4.1,385,Available,OWN0018
PG02432,Serene PG,Gujarat,Mehsana,Highway Road,"367, Society, Highway Road, Mehsana",23.6103,72.4059,8100,12000,Private,Double,Coed,0,1,1,1,1,1,1,1,Fully Furnished,3.6,43,Available,OWN0017
PG02433,Sunshine Boys Hostel,Gujarat,Mehsana,Highway Road,"50, Marg, Highway Road, Mehsana",23.665,72.4247,10200,30500,Private,Single,Boys,0,1,1,1,0,1,0,1,Fully Furnished,2.9,125,Limited,OWN0130
PG02434,Ganesh Inn,Gujarat,Mehsana,Modhera Road,"237, Lane, Modhera Road, Mehsana",23.5955,72.4657,8700,26000,Private,Double,Girls,1,1,1,1,0,0,1,0,Semi Furnished,3.4,158,Limited,OWN0050
PG02435,Happy Comforts,Gujarat,Mehsana,Radhanpur Road,"375, Chowk, Radhanpur Road, Mehsana",23.5805,72.43,8100,12000,Private,Double,Boys,0,1,1,1,0,0,0,1,Semi Furnished,3.1,166,Available,OWN0111
PG02436,Golden PG,Gujarat,Mehsana,Radhanpur Road,"377, Lane, Radhanpur Road, Mehsana",23.6599,72.3599,10500,10500,Private,Single,Girls,0,1,1,1,0,1,0,1,Semi Furnished,3.9,385,Full,OWN0055
PG02437,Cozy Inn,Gujarat,Mehsana,Modhera Road,"372, Society, Modhera Road, Mehsana",23.6336,72.3513,8600,8500,Shared,Double,Boys,0,0,1,1,1,1,1,0,Fully Furnished,3.2,417,Limited,OWN0022
PG02438,Zenith Girls Hostel,Gujarat,Mehsana,Modhera Road,"11, Society, Modhera Road, Mehsana",23.5325,72.4361,3800,11500,Dormitory,Dormitory,Boys,0,1,1,1,1,1,1,1,Unfurnished,3.2,282,Available,OWN0095
PG02439,Metro Home,Gujarat,Mehsana,Modhera Road,"186, Marg, Modhera Road, Mehsana",23.6035,72.4383,6500,19500,Shared,Triple,Girls,0,1,1,1,0,1,1,1,Fully Furnished,3.4,144,Available,OWN0186
PG02440,Sunshine Nivas,Gujarat,Mehsana,Modhera Road,"15, Society, Modhera Road, Mehsana",23.6108,72.4431,7500,11000,Dormitory,Dormitory,Boys,1,0,1,0,0,1,1,1,Fully Furnished,4.6,102,Limited,OWN0156
PG02441,Shree Boys Hostel,Gujarat,Mehsana,Radhanpur Road,"183, Marg, Radhanpur Road, Mehsana",23.5825,72.4248,8400,12500,Shared,Double,Boys,0,0,1,1,0,1,1,1,Semi Furnished,4.8,102,Available,OWN0089
PG02442,Ganesh Residency,Gujarat,Mehsana,Modhera Road,"260, Complex, Modhera Road, Mehsana",23.54,72.3964,6300,12500,Dormitory,Dormitory,Coed,1,0,0,1,0,1,1,1,Semi Furnished,3.8,30,Available,OWN0099
PG02443,Royal Comforts,Gujarat,Mehsana,Radhanpur Road,"8, Society, Radhanpur Road, Mehsana",23.5533,72.36,4600,7000,Shared,Triple,Boys,0,1,0,1,0,1,0,1,Semi Furnished,3.8,415,Limited,OWN0137
PG02444,Nirvana Living,Gujarat,Mehsana,Modhera Road,"274, Park, Modhera Road, Mehsana",23.6308,72.3393,8700,26000,Private,Double,Boys,0,1,1,1,0,0,1,1,Semi Furnished,4.9,124,Limited,OWN0013
PG02445,Sai Inn,Gujarat,Mehsana,Radhanpur Road,"316, Nagar, Radhanpur Road, Mehsana",23.5951,72.3685,8700,13000,Private,Double,Boys,1,1,1,1,0,1,1,1,Semi Furnished,4.6,401,Available,OWN0059
PG02446,Serene Nivas,Gujarat,Mehsana,Modhera Road,"372, Society, Modhera Road, Mehsana",23.6665,72.3982,10200,20500,Private,Double,Girls,1,0,1,1,1,1,0,0,Fully Furnished,4.9,82,Available,OWN0044
PG02447,Serene Residency,Gujarat,Nadiad,College Road,"228, Marg, College Road, Nadiad",22.7403,72.8798,9600,14500,Private,Double,Girls,0,1,0,1,0,1,0,1,Fully Furnished,3.8,209,Available,OWN0078
PG02448,Serene Palace,Gujarat,Nadiad,College Road,"145, Colony, College Road, Nadiad",22.7351,72.8536,10900,16500,Private,Single,Girls,0,1,1,1,0,0,1,1,Fully Furnished,4.4,291,Limited,OWN0120
PG02449,Metro Stay,Gujarat,Nadiad,Station Road,"139, Lane, Station Road, Nadiad",22.733,72.8288,6500,19500,Private,Double,Girls,0,1,1,1,0,1,1,0,Semi Furnished,3.0,432,Limited,OWN0115
PG02450,Ganesh Comforts,Gujarat,Nadiad,College Road,"346, Colony, College Road, Nadiad",22.705,72.8203,10900,32500,Shared,Double,Girls,1,1,1,1,1,1,1,0,Semi Furnished,3.3,354,Available,OWN0116
PG02451,Metro Home,Gujarat,Nadiad,Santram Road,"139, Complex, Santram Road, Nadiad",22.6567,72.8901,3400,10000,Dormitory,Dormitory,Girls,0,1,1,1,0,1,0,0,Fully Furnished,3.8,392,Available,OWN0067
PG02452,Modern Living,Gujarat,Nadiad,Santram Road,"20, Nagar, Santram Road, Nadiad",22.6612,72.8015,8000,12000,Private,Double,Girls,0,1,1,1,0,1,1,1,Fully Furnished,4.6,294,Limited,OWN0127
PG02453,Urban PG,Gujarat,Nadiad,Santram Road,"199, Nagar, Santram Road, Nadiad",22.7431,72.8906,9000,13500,Shared,Double,Girls,0,0,0,0,0,0,1,0,Semi Furnished,3.9,11,Available,OWN0194
PG02454,Radha Villa,Gujarat,Nadiad,College Road,"144, Nagar, College Road, Nadiad",22.6926,72.8187,6100,12000,Shared,Double,Girls,0,1,1,1,0,1,0,1,Semi Furnished,2.8,161,Limited,OWN0120
PG02455,Modern Living,Gujarat,Nadiad,Santram Road,"257, Marg, Santram Road, Nadiad",22.7395,72.9074,8600,8500,Shared,Triple,Girls,1,1,1,1,0,0,1,1,Fully Furnished,4.9,447,Available,OWN0182
PG02456,Star Residency,Gujarat,Nadiad,Station Road,"63, Lane, Station Road, Nadiad",22.749,72.8566,3800,7500,Dormitory,Dormitory,Girls,0,1,0,0,0,0,1,1,Fully Furnished,3.3,243,Available,OWN0028
PG02457,Elite Home,Gujarat,Nadiad,College Road,"249, Society, College Road, Nadiad",22.6336,72.9117,12000,18000,Shared,Double,Boys,1,0,1,1,1,1,0,1,Fully Furnished,3.8,13,Available,OWN0138
PG02458,Happy Girls Hostel,Gujarat,Nadiad,Station Road,"143, Society, Station Road, Nadiad",22.7017,72.8243,7800,15500,Dormitory,Dormitory,Boys,1,1,1,1,0,0,1,1,Fully Furnished,3.4,407,Limited,OWN0032
PG02459,Divine Boys Hostel,Gujarat,Nadiad,College Road,"52, Nagar, College Road, Nadiad",22.6932,72.8365,7300,11000,Shared,Double,Boys,0,1,1,0,0,0,1,1,Semi Furnished,3.2,62,Available,OWN0183
PG02460,City Inn,Gujarat,Nadiad,College Road,"32, Complex, College Road, Nadiad",22.6252,72.8263,10400,15500,Private,Single,Girls,0,1,1,1,1,0,1,0,Fully Furnished,3.9,167,Available,OWN0036
PG02461,Metro Comforts,Gujarat,Nadiad,College Road,"317, Complex, College Road, Nadiad",22.6766,72.805,6100,6000,Shared,Double,Girls,0,1,1,0,1,0,1,1,Semi Furnished,4.6,339,Full,OWN0163
PG02462,Blue Heights,Gujarat,Nadiad,Station Road,"365, Road, Station Road, Nadiad",22.7179,72.8091,3900,8000,Shared,Triple,Coed,0,0,1,1,0,1,0,0,Semi Furnished,4.6,112,Limited,OWN0112
PG02463,Ganesh Residency,Gujarat,Nadiad,Santram Road,"41, Road, Santram Road, Nadiad",22.637,72.9214,2500,2500,Dormitory,Dormitory,Coed,0,0,1,1,1,1,1,0,Semi Furnished,4.2,101,Limited,OWN0181
PG02464,Star Girls Hostel,Gujarat,Nadiad,Station Road,"393, Chowk, Station Road, Nadiad",22.6419,72.8885,10200,10000,Shared,Double,Girls,1,0,1,1,0,0,1,1,Semi Furnished,4.7,222,Available,OWN0019
PG02465,Ganesh Living,Gujarat,Nadiad,College Road,"139, Nagar, College Road, Nadiad",22.6352,72.795,6900,20500,Dormitory,Dormitory,Girls,1,1,1,1,0,1,0,1,Fully Furnished,4.7,265,Available,OWN0142
PG02466,Blue Heights,Gujarat,Nadiad,Station Road,"295, Society, Station Road, Nadiad",22.7535,72.9076,9800,19500,Shared,Double,Girls,1,0,1,1,1,0,1,1,Unfurnished,4.3,56,Available,OWN0111
PG02467,Sunshine Retreat,Gujarat,Vapi,Chanod,"277, Road, Chanod, Vapi",20.3919,72.9278,10500,31500,Private,Single,Boys,0,0,1,1,0,1,1,1,Semi Furnished,4.3,436,Available,OWN0149
PG02468,Sunshine Boys Hostel,Gujarat,Vapi,Vapi GIDC,"289, Marg, Vapi GIDC, Vapi",20.3326,72.9559,9900,15000,Private,Double,Boys,0,0,1,1,0,1,1,1,Fully Furnished,4.8,30,Available,OWN0177
PG02469,Divine Inn,Gujarat,Vapi,Chanod,"205, Road, Chanod, Vapi",20.3666,72.9139,6400,13000,Dormitory,Dormitory,Boys,1,1,1,1,0,1,1,1,Fully Furnished,4.9,133,Full,OWN0076
PG02470,Cozy Villa,Gujarat,Vapi,Silvassa Road,"387, Nagar, Silvassa Road, Vapi",20.4023,72.8798,11700,17500,Private,Single,Boys,0,1,1,1,0,0,0,1,Unfurnished,4.6,126,Available,OWN0163
PG02471,Urban House,Gujarat,Vapi,Silvassa Road,"152, Society, Silvassa Road, Vapi",20.3807,72.9752,3100,9500,Dormitory,Dormitory,Girls,0,0,1,1,0,0,1,1,Semi Furnished,4.0,350,Available,OWN0073
PG02472,Sai PG,Gujarat,Vapi,Vapi GIDC,"280, Marg, Vapi GIDC, Vapi",20.4358,72.9115,5100,15500,Dormitory,Dormitory,Boys,0,1,1,0,0,1,1,0,Semi Furnished,3.2,58,Full,OWN0112
PG02473,Krishna Inn,Gujarat,Vapi,Gunjan,"200, Lane, Gunjan, Vapi",20.444,72.9002,14800,29500,Private,Single,Coed,1,1,1,1,0,1,1,0,Fully Furnished,4.6,392,Available,OWN0104
PG02474,Cozy Palace,Gujarat,Vapi,Silvassa Road,"136, Park, Silvassa Road, Vapi",20.4559,72.9679,2900,3000,Dormitory,Dormitory,Boys,0,1,1,1,0,1,1,1,Semi Furnished,4.2,67,Limited,OWN0109
PG02475,Sai Boys Hostel,Gujarat,Vapi,Silvassa Road,"385, Chowk, Silvassa Road, Vapi",20.4456,72.8969,13700,20500,Private,Single,Boys,1,1,1,1,1,1,1,1,Semi Furnished,3.4,304,Limited,OWN0040
PG02476,Vraj Living,Gujarat,Vapi,Chanod,"103, Park, Chanod, Vapi",20.4034,72.8647,2800,4000,Dormitory,Dormitory,Boys,0,0,1,1,0,1,1,1,Semi Furnished,3.7,33,Available,OWN0121
PG02477,Om Boys Hostel,Gujarat,Vapi,Gunjan,"396, Nagar, Gunjan, Vapi",20.3708,72.8802,8000,8000,Dormitory,Dormitory,Boys,1,1,1,0,0,0,0,1,Fully Furnished,4.2,206,Available,OWN0080
PG02478,Vraj Nivas,Gujarat,Vapi,Gunjan,"193, Nagar, Gunjan, Vapi",20.4545,72.9342,10500,16000,Private,Double,Coed,1,0,1,0,0,1,1,1,Fully Furnished,3.1,55,Full,OWN0161
PG02479,Serene House,Gujarat,Vapi,Chanod,"115, Park, Chanod, Vapi",20.3735,72.9733,6100,9000,Dormitory,Dormitory,Boys,1,1,1,1,0,0,0,1,Fully Furnished,3.7,369,Available,OWN0020
PG02480,Ganesh Girls Hostel,Gujarat,Vapi,Silvassa Road,"211, Chowk, Silvassa Road, Vapi",20.4163,72.9447,6200,12500,Dormitory,Dormitory,Girls,0,1,1,1,0,0,0,0,Fully Furnished,4.6,178,Limited,OWN0045
PG02481,Metro Comforts,Gujarat,Vapi,Silvassa Road,"305, Complex, Silvassa Road, Vapi",20.3831,72.8785,11000,16500,Shared,Double,Girls,1,1,1,1,0,1,1,1,Fully Furnished,3.9,394,Available,OWN0004
PG02482,Zenith Stay,Maharashtra,Amravati,Camp Area,"384, Complex, Camp Area, Amravati",20.9165,77.8166,4700,14000,Dormitory,Dormitory,Boys,1,1,0,1,0,1,1,1,Semi Furnished,4.3,162,Full,OWN0141
PG02483,Krishna Girls Hostel,Maharashtra,Amravati,Rajapeth,"380, Complex, Rajapeth, Amravati",20.8763,77.8275,5300,16000,Private,Double,Coed,0,1,1,0,0,1,1,1,Unfurnished,4.2,350,Available,OWN0001
PG02484,Star Retreat,Maharashtra,Amravati,Gadge Nagar,"146, Marg, Gadge Nagar, Amravati",20.9163,77.7899,11500,34500,Private,Single,Boys,0,1,1,1,0,1,1,0,Semi Furnished,3.6,367,Full,OWN0185
PG02485,Sunshine Living,Maharashtra,Amravati,Camp Area,"391, Lane, Camp Area, Amravati",20.9376,77.7189,11700,11500,Private,Single,Girls,0,1,1,0,0,1,0,1,Semi Furnished,3.6,381,Available,OWN0052
PG02486,Divine Heights,Maharashtra,Amravati,Rajapeth,"303, Chowk, Rajapeth, Amravati",20.8859,77.7201,8300,8500,Private,Double,Girls,0,1,1,1,0,1,1,1,Fully Furnished,3.7,430,Available,OWN0150
PG02487,Golden Palace,Maharashtra,Amravati,Gadge Nagar,"236, Lane, Gadge Nagar, Amravati",20.8949,77.8392,5900,6000,Dormitory,Dormitory,Girls,1,1,1,1,0,1,0,1,Fully Furnished,4.7,129,Available,OWN0031
PG02488,Elite Rooms,Maharashtra,Amravati,Gadge Nagar,"103, Chowk, Gadge Nagar, Amravati",20.9241,77.7269,11900,12000,Private,Single,Boys,0,1,1,1,0,1,1,0,Fully Furnished,3.6,100,Available,OWN0116
PG02489,Nirvana House,Maharashtra,Amravati,Camp Area,"18, Society, Camp Area, Amravati",21.005,77.7614,9500,9500,Private,Double,Coed,1,1,1,1,0,0,1,1,Unfurnished,4.0,228,Available,OWN0068
PG02490,Zenith Retreat,Maharashtra,Amravati,Camp Area,"301, Lane, Camp Area, Amravati",20.9063,77.843,6400,6500,Dormitory,Dormitory,Coed,0,1,0,1,0,0,1,1,Fully Furnished,4.5,349,Available,OWN0063
PG02491,Sunshine PG,Maharashtra,Amravati,Rajapeth,"36, Society, Rajapeth, Amravati",20.894,77.7415,12500,19000,Private,Single,Girls,1,1,0,1,0,0,1,1,Semi Furnished,2.9,79,Available,OWN0157
PG02492,City Home,Maharashtra,Nanded,Vazirabad,"141, Society, Vazirabad, Nanded",19.1092,77.3832,10700,21500,Private,Single,Girls,0,1,1,1,1,0,0,1,Semi Furnished,4.0,124,Available,OWN0191
PG02493,Radha Boys Hostel,Maharashtra,Nanded,Vazirabad,"248, Park, Vazirabad, Nanded",19.1988,77.3069,12400,25000,Private,Single,Boys,1,1,1,1,0,1,1,0,Semi Furnished,2.8,270,Full,OWN0096
PG02494,Happy Living,Maharashtra,Nanded,Nanded GIDC,"137, Chowk, Nanded GIDC, Nanded",19.1776,77.2865,7300,14500,Shared,Triple,Girls,0,1,1,1,0,1,1,1,Fully Furnished,4.4,307,Available,OWN0002
PG02495,Modern Girls Hostel,Maharashtra,Nanded,VIP Road,"26, Marg, VIP Road, Nanded",19.0723,77.3512,12600,25000,Private,Single,Coed,1,0,1,0,0,1,0,1,Fully Furnished,3.2,25,Available,OWN0062
PG02496,New Retreat,Maharashtra,Nanded,Nanded GIDC,"150, Marg, Nanded GIDC, Nanded",19.1911,77.3329,4600,4500,Dormitory,Dormitory,Girls,0,1,1,1,1,0,1,0,Fully Furnished,4.9,357,Available,OWN0129
PG02497,Silver House,Maharashtra,Nanded,VIP Road,"334, Marg, VIP Road, Nanded",19.077,77.3392,6500,6500,Shared,Triple,Boys,0,1,1,1,0,1,1,1,Fully Furnished,4.2,298,Available,OWN0199
PG02498,Krishna Nivas,Maharashtra,Nanded,VIP Road,"200, Marg, VIP Road, Nanded",19.1243,77.3352,7600,7500,Private,Double,Boys,0,0,1,1,1,1,1,1,Fully Furnished,2.9,210,Available,OWN0034
PG02499,Sunshine Comforts,Maharashtra,Nanded,Nanded GIDC,"217, Lane, Nanded GIDC, Nanded",19.1988,77.2555,4600,7000,Dormitory,Dormitory,Boys,0,1,0,1,0,0,1,1,Fully Furnished,3.7,403,Available,OWN0038
PG02500,Royal Rooms,Maharashtra,Nanded,VIP Road,"142, Chowk, VIP Road, Nanded",19.1469,77.2625,5200,8000,Shared,Triple,Girls,0,0,1,1,0,1,1,1,Fully Furnished,3.9,219,Full,OWN0137
PG02501,Modern Villa,Maharashtra,Nanded,VIP Road,"113, Colony, VIP Road, Nanded",19.0836,77.3033,12400,37000,Private,Single,Boys,0,1,1,1,0,0,0,1,Fully Furnished,4.8,281,Limited,OWN0184
